TRD, 0.428571, 288
TRD, 30.285714, 112
TRD, 30.428571, 111
TRD, 30.857143, 100
TRD, 31.142857, 100
TRD, 31.285714, 175
TRD, 32.285714, 225
TRD, 32.714286, 110
TRD, 35.571429, 98
TRD, 36.142857, 125
TRD, 37.142857, 128
TRD, 60.285714, 80
TRD, 60.428571, 147
TRD, 60.571429, 182
TRD, 62.428571, 474
TRD, 90.571429, 350
TRD, 90.857143, 137
TRD, 92.285714, 100
TRD, 92.571429, 133
TRD, 93.285714, 321
TRD, 121.000000, 101
TRD, 121.428571, 100
TRD, 121.714286, 173
TRD, 151.142857, 100
TRD, 151.285714, 101
TRD, 151.857143, 144
TRD, 152.857143, 118
TRD, 153.285714, 296
TRD, 155.857143, 179
TRD, 156.857143, 130
TRD, 157.285714, 212
TRD, 181.428571, 137
TRD, 182.285714, 101
TRD, 182.714286, 100
TRD, 184.142857, 313
TRD, 184.285714, 344
TRD, 212.285714, 255
TRD, 212.571429, 101
TRD, 242.428571, 382
TRD, 242.571429, 101
TRD, 272.142857, 193
TRD, 272.714286, 190
TRD, 273.285714, 257
TRD, 274.285714, 101
TRD, 275.000000, 199
TRD, 275.142857, 100
TRD, 275.285714, 269
TRD, 275.571429, 146
TRD, 275.714286, 408
TRD, 276.000000, 100
TRD, 276.714286, 331
TRD, 277.000000, 159
TRD, 302.714286, 370
TRD, 303.857143, 396
TRD, 304.000000, 339
TRD, 304.571429, 417
TRD, 305.000000, 357
TRD, 305.428571, 147
TRD, 307.285714, 130
TRD, 332.714286, 101
TRD, 333.000000, 100
TRD, 333.142857, 100
TRD, 333.714286, 100
TRD, 334.142857, 258
TRD, 334.571429, 85
TRD, 335.285714, 65
TRD, 335.428571, 101
TRD, 336.714286, 338
TRD, 338.285714, 393
TRD, 339.000000, 255
TRD, 339.285714, 105
TRD, 340.714286, 390
TRD, 362.714286, 106
TRD, 363.428571, 100
TRD, 363.571429, 101
TRD, 364.142857, 212
TRD, 393.000000, 211
TRD, 393.285714, 101
TRD, 394.285714, 208
TRD, 395.142857, 233
TRD, 397.571429, 100
TRD, 398.714286, 100
TRD, 399.428571, 354
TRD, 423.000000, 297
TRD, 423.142857, 233
TRD, 424.000000, 345
TRD, 424.142857, 199
TRD, 453.571429, 448
TRD, 453.857143, 246
TRD, 456.714286, 197
TRD, 459.000000, 430
TRD, 459.428571, 101
TRD, 460.285714, 100
TRD, 460.857143, 252
TRD, 461.714286, 366
TRD, 462.142857, 253
TRD, 483.142857, 100
TRD, 483.857143, 100
TRD, 484.000000, 101
TRD, 485.714286, 332
TRD, 513.285714, 289
TRD, 514.000000, 101
TRD, 514.428571, 282
TRD, 515.571429, 101
TRD, 516.428571, 179
TRD, 516.857143, 278
TRD, 518.571429, 316
TRD, 543.714286, 153
TRD, 544.000000, 142
TRD, 544.142857, 306
TRD, 547.000000, 162
TRD, 574.285714, 101
TRD, 574.857143, 100
TRD, 575.428571, 101
TRD, 575.571429, 423
TRD, 576.000000, 100
TRD, 604.285714, 100
TRD, 604.428571, 103
TRD, 604.714286, 101
TRD, 604.857143, 78
TRD, 605.285714, 103
TRD, 605.714286, 196
TRD, 606.571429, 139
TRD, 606.857143, 177
TRD, 607.285714, 197
TRD, 607.571429, 246
TRD, 634.571429, 392
TRD, 634.714286, 137
TRD, 635.000000, 100
TRD, 636.571429, 210
TRD, 637.714286, 151
TRD, 639.857143, 327
TRD, 640.428571, 158
TRD, 641.285714, 135
TRD, 665.285714, 101
TRD, 666.571429, 100
TRD, 695.000000, 100
TRD, 695.714286, 101
TRD, 696.000000, 101
TRD, 696.428571, 162
TRD, 696.571429, 212
TRD, 697.571429, 324
TRD, 699.000000, 251
TRD, 699.571429, 197
TRD, 699.714286, 325
TRD, 701.000000, 356
TRD, 701.857143, 321
TRD, 702.285714, 361
TRD, 725.571429, 376
TRD, 725.714286, 198
TRD, 725.857143, 176
TRD, 726.857143, 399
TRD, 727.000000, 248
TRD, 727.428571, 101
TRD, 727.571429, 422
TRD, 728.285714, 222
TRD, 728.857143, 266
TRD, 729.285714, 205
TRD, 730.857143, 385
TRD, 755.571429, 236
TRD, 755.714286, 170
TRD, 755.857143, 100
TRD, 785.857143, 344
TRD, 786.142857, 268
TRD, 787.000000, 147
TRD, 788.428571, 101
TRD, 788.571429, 199
TRD, 788.714286, 222
TRD, 816.142857, 149
TRD, 816.428571, 102
TRD, 816.571429, 286
TRD, 817.000000, 101
TRD, 817.857143, 266
TRD, 818.857143, 136
TRD, 821.000000, 193
TRD, 822.142857, 257
TRD, 846.428571, 339
TRD, 846.571429, 264
TRD, 846.857143, 134
TRD, 849.285714, 190
TRD, 849.571429, 283
TRD, 877.285714, 101
TRD, 877.428571, 387
TRD, 878.571429, 315
TRD, 878.714286, 100
TRD, 879.714286, 252
TRD, 880.714286, 202
TRD, 881.000000, 235
TRD, 907.000000, 100
TRD, 907.285714, 101
TRD, 907.428571, 186
TRD, 937.428571, 101
TRD, 938.000000, 118
TRD, 938.714286, 100
TRD, 939.571429, 209
TRD, 967.714286, 191
TRD, 968.000000, 163
TRD, 968.857143, 193
TRD, 969.714286, 227
TRD, 969.857143, 146
TRD, 970.142857, 240
TRD, 970.285714, 312
TRD, 971.000000, 100
TRD, 971.714286, 49
TRD, 972.428571, 188
TRD, 973.714286, 292
TRD, 974.000000, 189
TRD, 975.714286, 325
TRD, 998.714286, 164
TRD, 998.857143, 101
TRD, 999.142857, 258
TRD, 1028.285714, 101
TRD, 1028.714286, 101
TRD, 1029.428571, 238
TRD, 1029.571429, 100
TRD, 1030.000000, 100
TRD, 1030.571429, 202
TRD, 1033.285714, 166
TRD, 1034.428571, 303
TRD, 1034.857143, 314
TRD, 1035.142857, 194
TRD, 1035.857143, 321
TRD, 1036.142857, 93
TRD, 1037.285714, 312
TRD, 1058.857143, 126
TRD, 1059.000000, 101
TRD, 1059.142857, 318
TRD, 1059.857143, 322
TRD, 1060.428571, 428
TRD, 1061.142857, 107
TRD, 1061.571429, 285
TRD, 1061.714286, 174
TRD, 1062.285714, 443
TRD, 1063.000000, 212
TRD, 1063.857143, 269
TRD, 1064.428571, 402
TRD, 1088.714286, 236
TRD, 1088.857143, 191
TRD, 1089.285714, 376
TRD, 1090.000000, 417
TRD, 1090.285714, 318
TRD, 1091.285714, 100
TRD, 1091.857143, 167
TRD, 1092.571429, 351
TRD, 1093.571429, 168
TRD, 1094.142857, 388
TRD, 1094.285714, 232
TRD, 1094.428571, 158
TRD, 1094.714286, 100
TRD, 1095.142857, 89
TRD, 1095.571429, 57
TRD, 1098.142857, 244
TRD, 1119.428571, 100
TRD, 1119.857143, 100
TRD, 1120.000000, 101
TRD, 1120.571429, 249
TRD, 1149.428571, 329
TRD, 1149.857143, 176
TRD, 1150.000000, 245
TRD, 1150.428571, 100
TRD, 1150.857143, 100
TRD, 1151.428571, 101
TRD, 1151.571429, 171
TRD, 1151.857143, 274
TRD, 1154.142857, 250
TRD, 1155.857143, 173
TRD, 1179.857143, 234
TRD, 1180.000000, 208
TRD, 1180.142857, 100
TRD, 1180.857143, 256
TRD, 1182.857143, 118
TRD, 1210.142857, 100
TRD, 1211.000000, 100
TRD, 1211.714286, 101
TRD, 1212.000000, 142
TRD, 1212.285714, 181
TRD, 1213.142857, 232
TRD, 1214.142857, 249
TRD, 1216.857143, 151
TRD, 1240.428571, 101
TRD, 1241.000000, 100
TRD, 1241.571429, 101
TRD, 1243.000000, 100
TRD, 1270.857143, 100
TRD, 1271.714286, 101
TRD, 1271.857143, 100
TRD, 1272.142857, 241
TRD, 1273.142857, 108
TRD, 1273.285714, 342
TRD, 1274.142857, 181
TRD, 1275.142857, 364
TRD, 1275.428571, 445
TRD, 1276.571429, 188
TRD, 1277.142857, 209
TRD, 1280.571429, 218
TRD, 1281.285714, 101
TRD, 1302.142857, 100
TRD, 1302.428571, 100
TRD, 1303.000000, 101
TRD, 1303.285714, 93
TRD, 1303.857143, 254
TRD, 1331.000000, 121
TRD, 1331.857143, 101
TRD, 1332.000000, 100
TRD, 1332.142857, 391
TRD, 1332.428571, 401
TRD, 1332.714286, 309
TRD, 1334.000000, 268
TRD, 1334.285714, 255
TRD, 1334.428571, 204
TRD, 1334.857143, 344
TRD, 1335.285714, 256
TRD, 1361.285714, 252
TRD, 1361.571429, 163
TRD, 1362.571429, 110
TRD, 1363.142857, 383
TRD, 1365.000000, 221
TRD, 1365.571429, 447
TRD, 1366.000000, 215
TRD, 1368.714286, 242
TRD, 1369.000000, 263
TRD, 1391.571429, 258
TRD, 1392.428571, 101
TRD, 1393.571429, 100
TRD, 1394.285714, 146
TRD, 1394.714286, 100
TRD, 1395.857143, 244
TRD, 1397.428571, 332
TRD, 1397.571429, 341
TRD, 1397.714286, 223
TRD, 1398.571429, 77
TRD, 1398.714286, 152
TRD, 1398.857143, 62
TRD, 1399.285714, 182
TRD, 1399.714286, 92
TRD, 1422.142857, 100
TRD, 1422.285714, 161
TRD, 1422.571429, 100
TRD, 1423.714286, 68
TRD, 1424.142857, 99
TRD, 1424.857143, 103
TRD, 1426.857143, 408
TRD, 1452.285714, 317
TRD, 1452.571429, 267
TRD, 1455.142857, 267
TRD, 1456.000000, 250
TRD, 1482.571429, 180
TRD, 1482.714286, 294
TRD, 1483.142857, 385
TRD, 1483.285714, 431
TRD, 1484.000000, 425
TRD, 1484.857143, 206
TRD, 1485.428571, 101
TRD, 1486.285714, 100
TRD, 1512.857143, 158
TRD, 1513.000000, 196
TRD, 1513.428571, 101
TRD, 1514.285714, 120
TRD, 1515.142857, 349
TRD, 1517.857143, 382
TRD, 1543.142857, 283
TRD, 1543.428571, 101
TRD, 1573.571429, 101
TRD, 1573.714286, 349
TRD, 1574.142857, 282
TRD, 1574.428571, 100
TRD, 1574.571429, 228
TRD, 1604.142857, 100
TRD, 1604.428571, 100
TRD, 1605.000000, 101
TRD, 1606.428571, 142
TRD, 1634.000000, 101
TRD, 1634.285714, 101
TRD, 1634.857143, 100
TRD, 1635.428571, 76
TRD, 1636.857143, 129
TRD, 1664.285714, 101
TRD, 1664.428571, 155
TRD, 1667.000000, 101
TRD, 1667.571429, 196
TRD, 1668.142857, 134
TRD, 1670.285714, 102
TRD, 1694.714286, 100
TRD, 1695.000000, 101
TRD, 1695.428571, 261
TRD, 1695.714286, 310
TRD, 1696.714286, 100
TRD, 1724.857143, 100
TRD, 1725.285714, 101
TRD, 1725.571429, 340
TRD, 1726.000000, 186
TRD, 1726.285714, 100
TRD, 1726.571429, 384
TRD, 1727.571429, 183
TRD, 1728.285714, 304
TRD, 1755.000000, 124
TRD, 1755.142857, 101
TRD, 1755.714286, 273
TRD, 1758.142857, 194
TRD, 1785.428571, 271
TRD, 1785.714286, 101
TRD, 1786.571429, 211
TRD, 1786.714286, 101
TRD, 1787.857143, 241
TRD, 1788.142857, 100
TRD, 1815.857143, 100
TRD, 1816.000000, 101
TRD, 1816.428571, 100
TRD, 1818.428571, 383
TRD, 1820.428571, 215
TRD, 1845.857143, 293
TRD, 1846.000000, 357
TRD, 1847.000000, 278
TRD, 1847.142857, 246
TRD, 1848.000000, 170
TRD, 1849.285714, 322
TRD, 1851.285714, 125
TRD, 1876.285714, 101
TRD, 1877.571429, 100
TRD, 1906.428571, 101
TRD, 1906.571429, 100
TRD, 1907.285714, 100
TRD, 1937.142857, 101
TRD, 1937.285714, 100
TRD, 1937.714286, 59
TRD, 1937.857143, 210
TRD, 1940.000000, 100
TRD, 1940.571429, 101
TRD, 1940.857143, 146
TRD, 1941.714286, 115
TRD, 1942.285714, 180
TRD, 1942.714286, 45
TRD, 1942.857143, 220
TRD, 1943.857143, 158
TRD, 1967.142857, 100
TRD, 1968.000000, 138
TRD, 1968.571429, 101
TRD, 1997.285714, 102
TRD, 1997.714286, 136
TRD, 1998.000000, 139
TRD, 1998.285714, 101
TRD, 1998.571429, 263
TRD, 2000.571429, 268
TRD, 2028.000000, 109
TRD, 2028.714286, 100
TRD, 2029.000000, 101
TRD, 2029.285714, 363
TRD, 2030.857143, 102
TRD, 2058.142857, 101
TRD, 2058.428571, 130
TRD, 2059.000000, 100
TRD, 2059.571429, 232
TRD, 2060.000000, 171
TRD, 2060.428571, 354
TRD, 2060.857143, 288
TRD, 2088.285714, 155
TRD, 2088.428571, 425
TRD, 2089.428571, 101
TRD, 2090.285714, 116
TRD, 2093.571429, 194
TRD, 2118.142857, 101
TRD, 2119.000000, 101
TRD, 2120.285714, 219
TRD, 2120.714286, 150
TRD, 2123.142857, 228
TRD, 2148.142857, 178
TRD, 2150.000000, 101
TRD, 2151.000000, 180
TRD, 2152.000000, 297
TRD, 2152.142857, 122
TRD, 2178.428571, 100
TRD, 2178.571429, 101
TRD, 2178.714286, 172
TRD, 2179.428571, 253
TRD, 2208.428571, 102
TRD, 2209.000000, 101
TRD, 2209.571429, 100
TRD, 2210.285714, 134
TRD, 2211.428571, 164
TRD, 2211.714286, 158
TRD, 2212.000000, 100
TRD, 2212.142857, 211
TRD, 2212.285714, 218
TRD, 2238.571429, 400
TRD, 2238.714286, 411
TRD, 2240.571429, 336
TRD, 2241.571429, 205
TRD, 2243.142857, 268
TRD, 2268.857143, 193
TRD, 2269.142857, 101
TRD, 2271.000000, 100
TRD, 2271.857143, 101
TRD, 2272.285714, 100
TRD, 2272.714286, 169
TRD, 2298.857143, 228
TRD, 2299.142857, 101
TRD, 2300.571429, 100
TRD, 2300.714286, 172
TRD, 2329.285714, 100
TRD, 2329.714286, 100
TRD, 2359.142857, 100
TRD, 2359.285714, 101
TRD, 2359.857143, 100
TRD, 2360.714286, 320
TRD, 2361.285714, 121
TRD, 2389.714286, 122
TRD, 2390.428571, 101
TRD, 2390.857143, 285
TRD, 2391.000000, 235
TRD, 2391.571429, 129
TRD, 2392.000000, 100
TRD, 2395.571429, 170
TRD, 2419.428571, 114
TRD, 2420.000000, 175
TRD, 2420.714286, 164
TRD, 2420.857143, 100
TRD, 2421.285714, 244
TRD, 2449.571429, 158
TRD, 2449.714286, 100
TRD, 2450.000000, 321
TRD, 2450.142857, 345
TRD, 2450.571429, 9
TRD, 2451.285714, 295
TRD, 2451.428571, 393
TRD, 2451.857143, 405
TRD, 2452.428571, 385
TRD, 2454.857143, 334
TRD, 2455.428571, 294
TRD, 2480.428571, 395
TRD, 2480.714286, 419
TRD, 2481.285714, 277
TRD, 2482.714286, 179
TRD, 2485.000000, 253
TRD, 2489.714286, 368
TRD, 2510.142857, 160
TRD, 2510.714286, 101
TRD, 2512.000000, 107
TRD, 2540.428571, 101
TRD, 2541.000000, 100
TRD, 2542.000000, 286
TRD, 2542.285714, 100
TRD, 2570.142857, 163
TRD, 2570.428571, 101
TRD, 2570.714286, 181
TRD, 2572.571429, 120
TRD, 2573.714286, 159
TRD, 2575.142857, 301
TRD, 2600.428571, 101
TRD, 2600.857143, 165
TRD, 2601.571429, 127
TRD, 2601.714286, 157
TRD, 2602.571429, 329
TRD, 2603.000000, 100
TRD, 2603.142857, 374
TRD, 2604.428571, 164
TRD, 2604.857143, 349
TRD, 2605.857143, 106
TRD, 2606.285714, 379
TRD, 2606.571429, 91
TRD, 2608.142857, 452
TRD, 2608.285714, 319
TRD, 2630.714286, 419
TRD, 2631.000000, 213
TRD, 2631.142857, 100
TRD, 2635.714286, 145
TRD, 2660.571429, 100
TRD, 2661.571429, 107
TRD, 2662.000000, 231
TRD, 2663.285714, 101
TRD, 2663.428571, 100
TRD, 2691.000000, 99
TRD, 2691.571429, 100
TRD, 2691.714286, 150
TRD, 2692.142857, 164
TRD, 2692.571429, 101
TRD, 2692.857143, 164
TRD, 2693.142857, 152
TRD, 2694.428571, 190
TRD, 2696.285714, 231
TRD, 2696.857143, 391
TRD, 2698.571429, 304
TRD, 2721.000000, 205
TRD, 2721.285714, 156
TRD, 2723.142857, 117
TRD, 2751.000000, 101
TRD, 2751.142857, 100
TRD, 2751.857143, 103
TRD, 2752.571429, 185
TRD, 2753.000000, 112
TRD, 2753.285714, 406
TRD, 2753.714286, 256
TRD, 2753.857143, 427
TRD, 2754.571429, 288
TRD, 2754.714286, 408
TRD, 2755.857143, 196
TRD, 2756.000000, 50
TRD, 2757.285714, 234
TRD, 2757.428571, 335
TRD, 2781.857143, 100
TRD, 2782.571429, 100
TRD, 2783.571429, 80
TRD, 2783.714286, 101
TRD, 2784.571429, 156
TRD, 2785.000000, 101
TRD, 2790.142857, 358
TRD, 2811.428571, 217
TRD, 2811.571429, 100
TRD, 2812.571429, 341
TRD, 2812.857143, 484
TRD, 2813.142857, 101
TRD, 2813.428571, 100
TRD, 2814.000000, 154
TRD, 2841.714286, 269
TRD, 2842.000000, 119
TRD, 2842.857143, 101
TRD, 2843.571429, 131
TRD, 2871.571429, 100
TRD, 2872.142857, 100
TRD, 2872.571429, 101
TRD, 2873.428571, 179
TRD, 2874.857143, 129
TRD, 2875.000000, 187
TRD, 2875.714286, 188
TRD, 2875.857143, 446
TRD, 2877.000000, 294
TRD, 2901.714286, 102
TRD, 2902.571429, 101
TRD, 2902.714286, 100
TRD, 2903.142857, 100
TRD, 2904.285714, 100
TRD, 2904.857143, 178
TRD, 2932.428571, 101
TRD, 2932.857143, 142
TRD, 2933.428571, 100
TRD, 2934.000000, 137
TRD, 2934.285714, 100
TRD, 2934.714286, 170
TRD, 2935.428571, 101
TRD, 2936.000000, 311
TRD, 2936.142857, 202
TRD, 2937.428571, 215
TRD, 2962.000000, 145
TRD, 2962.285714, 102
TRD, 2963.142857, 101
TRD, 2964.428571, 335
TRD, 2964.714286, 255
TRD, 2968.285714, 337
TRD, 2992.285714, 169
TRD, 2993.857143, 101
TRD, 2994.857143, 186
TRD, 3022.285714, 299
TRD, 3022.714286, 101
TRD, 3025.428571, 269
TRD, 3052.857143, 231
TRD, 3053.000000, 101
TRD, 3053.714286, 342
TRD, 3083.000000, 378
TRD, 3083.285714, 339
TRD, 3083.571429, 101
TRD, 3084.142857, 369
TRD, 3084.428571, 407
TRD, 3084.571429, 102
TRD, 3085.000000, 308
TRD, 3087.571429, 161
TRD, 3088.714286, 121
TRD, 3113.000000, 165
TRD, 3113.285714, 101
TRD, 3113.428571, 257
TRD, 3113.571429, 100
TRD, 3113.714286, 272
TRD, 3114.857143, 497
TRD, 3115.857143, 413
TRD, 3117.000000, 279
TRD, 3117.714286, 330
TRD, 3118.714286, 203
TRD, 3119.428571, 399
TRD, 3143.000000, 282
TRD, 3143.714286, 124
TRD, 3174.142857, 209
TRD, 3174.285714, 101
TRD, 3175.000000, 315
TRD, 3203.142857, 100
TRD, 3203.428571, 308
TRD, 3203.857143, 450
TRD, 3233.285714, 294
TRD, 3233.428571, 279
TRD, 3234.285714, 429
TRD, 3234.857143, 349
TRD, 3263.571429, 253
TRD, 3264.142857, 357
TRD, 3264.428571, 310
TRD, 3266.428571, 206
TRD, 3293.714286, 189
TRD, 3294.142857, 140
TRD, 3323.857143, 167
TRD, 3324.000000, 101
TRD, 3324.428571, 100
TRD, 3325.285714, 447
TRD, 3325.714286, 399
TRD, 3354.000000, 296
TRD, 3354.285714, 245
TRD, 3355.285714, 101
TRD, 3356.142857, 114
TRD, 3357.714286, 134
TRD, 3358.285714, 189
TRD, 3384.142857, 101
TRD, 3384.571429, 163
TRD, 3385.000000, 272
TRD, 3385.142857, 100
TRD, 3385.428571, 100
TRD, 3386.571429, 102
TRD, 3387.142857, 196
TRD, 3387.857143, 246
TRD, 3414.428571, 100
TRD, 3415.428571, 100
TRD, 3415.571429, 101
TRD, 3415.714286, 224
TRD, 3444.285714, 100
TRD, 3444.714286, 101
TRD, 3445.142857, 100
TRD, 3474.857143, 100
TRD, 3475.285714, 101
TRD, 3475.571429, 100
TRD, 3475.714286, 107
TRD, 3476.571429, 237
TRD, 3479.000000, 347
TRD, 3504.571429, 344
TRD, 3504.857143, 189
TRD, 3505.714286, 414
TRD, 3506.142857, 159
TRD, 3507.571429, 304
TRD, 3535.000000, 130
TRD, 3536.142857, 186
TRD, 3565.285714, 195
TRD, 3565.428571, 122
TRD, 3595.857143, 101
TRD, 3596.714286, 101
TRD, 3597.142857, 288
TRD, 3597.428571, 102
TRD, 3597.571429, 100
TRD, 3597.857143, 226
TRD, 3598.000000, 364
TRD, 3598.428571, 477
TRD, 3598.714286, 342
TRD, 3599.285714, 491
TRD, 3600.571429, 260
TRD, 3602.571429, 321
TRD, 3603.285714, 105
TRD, 3603.571429, 100
TRD, 3604.142857, 292
TRD, 3605.857143, 399
TRD, 3606.285714, 367
TRD, 3625.142857, 292
TRD, 3625.714286, 100
TRD, 3626.000000, 101
TRD, 3628.714286, 298
TRD, 3655.285714, 275
TRD, 3656.142857, 102
TRD, 3656.285714, 101
TRD, 3656.714286, 318
TRD, 3657.142857, 411
TRD, 3657.571429, 100
TRD, 3660.142857, 188
TRD, 3685.857143, 368
TRD, 3686.571429, 226
TRD, 3715.571429, 166
TRD, 3715.714286, 137
TRD, 3716.285714, 399
TRD, 3718.428571, 101
TRD, 3718.857143, 117
TRD, 3719.857143, 100
TRD, 3720.857143, 204
TRD, 3721.285714, 404
TRD, 3721.857143, 100
TRD, 3722.000000, 67
TRD, 3722.142857, 424
TRD, 3722.428571, 362
TRD, 3725.428571, 124
TRD, 3726.000000, 130
TRD, 3727.571429, 131
TRD, 3746.285714, 101
TRD, 3746.857143, 100
TRD, 3747.571429, 100
TRD, 3776.000000, 100
TRD, 3778.857143, 100
TRD, 3779.428571, 101
TRD, 3779.571429, 100
TRD, 3780.428571, 67
TRD, 3806.142857, 100
TRD, 3806.571429, 101
TRD, 3807.428571, 103
TRD, 3809.857143, 226
TRD, 3836.142857, 100
TRD, 3836.571429, 100
TRD, 3837.000000, 252
TRD, 3838.714286, 101
TRD, 3866.285714, 104
TRD, 3867.428571, 272
TRD, 3868.142857, 101
TRD, 3868.714286, 138
TRD, 3869.142857, 126
TRD, 3896.714286, 100
TRD, 3897.000000, 101
TRD, 3897.285714, 100
TRD, 3897.714286, 271
TRD, 3926.571429, 319
TRD, 3926.857143, 363
TRD, 3927.000000, 208
TRD, 3928.142857, 317
TRD, 3956.714286, 284
TRD, 3957.000000, 101
TRD, 3957.142857, 100
TRD, 3957.285714, 100
TRD, 3959.000000, 230
TRD, 3959.142857, 186
TRD, 3960.000000, 183
TRD, 3986.857143, 183
TRD, 3987.571429, 123
TRD, 3987.714286, 225
TRD, 3988.000000, 251
TRD, 3988.285714, 100
TRD, 3991.142857, 255
TRD, 3994.285714, 375
TRD, 4017.000000, 101
TRD, 4017.571429, 100
TRD, 4018.285714, 210
TRD, 4018.571429, 100
TRD, 4019.000000, 36
TRD, 4047.285714, 40
TRD, 4048.000000, 100
TRD, 4048.428571, 100
TRD, 4048.571429, 82
TRD, 4049.285714, 51
TRD, 4049.714286, 275
TRD, 4050.285714, 354
TRD, 4077.714286, 100
TRD, 4078.285714, 100
TRD, 4078.428571, 101
TRD, 4078.857143, 102
TRD, 4079.857143, 164
TRD, 4107.571429, 100
TRD, 4108.142857, 101
TRD, 4108.285714, 100
TRD, 4108.428571, 131
TRD, 4108.857143, 89
TRD, 4110.428571, 36
TRD, 4137.857143, 100
TRD, 4138.142857, 100
TRD, 4138.857143, 101
TRD, 4139.000000, 257
TRD, 4142.285714, 262
TRD, 4143.285714, 186
TRD, 4168.857143, 101
TRD, 4169.000000, 100
TRD, 4169.285714, 257
TRD, 4169.428571, 100
TRD, 4198.714286, 101
TRD, 4199.285714, 100
TRD, 4229.142857, 101
TRD, 4229.428571, 120
TRD, 4229.714286, 351
TRD, 4230.285714, 243
TRD, 4230.857143, 161
TRD, 4232.285714, 108
TRD, 4232.428571, 131
TRD, 4232.714286, 100
TRD, 4236.571429, 108
TRD, 4237.142857, 211
TRD, 4237.428571, 100
TRD, 4239.285714, 192
TRD, 4259.142857, 100
TRD, 4259.714286, 100
TRD, 4262.857143, 101
TRD, 4263.285714, 155
TRD, 4263.714286, 278
TRD, 4265.714286, 127
TRD, 4289.428571, 173
TRD, 4290.285714, 177
TRD, 4290.571429, 154
TRD, 4292.000000, 310
TRD, 4319.571429, 303
TRD, 4320.285714, 101
TRD, 4350.000000, 237
TRD, 4350.285714, 165
TRD, 4352.428571, 142
TRD, 4380.000000, 101
TRD, 4380.428571, 215
TRD, 4380.571429, 359
TRD, 4381.000000, 100
TRD, 4381.285714, 149
TRD, 4381.714286, 208
TRD, 4382.000000, 313
TRD, 4382.285714, 490
TRD, 4383.428571, 231
TRD, 4383.857143, 232
TRD, 4384.428571, 307
TRD, 4385.285714, 338
TRD, 4410.285714, 213
TRD, 4411.428571, 198
TRD, 4412.000000, 101
TRD, 4413.142857, 193
TRD, 4440.857143, 101
TRD, 4441.000000, 100
TRD, 4441.142857, 114
TRD, 4441.857143, 152
TRD, 4442.714286, 219
TRD, 4443.000000, 173
TRD, 4443.285714, 333
TRD, 4443.571429, 372
TRD, 4443.857143, 243
TRD, 4444.142857, 230
TRD, 4444.571429, 293
TRD, 4445.285714, 127
TRD, 4446.000000, 62
TRD, 4471.142857, 100
TRD, 4471.857143, 101
TRD, 4472.000000, 116
TRD, 4472.142857, 100
TRD, 4472.714286, 251
TRD, 4472.857143, 201
TRD, 4473.285714, 351
TRD, 4473.571429, 176
TRD, 4473.714286, 355
TRD, 4474.000000, 154
TRD, 4474.285714, 391
TRD, 4474.857143, 22
TRD, 4476.428571, 307
TRD, 4501.571429, 100
TRD, 4502.714286, 101
TRD, 4503.000000, 100
TRD, 4504.142857, 323
TRD, 4506.142857, 101
TRD, 4506.571429, 100
TRD, 4507.285714, 272
TRD, 4508.142857, 96
TRD, 4508.571429, 152
TRD, 4508.714286, 339
TRD, 4508.857143, 64
TRD, 4509.571429, 181
TRD, 4511.428571, 348
TRD, 4512.857143, 217
TRD, 4513.000000, 35
TRD, 4515.000000, 356
TRD, 4515.285714, 349
TRD, 4518.571429, 170
TRD, 4518.714286, 298
TRD, 4520.000000, 431
TRD, 4520.571429, 289
TRD, 4523.428571, 164
TRD, 4524.142857, 177
TRD, 4524.857143, 193
TRD, 4526.428571, 319
TRD, 4531.428571, 225
TRD, 4532.000000, 469
TRD, 4532.142857, 123
TRD, 4532.285714, 100
TRD, 4534.000000, 404
TRD, 4535.142857, 240
TRD, 4535.571429, 110
TRD, 4538.285714, 241
TRD, 4538.714286, 328
TRD, 4561.714286, 122
TRD, 4562.000000, 104
TRD, 4562.142857, 100
TRD, 4562.428571, 35
TRD, 4562.714286, 375
TRD, 4564.857143, 201
TRD, 4565.285714, 100
TRD, 4565.571429, 206
TRD, 4566.142857, 294
TRD, 4592.142857, 215
TRD, 4592.285714, 101
TRD, 4592.571429, 368
TRD, 4592.857143, 76
TRD, 4595.000000, 240
TRD, 4595.571429, 186
TRD, 4622.285714, 263
TRD, 4623.000000, 211
TRD, 4623.428571, 171
TRD, 4623.571429, 100
TRD, 4624.571429, 324
TRD, 4652.857143, 281
TRD, 4653.142857, 112
TRD, 4653.285714, 100
TRD, 4653.428571, 349
TRD, 4654.000000, 101
TRD, 4654.285714, 232
TRD, 4654.428571, 299
TRD, 4654.714286, 290
TRD, 4655.714286, 117
TRD, 4656.285714, 276
TRD, 4662.428571, 200
TRD, 4682.857143, 154
TRD, 4683.714286, 100
TRD, 4685.857143, 101
TRD, 4687.142857, 183
TRD, 4713.857143, 101
TRD, 4714.000000, 100
TRD, 4714.571429, 100
TRD, 4716.571429, 164
TRD, 4716.857143, 287
TRD, 4718.000000, 143
TRD, 4719.142857, 265
TRD, 4743.428571, 106
TRD, 4744.142857, 152
TRD, 4746.571429, 303
TRD, 4774.000000, 213
TRD, 4774.285714, 101
TRD, 4776.285714, 383
TRD, 4804.142857, 357
TRD, 4805.000000, 249
TRD, 4805.714286, 244
TRD, 4808.428571, 101
TRD, 4834.285714, 345
TRD, 4834.428571, 249
TRD, 4835.142857, 100
TRD, 4835.285714, 358
TRD, 4836.000000, 100
TRD, 4837.000000, 101
TRD, 4865.000000, 154
TRD, 4865.285714, 102
TRD, 4865.428571, 101
TRD, 4866.428571, 100
TRD, 4895.285714, 101
TRD, 4896.142857, 182
TRD, 4896.285714, 100
TRD, 4896.571429, 213
TRD, 4897.571429, 150
TRD, 4898.000000, 144
TRD, 4901.285714, 101
TRD, 4901.571429, 109
TRD, 4903.428571, 228
TRD, 4905.571429, 92
TRD, 4925.285714, 100
TRD, 4925.571429, 100
TRD, 4925.857143, 101
TRD, 4926.428571, 100
TRD, 4927.142857, 291
TRD, 4955.428571, 244
TRD, 4955.857143, 192
TRD, 4957.571429, 246
TRD, 4958.714286, 416
TRD, 4959.714286, 419
TRD, 4961.714286, 241
TRD, 4963.285714, 131
TRD, 4985.857143, 101
TRD, 4986.142857, 100
TRD, 4987.000000, 146
TRD, 4987.571429, 101
TRD, 4987.714286, 242
TRD, 4987.857143, 392
TRD, 4989.571429, 419
TRD, 4989.857143, 399
TRD, 4990.000000, 159
TRD, 4990.428571, 353
TRD, 4991.714286, 302
