bse_controlled_0001, 000016, 94, 114, MOM_QL, 17, 6, 2.833333, PT1, 500, 1, 500.000000, 
bse_controlled_0001, 000031, 101, 114, MOM_QL, 21, 6, 3.500000, PT1, 500, 1, 500.000000, 
bse_controlled_0001, 000031, 94, 114, MOM_QL, 33, 6, 5.500000, PT1, 500, 1, 500.000000, 
bse_controlled_0001, 000060, None, 114, MOM_QL, 34, 6, 5.666667, PT1, 500, 1, 500.000000, 
bse_controlled_0001, 000076, 95, 114, MOM_QL, 48, 6, 8.000000, PT1, 500, 1, 500.000000, 
bse_controlled_0001, 000091, 95, None, MOM_QL, 65, 6, 10.833333, PT1, 500, 1, 500.000000, 
bse_controlled_0001, 000098, 95, None, MOM_QL, 68, 6, 11.333333, PT1, 500, 1, 500.000000, 
bse_controlled_0001, 000121, None, 109, MOM_QL, 78, 6, 13.000000, PT1, 500, 1, 500.000000, 
bse_controlled_0001, 000136, 87, 109, MOM_QL, 93, 6, 15.500000, PT1, 500, 1, 500.000000, 
bse_controlled_0001, 000151, None, None, MOM_QL, 105, 6, 17.500000, PT1, 500, 1, 500.000000, 
bse_controlled_0001, 000182, 88, 109, MOM_QL, 117, 6, 19.500000, PT1, 500, 1, 500.000000, 
bse_controlled_0001, 000182, 88, None, MOM_QL, 121, 6, 20.166667, PT1, 500, 1, 500.000000, 
bse_controlled_0001, 000212, 95, 114, MOM_QL, 131, 6, 21.833333, PT1, 500, 1, 500.000000, 
bse_controlled_0001, 000242, 95, None, MOM_QL, 136, 6, 22.666667, PT1, 500, 1, 500.000000, 
bse_controlled_0001, 000242, None, None, MOM_QL, 142, 6, 23.666667, PT1, 500, 1, 500.000000, 
bse_controlled_0001, 000258, 92, None, MOM_QL, 151, 6, 25.166667, PT1, 500, 1, 500.000000, 
bse_controlled_0001, 000273, None, 111, MOM_QL, 156, 6, 26.000000, PT1, 500, 1, 500.000000, 
bse_controlled_0001, 000302, 87, 111, MOM_QL, 163, 6, 27.166667, PT1, 500, 1, 500.000000, 
bse_controlled_0001, 000305, 87, 111, MOM_QL, 172, 6, 28.666667, PT1, 500, 1, 500.000000, 
bse_controlled_0001, 000318, 87, None, MOM_QL, 173, 6, 28.833333, PT1, 500, 1, 500.000000, 
bse_controlled_0001, 000364, 87, 105, MOM_QL, 181, 6, 30.166667, PT1, 500, 1, 500.000000, 
bse_controlled_0001, 000365, 87, 110, MOM_QL, 189, 6, 31.500000, PT1, 500, 1, 500.000000, 
bse_controlled_0001, 000378, 87, None, MOM_QL, 194, 6, 32.333333, PT1, 500, 1, 500.000000, 
bse_controlled_0001, 000393, 87, None, MOM_QL, 199, 6, 33.166667, PT1, 500, 1, 500.000000, 
bse_controlled_0001, 000393, 87, None, MOM_QL, 208, 6, 34.666667, PT1, 500, 1, 500.000000, 
bse_controlled_0001, 000423, 90, None, MOM_QL, 227, 6, 37.833333, PT1, 500, 1, 500.000000, 
bse_controlled_0001, 000439, 92, 106, MOM_QL, 235, 6, 39.166667, PT1, 500, 1, 500.000000, 
bse_controlled_0001, 000453, 97, None, MOM_QL, 242, 6, 40.333333, PT1, 500, 1, 500.000000, 
bse_controlled_0001, 000454, 92, None, MOM_QL, 251, 6, 41.833333, PT1, 500, 1, 500.000000, 
bse_controlled_0001, 000484, 87, 105, MOM_QL, 254, 6, 42.333333, PT1, 500, 1, 500.000000, 
bse_controlled_0001, 000499, 87, 105, MOM_QL, 256, 6, 42.666667, PT1, 500, 1, 500.000000, 
bse_controlled_0001, 000514, 87, 105, MOM_QL, 264, 6, 44.000000, PT1, 406, 1, 406.000000, 
bse_controlled_0001, 000529, 100, 106, MOM_QL, 266, 6, 44.333333, PT1, 406, 1, 406.000000, 
bse_controlled_0001, 000544, 87, None, MOM_QL, 272, 6, 45.333333, PT1, 406, 1, 406.000000, 
bse_controlled_0001, 000545, 87, None, MOM_QL, 273, 6, 45.500000, PT1, 406, 1, 406.000000, 
bse_controlled_0001, 000546, None, None, MOM_QL, 274, 6, 45.666667, PT1, 406, 1, 406.000000, 
bse_controlled_0001, 000589, 94, 99, MOM_QL, 278, 6, 46.333333, PT1, 406, 1, 406.000000, 
bse_controlled_0001, 000604, None, None, MOM_QL, 287, 6, 47.833333, PT1, 406, 1, 406.000000, 
bse_controlled_0001, 000620, None, 101, MOM_QL, 290, 6, 48.333333, PT1, 406, 1, 406.000000, 
bse_controlled_0001, 000620, None, 109, MOM_QL, 304, 6, 50.666667, PT1, 507, 1, 507.000000, 
bse_controlled_0001, 000636, None, 105, MOM_QL, 311, 6, 51.833333, PT1, 507, 1, 507.000000, 
bse_controlled_0001, 000636, None, 109, MOM_QL, 315, 6, 52.500000, PT1, 507, 1, 507.000000, 
bse_controlled_0001, 000665, 98, None, MOM_QL, 323, 6, 53.833333, PT1, 507, 1, 507.000000, 
bse_controlled_0001, 000681, 90, 114, MOM_QL, 333, 6, 55.500000, PT1, 507, 1, 507.000000, 
bse_controlled_0001, 000695, 92, 112, MOM_QL, 333, 6, 55.500000, PT1, 507, 1, 507.000000, 
bse_controlled_0001, 000726, 92, None, MOM_QL, 349, 6, 58.166667, PT1, 507, 1, 507.000000, 
bse_controlled_0001, 000741, 92, 110, MOM_QL, 354, 6, 59.000000, PT1, 507, 1, 507.000000, 
bse_controlled_0001, 000756, 92, 110, MOM_QL, 366, 6, 61.000000, PT1, 507, 1, 507.000000, 
bse_controlled_0001, 000758, 92, 110, MOM_QL, 376, 6, 62.666667, PT1, 507, 1, 507.000000, 
bse_controlled_0001, 000785, 95, None, MOM_QL, 377, 6, 62.833333, PT1, 507, 1, 507.000000, 
bse_controlled_0001, 000786, 92, 99, MOM_QL, 383, 6, 63.833333, PT1, 507, 1, 507.000000, 
bse_controlled_0001, 000786, 92, None, MOM_QL, 392, 6, 65.333333, PT1, 507, 1, 507.000000, 
bse_controlled_0001, 000816, 88, 107, MOM_QL, 401, 6, 66.833333, PT1, 407, 1, 407.000000, 
bse_controlled_0001, 000847, 98, 114, MOM_QL, 413, 6, 68.833333, PT1, 407, 1, 407.000000, 
bse_controlled_0001, 000862, 98, None, MOM_QL, 424, 6, 70.666667, PT1, 407, 1, 407.000000, 
bse_controlled_0001, 000877, 95, 114, MOM_QL, 429, 6, 71.500000, PT1, 407, 1, 407.000000, 
bse_controlled_0001, 000906, 97, None, MOM_QL, 435, 6, 72.500000, PT1, 407, 1, 407.000000, 
bse_controlled_0001, 000908, 95, None, MOM_QL, 438, 6, 73.000000, PT1, 407, 1, 407.000000, 
bse_controlled_0001, 000923, None, 107, MOM_QL, 442, 6, 73.666667, PT1, 407, 1, 407.000000, 
bse_controlled_0001, 000940, None, 113, MOM_QL, 466, 6, 77.666667, PT1, 407, 1, 407.000000, 
bse_controlled_0001, 000968, None, 104, MOM_QL, 469, 6, 78.166667, PT1, 407, 1, 407.000000, 
bse_controlled_0001, 000983, 87, None, MOM_QL, 474, 6, 79.000000, PT1, 407, 1, 407.000000, 
bse_controlled_0001, 000999, 86, None, MOM_QL, 480, 6, 80.000000, PT1, 407, 1, 407.000000, 
bse_controlled_0001, 001028, 87, 105, MOM_QL, 493, 6, 82.166667, PT1, 407, 1, 407.000000, 
bse_controlled_0001, 001028, 87, None, MOM_QL, 497, 6, 82.833333, PT1, 407, 1, 407.000000, 
bse_controlled_0001, 001059, 91, 106, MOM_QL, 509, 6, 84.833333, PT1, 407, 1, 407.000000, 
bse_controlled_0001, 001073, 91, 106, MOM_QL, 512, 6, 85.333333, PT1, 407, 1, 407.000000, 
bse_controlled_0001, 001074, None, 106, MOM_QL, 517, 6, 86.166667, PT1, 407, 1, 407.000000, 
bse_controlled_0001, 001103, 104, None, MOM_QL, 520, 6, 86.666667, PT1, 407, 1, 407.000000, 
bse_controlled_0001, 001105, 93, None, MOM_QL, 520, 6, 86.666667, PT1, 407, 1, 407.000000, 
bse_controlled_0001, 001119, None, None, MOM_QL, 535, 6, 89.166667, PT1, 407, 1, 407.000000, 
bse_controlled_0001, 001134, 90, None, MOM_QL, 537, 6, 89.500000, PT1, 407, 1, 407.000000, 
bse_controlled_0001, 001149, None, None, MOM_QL, 538, 6, 89.666667, PT1, 407, 1, 407.000000, 
bse_controlled_0001, 001151, None, None, MOM_QL, 540, 6, 90.000000, PT1, 407, 1, 407.000000, 
bse_controlled_0001, 001166, None, None, MOM_QL, 540, 6, 90.000000, PT1, 407, 1, 407.000000, 
bse_controlled_0001, 001180, None, 106, MOM_QL, 549, 6, 91.500000, PT1, 407, 1, 407.000000, 
bse_controlled_0001, 001209, 85, 108, MOM_QL, 554, 6, 92.333333, PT1, 407, 1, 407.000000, 
bse_controlled_0001, 001211, 85, 108, MOM_QL, 576, 6, 96.000000, PT1, 407, 1, 407.000000, 
bse_controlled_0001, 001240, 95, None, MOM_QL, 583, 6, 97.166667, PT1, 407, 1, 407.000000, 
bse_controlled_0001, 001256, None, 109, MOM_QL, 584, 6, 97.333333, PT1, 407, 1, 407.000000, 
bse_controlled_0001, 001271, None, 115, MOM_QL, 603, 6, 100.500000, PT1, 407, 1, 407.000000, 
bse_controlled_0001, 001285, 105, 115, MOM_QL, 608, 6, 101.333333, PT1, 514, 1, 514.000000, 
bse_controlled_0001, 001285, None, 115, MOM_QL, 625, 6, 104.166667, PT1, 514, 1, 514.000000, 
bse_controlled_0001, 001301, 87, 105, MOM_QL, 632, 6, 105.333333, PT1, 514, 1, 514.000000, 
bse_controlled_0001, 001317, None, 105, MOM_QL, 641, 6, 106.833333, PT1, 514, 1, 514.000000, 
bse_controlled_0001, 001331, 104, None, MOM_QL, 645, 6, 107.500000, PT1, 514, 1, 514.000000, 
bse_controlled_0001, 001332, None, None, MOM_QL, 654, 6, 109.000000, PT1, 514, 1, 514.000000, 
bse_controlled_0001, 001362, 96, None, MOM_QL, 659, 6, 109.833333, PT1, 514, 1, 514.000000, 
bse_controlled_0001, 001362, 88, None, MOM_QL, 668, 6, 111.333333, PT1, 514, 1, 514.000000, 
bse_controlled_0001, 001393, 88, 107, MOM_QL, 683, 6, 113.833333, PT1, 514, 1, 514.000000, 
bse_controlled_0001, 001421, 87, 100, MOM_QL, 686, 6, 114.333333, PT1, 424, 1, 424.000000, 
bse_controlled_0001, 001422, 87, 107, MOM_QL, 689, 6, 114.833333, PT1, 424, 1, 424.000000, 
bse_controlled_0001, 001423, 87, 107, MOM_QL, 691, 6, 115.166667, PT1, 521, 1, 521.000000, 
bse_controlled_0001, 001438, None, 107, MOM_QL, 691, 6, 115.166667, PT1, 521, 1, 521.000000, 
bse_controlled_0001, 001453, None, 106, MOM_QL, 702, 6, 117.000000, PT1, 521, 1, 521.000000, 
bse_controlled_0001, 001483, 94, 113, MOM_QL, 711, 6, 118.500000, PT1, 521, 1, 521.000000, 
bse_controlled_0001, 001498, None, 104, MOM_QL, 713, 6, 118.833333, PT1, 521, 1, 521.000000, 
bse_controlled_0001, 001513, None, None, MOM_QL, 714, 6, 119.000000, PT1, 521, 1, 521.000000, 
bse_controlled_0001, 001543, 89, 104, MOM_QL, 722, 6, 120.333333, PT1, 521, 1, 521.000000, 
bse_controlled_0001, 001544, 89, 108, MOM_QL, 731, 6, 121.833333, PT1, 521, 1, 521.000000, 
bse_controlled_0001, 001575, 96, 107, MOM_QL, 732, 6, 122.000000, PT1, 521, 1, 521.000000, 
bse_controlled_0001, 001604, 87, 112, MOM_QL, 745, 6, 124.166667, PT1, 521, 1, 521.000000, 
bse_controlled_0001, 001619, 87, 112, MOM_QL, 745, 6, 124.166667, PT1, 430, 1, 430.000000, 
bse_controlled_0001, 001620, 87, 112, MOM_QL, 745, 6, 124.166667, PT1, 541, 1, 541.000000, 
bse_controlled_0001, 001649, None, 104, MOM_QL, 761, 6, 126.833333, PT1, 541, 1, 541.000000, 
bse_controlled_0001, 001665, 92, None, MOM_QL, 769, 6, 128.166667, PT1, 541, 1, 541.000000, 
bse_controlled_0001, 001679, None, 107, MOM_QL, 769, 6, 128.166667, PT1, 451, 1, 451.000000, 
bse_controlled_0001, 001695, 88, 103, MOM_QL, 785, 6, 130.833333, PT1, 451, 1, 451.000000, 
bse_controlled_0001, 001709, 88, 103, MOM_QL, 797, 6, 132.833333, PT1, 548, 1, 548.000000, 
bse_controlled_0001, 001725, 95, None, MOM_QL, 807, 6, 134.500000, PT1, 548, 1, 548.000000, 
bse_controlled_0001, 001740, None, 110, MOM_QL, 810, 6, 135.000000, PT1, 548, 1, 548.000000, 
bse_controlled_0001, 001755, None, 110, MOM_QL, 812, 6, 135.333333, PT1, 548, 1, 548.000000, 
bse_controlled_0001, 001758, None, 110, MOM_QL, 827, 6, 137.833333, PT1, 548, 1, 548.000000, 
bse_controlled_0001, 001785, 85, 105, MOM_QL, 830, 6, 138.333333, PT1, 548, 1, 548.000000, 
bse_controlled_0001, 001786, 85, 105, MOM_QL, 839, 6, 139.833333, PT1, 548, 1, 548.000000, 
bse_controlled_0001, 001815, 91, 106, MOM_QL, 839, 6, 139.833333, PT1, 548, 1, 548.000000, 
bse_controlled_0001, 001817, 95, 106, MOM_QL, 839, 6, 139.833333, PT1, 548, 1, 548.000000, 
bse_controlled_0001, 001846, 91, 106, MOM_QL, 841, 6, 140.166667, PT1, 548, 1, 548.000000, 
bse_controlled_0001, 001846, 91, None, MOM_QL, 841, 6, 140.166667, PT1, 548, 1, 548.000000, 
bse_controlled_0001, 001862, 91, None, MOM_QL, 851, 6, 141.833333, PT1, 548, 1, 548.000000, 
bse_controlled_0001, 001877, 91, 113, MOM_QL, 855, 6, 142.500000, PT1, 548, 1, 548.000000, 
bse_controlled_0001, 001906, 92, 111, MOM_QL, 857, 6, 142.833333, PT1, 548, 1, 548.000000, 
bse_controlled_0001, 001924, 92, 111, MOM_QL, 875, 6, 145.833333, PT1, 548, 1, 548.000000, 
bse_controlled_0001, 001937, 91, 100, MOM_QL, 885, 6, 147.500000, PT1, 548, 1, 548.000000, 
bse_controlled_0001, 001952, 91, 111, MOM_QL, 900, 6, 150.000000, PT1, 548, 1, 548.000000, 
bse_controlled_0001, 001953, 88, 111, MOM_QL, 904, 6, 150.666667, PT1, 457, 1, 457.000000, 
bse_controlled_0001, 001968, 94, 111, MOM_QL, 907, 6, 151.166667, PT1, 457, 1, 457.000000, 
bse_controlled_0001, 001982, 94, None, MOM_QL, 914, 6, 152.333333, PT1, 555, 1, 555.000000, 
bse_controlled_0001, 002000, 94, 110, MOM_QL, 929, 6, 154.833333, PT1, 555, 1, 555.000000, 
bse_controlled_0001, 002027, 90, None, MOM_QL, 929, 6, 154.833333, PT1, 555, 1, 555.000000, 
bse_controlled_0001, 002043, 90, 106, MOM_QL, 939, 6, 156.500000, PT1, 555, 1, 555.000000, 
bse_controlled_0001, 002058, None, 106, MOM_QL, 939, 6, 156.500000, PT1, 469, 1, 469.000000, 
bse_controlled_0001, 002074, 86, 97, MOM_QL, 939, 6, 156.500000, PT1, 564, 1, 564.000000, 
bse_controlled_0001, 002087, 86, 113, MOM_QL, 952, 6, 158.666667, PT1, 564, 1, 564.000000, 
bse_controlled_0001, 002088, 86, 113, MOM_QL, 952, 6, 158.666667, PT1, 477, 1, 477.000000, 
bse_controlled_0001, 002090, 86, 113, MOM_QL, 952, 6, 158.666667, PT1, 580, 1, 580.000000, 
bse_controlled_0001, 002118, 93, None, MOM_QL, 966, 6, 161.000000, PT1, 580, 1, 580.000000, 
bse_controlled_0001, 002148, 95, 105, MOM_QL, 973, 6, 162.166667, PT1, 580, 1, 580.000000, 
bse_controlled_0001, 002148, None, 105, MOM_QL, 983, 6, 163.833333, PT1, 580, 1, 580.000000, 
bse_controlled_0001, 002149, None, None, MOM_QL, 992, 6, 165.333333, PT1, 580, 1, 580.000000, 
bse_controlled_0001, 002166, 85, None, MOM_QL, 992, 6, 165.333333, PT1, 486, 1, 486.000000, 
bse_controlled_0001, 002178, 85, None, MOM_QL, 997, 6, 166.166667, PT1, 486, 1, 486.000000, 
bse_controlled_0001, 002180, 85, None, MOM_QL, 1009, 6, 168.166667, PT1, 486, 1, 486.000000, 
bse_controlled_0001, 002197, 85, 106, MOM_QL, 1009, 6, 168.166667, PT1, 589, 1, 589.000000, 
bse_controlled_0001, 002223, 91, 98, MOM_QL, 1020, 6, 170.000000, PT1, 589, 1, 589.000000, 
bse_controlled_0001, 002239, 91, 114, MOM_QL, 1025, 6, 170.833333, PT1, 589, 1, 589.000000, 
bse_controlled_0001, 002254, 91, None, MOM_QL, 1028, 6, 171.333333, PT1, 589, 1, 589.000000, 
bse_controlled_0001, 002268, None, None, MOM_QL, 1028, 6, 171.333333, PT1, 589, 1, 589.000000, 
bse_controlled_0001, 002271, None, None, MOM_QL, 1039, 6, 173.166667, PT1, 589, 1, 589.000000, 
bse_controlled_0001, 002285, 89, None, MOM_QL, 1039, 6, 173.166667, PT1, 495, 1, 495.000000, 
bse_controlled_0001, 002299, 88, 106, MOM_QL, 1039, 6, 173.166667, PT1, 600, 1, 600.000000, 
bse_controlled_0001, 002314, 88, 95, MOM_QL, 1039, 6, 173.166667, PT1, 506, 1, 506.000000, 
bse_controlled_0001, 002316, 88, 106, MOM_QL, 1055, 6, 175.833333, PT1, 506, 1, 506.000000, 
bse_controlled_0001, 002329, None, None, MOM_QL, 1057, 6, 176.166667, PT1, 506, 1, 506.000000, 
bse_controlled_0001, 002344, 89, None, MOM_QL, 1065, 6, 177.500000, PT1, 506, 1, 506.000000, 
bse_controlled_0001, 002359, 89, 101, MOM_QL, 1066, 6, 177.666667, PT1, 506, 1, 506.000000, 
bse_controlled_0001, 002360, 89, 105, MOM_QL, 1080, 6, 180.000000, PT1, 607, 1, 607.000000, 
bse_controlled_0001, 002375, None, 105, MOM_QL, 1080, 6, 180.000000, PT1, 513, 1, 513.000000, 
bse_controlled_0001, 002391, 85, 100, MOM_QL, 1085, 6, 180.833333, PT1, 513, 1, 513.000000, 
bse_controlled_0001, 002404, 85, None, MOM_QL, 1095, 6, 182.500000, PT1, 513, 1, 513.000000, 
bse_controlled_0001, 002420, 85, 112, MOM_QL, 1100, 6, 183.333333, PT1, 513, 1, 513.000000, 
bse_controlled_0001, 002435, 85, 113, MOM_QL, 1116, 6, 186.000000, PT1, 513, 1, 513.000000, 
bse_controlled_0001, 002464, 88, 104, MOM_QL, 1128, 6, 188.000000, PT1, 513, 1, 513.000000, 
bse_controlled_0001, 002465, 88, 113, MOM_QL, 1137, 6, 189.500000, PT1, 513, 1, 513.000000, 
bse_controlled_0001, 002480, None, None, MOM_QL, 1144, 6, 190.666667, PT1, 513, 1, 513.000000, 
bse_controlled_0001, 002497, None, 108, MOM_QL, 1144, 6, 190.666667, PT1, 617, 1, 617.000000, 
bse_controlled_0001, 002509, None, None, MOM_QL, 1150, 6, 191.666667, PT1, 617, 1, 617.000000, 
bse_controlled_0001, 002510, None, None, MOM_QL, 1167, 6, 194.500000, PT1, 617, 1, 617.000000, 
bse_controlled_0001, 002540, None, 106, MOM_QL, 1177, 6, 196.166667, PT1, 617, 1, 617.000000, 
bse_controlled_0001, 002557, 95, 112, MOM_QL, 1191, 6, 198.500000, PT1, 617, 1, 617.000000, 
bse_controlled_0001, 002571, None, 107, MOM_QL, 1194, 6, 199.000000, PT1, 617, 1, 617.000000, 
bse_controlled_0001, 002585, None, 107, MOM_QL, 1207, 6, 201.166667, PT1, 617, 1, 617.000000, 
bse_controlled_0001, 002587, None, None, MOM_QL, 1212, 6, 202.000000, PT1, 617, 1, 617.000000, 
bse_controlled_0001, 002601, None, 95, MOM_QL, 1216, 6, 202.666667, PT1, 617, 1, 617.000000, 
bse_controlled_0001, 002605, None, None, MOM_QL, 1216, 6, 202.666667, PT1, 522, 1, 522.000000, 
bse_controlled_0001, 002616, None, None, MOM_QL, 1224, 6, 204.000000, PT1, 522, 1, 522.000000, 
bse_controlled_0001, 002631, None, 113, MOM_QL, 1224, 6, 204.000000, PT1, 626, 1, 626.000000, 
bse_controlled_0001, 002647, 91, 113, MOM_QL, 1243, 6, 207.166667, PT1, 626, 1, 626.000000, 
bse_controlled_0001, 002661, None, 113, MOM_QL, 1249, 6, 208.166667, PT1, 626, 1, 626.000000, 
bse_controlled_0001, 002662, None, 113, MOM_QL, 1249, 6, 208.166667, PT1, 531, 1, 531.000000, 
bse_controlled_0001, 002691, None, 114, MOM_QL, 1256, 6, 209.333333, PT1, 531, 1, 531.000000, 
bse_controlled_0001, 002706, 86, 114, MOM_QL, 1267, 6, 211.166667, PT1, 531, 1, 531.000000, 
bse_controlled_0001, 002721, 86, None, MOM_QL, 1270, 6, 211.666667, PT1, 633, 1, 633.000000, 
bse_controlled_0001, 002752, 86, 105, MOM_QL, 1279, 6, 213.166667, PT1, 633, 1, 633.000000, 
bse_controlled_0001, 002766, None, 105, MOM_QL, 1285, 6, 214.166667, PT1, 633, 1, 633.000000, 
bse_controlled_0001, 002781, None, 115, MOM_QL, 1286, 6, 214.333333, PT1, 633, 1, 633.000000, 
bse_controlled_0001, 002797, 95, 115, MOM_QL, 1304, 6, 217.333333, PT1, 633, 1, 633.000000, 
bse_controlled_0001, 002813, 94, 115, MOM_QL, 1312, 6, 218.666667, PT1, 633, 1, 633.000000, 
bse_controlled_0001, 002827, 94, 115, MOM_QL, 1321, 6, 220.166667, PT1, 633, 1, 633.000000, 
bse_controlled_0001, 002843, 94, None, MOM_QL, 1321, 6, 220.166667, PT1, 633, 1, 633.000000, 
bse_controlled_0001, 002857, None, None, MOM_QL, 1326, 6, 221.000000, PT1, 633, 1, 633.000000, 
bse_controlled_0001, 002872, 88, None, MOM_QL, 1330, 6, 221.666667, PT1, 633, 1, 633.000000, 
bse_controlled_0001, 002873, 88, None, MOM_QL, 1342, 6, 223.666667, PT1, 633, 1, 633.000000, 
bse_controlled_0001, 002887, 96, None, MOM_QL, 1343, 6, 223.833333, PT1, 633, 1, 633.000000, 
bse_controlled_0001, 002901, None, None, MOM_QL, 1351, 6, 225.166667, PT1, 537, 1, 537.000000, 
bse_controlled_0001, 002902, None, None, MOM_QL, 1371, 6, 228.500000, PT1, 537, 1, 537.000000, 
bse_controlled_0001, 002932, 90, 105, MOM_QL, 1381, 6, 230.166667, PT1, 537, 1, 537.000000, 
bse_controlled_0001, 002937, 90, 105, MOM_QL, 1392, 6, 232.000000, PT1, 537, 1, 537.000000, 
bse_controlled_0001, 002964, 91, 106, MOM_QL, 1393, 6, 232.166667, PT1, 537, 1, 537.000000, 
bse_controlled_0001, 002978, 91, None, MOM_QL, 1393, 6, 232.166667, PT1, 642, 1, 642.000000, 
bse_controlled_0001, 002993, None, 95, MOM_QL, 1399, 6, 233.166667, PT1, 642, 1, 642.000000, 
bse_controlled_0001, 002993, None, 108, MOM_QL, 1399, 6, 233.166667, PT1, 547, 1, 547.000000, 
bse_controlled_0001, 003008, 88, None, MOM_QL, 1405, 6, 234.166667, PT1, 547, 1, 547.000000, 
bse_controlled_0001, 003023, 88, None, MOM_QL, 1425, 6, 237.500000, PT1, 547, 1, 547.000000, 
bse_controlled_0001, 003024, 88, None, MOM_QL, 1425, 6, 237.500000, PT1, 651, 1, 651.000000, 
bse_controlled_0001, 003068, 96, 110, MOM_QL, 1434, 6, 239.000000, PT1, 651, 1, 651.000000, 
bse_controlled_0001, 003082, None, 110, MOM_QL, 1442, 6, 240.333333, PT1, 651, 1, 651.000000, 
bse_controlled_0001, 003098, 92, 105, MOM_QL, 1444, 6, 240.666667, PT1, 651, 1, 651.000000, 
bse_controlled_0001, 003113, 92, None, MOM_QL, 1449, 6, 241.500000, PT1, 651, 1, 651.000000, 
bse_controlled_0001, 003128, 92, 99, MOM_QL, 1456, 6, 242.666667, PT1, 651, 1, 651.000000, 
bse_controlled_0001, 003158, 96, None, MOM_QL, 1456, 6, 242.666667, PT1, 651, 1, 651.000000, 
bse_controlled_0001, 003173, None, 102, MOM_QL, 1459, 6, 243.166667, PT1, 555, 1, 555.000000, 
bse_controlled_0001, 003173, None, None, MOM_QL, 1461, 6, 243.500000, PT1, 555, 1, 555.000000, 
bse_controlled_0001, 003188, 95, None, MOM_QL, 1461, 6, 243.500000, PT1, 665, 1, 665.000000, 
bse_controlled_0001, 003218, 98, 113, MOM_QL, 1469, 6, 244.833333, PT1, 665, 1, 665.000000, 
bse_controlled_0001, 003233, None, 113, MOM_QL, 1478, 6, 246.333333, PT1, 665, 1, 665.000000, 
bse_controlled_0001, 003248, 94, 110, MOM_QL, 1482, 6, 247.000000, PT1, 665, 1, 665.000000, 
bse_controlled_0001, 003250, 94, None, MOM_QL, 1487, 6, 247.833333, PT1, 665, 1, 665.000000, 
bse_controlled_0001, 003265, 88, None, MOM_QL, 1499, 6, 249.833333, PT1, 665, 1, 665.000000, 
bse_controlled_0001, 003265, 88, None, MOM_QL, 1499, 6, 249.833333, PT1, 569, 1, 569.000000, 
bse_controlled_0001, 003279, 88, None, MOM_QL, 1525, 6, 254.166667, PT1, 569, 1, 569.000000, 
bse_controlled_0001, 003308, 86, 103, MOM_QL, 1531, 6, 255.166667, PT1, 569, 1, 569.000000, 
bse_controlled_0001, 003324, 92, 103, MOM_QL, 1536, 6, 256.000000, PT1, 569, 1, 569.000000, 
bse_controlled_0001, 003341, 92, 103, MOM_QL, 1553, 6, 258.833333, PT1, 569, 1, 569.000000, 
bse_controlled_0001, 003372, 94, 102, MOM_QL, 1555, 6, 259.166667, PT1, 569, 1, 569.000000, 
bse_controlled_0001, 003384, 94, 115, MOM_QL, 1557, 6, 259.500000, PT1, 672, 1, 672.000000, 
bse_controlled_0001, 003384, 94, 115, MOM_QL, 1572, 6, 262.000000, PT1, 672, 1, 672.000000, 
bse_controlled_0001, 003385, None, 115, MOM_QL, 1574, 6, 262.333333, PT1, 672, 1, 672.000000, 
bse_controlled_0001, 003417, 94, 106, MOM_QL, 1577, 6, 262.833333, PT1, 672, 1, 672.000000, 
bse_controlled_0001, 003431, 86, 106, MOM_QL, 1577, 6, 262.833333, PT1, 582, 1, 582.000000, 
bse_controlled_0001, 003446, 86, 111, MOM_QL, 1577, 6, 262.833333, PT1, 687, 1, 687.000000, 
bse_controlled_0001, 003459, None, 111, MOM_QL, 1577, 6, 262.833333, PT1, 597, 1, 597.000000, 
bse_controlled_0001, 003476, 95, 111, MOM_QL, 1583, 6, 263.833333, PT1, 597, 1, 597.000000, 
bse_controlled_0001, 003505, 95, 111, MOM_QL, 1594, 6, 265.666667, PT1, 597, 1, 597.000000, 
bse_controlled_0001, 003538, 94, 97, MOM_QL, 1602, 6, 267.000000, PT1, 597, 1, 597.000000, 
bse_controlled_0001, 003551, 94, 97, MOM_QL, 1616, 6, 269.333333, PT1, 694, 1, 694.000000, 
bse_controlled_0001, 003580, 88, None, MOM_QL, 1622, 6, 270.333333, PT1, 694, 1, 694.000000, 
bse_controlled_0001, 003600, 92, 114, MOM_QL, 1622, 6, 270.333333, PT1, 694, 1, 694.000000, 
bse_controlled_0001, 003625, 92, None, MOM_QL, 1626, 6, 271.000000, PT1, 694, 1, 694.000000, 
bse_controlled_0001, 003655, 86, 106, MOM_QL, 1629, 6, 271.500000, PT1, 694, 1, 694.000000, 
bse_controlled_0001, 003656, 86, 106, MOM_QL, 1638, 6, 273.000000, PT1, 694, 1, 694.000000, 
bse_controlled_0001, 003673, 86, 106, MOM_QL, 1648, 6, 274.666667, PT1, 694, 1, 694.000000, 
bse_controlled_0001, 003687, 86, None, MOM_QL, 1648, 6, 274.666667, PT1, 694, 1, 694.000000, 
bse_controlled_0001, 003705, None, None, MOM_QL, 1651, 6, 275.166667, PT1, 694, 1, 694.000000, 
bse_controlled_0001, 003716, 86, None, MOM_QL, 1653, 6, 275.500000, PT1, 694, 1, 694.000000, 
bse_controlled_0001, 003732, 86, 115, MOM_QL, 1654, 6, 275.666667, PT1, 694, 1, 694.000000, 
bse_controlled_0001, 003747, 86, 115, MOM_QL, 1663, 6, 277.166667, PT1, 694, 1, 694.000000, 
bse_controlled_0001, 003761, 86, 115, MOM_QL, 1663, 6, 277.166667, PT1, 607, 1, 607.000000, 
bse_controlled_0001, 003762, 86, 115, MOM_QL, 1663, 6, 277.166667, PT1, 710, 1, 710.000000, 
bse_controlled_0001, 003791, 91, 113, MOM_QL, 1681, 6, 280.166667, PT1, 710, 1, 710.000000, 
bse_controlled_0001, 003806, None, 113, MOM_QL, 1688, 6, 281.333333, PT1, 710, 1, 710.000000, 
bse_controlled_0001, 003822, 85, 109, MOM_QL, 1704, 6, 284.000000, PT1, 710, 1, 710.000000, 
bse_controlled_0001, 003836, 85, 109, MOM_QL, 1709, 6, 284.833333, PT1, 710, 1, 710.000000, 
bse_controlled_0001, 003837, 85, 109, MOM_QL, 1709, 6, 284.833333, PT1, 617, 1, 617.000000, 
bse_controlled_0001, 003853, 85, 109, MOM_QL, 1709, 6, 284.833333, PT1, 725, 1, 725.000000, 
bse_controlled_0001, 003866, None, 98, MOM_QL, 1709, 6, 284.833333, PT1, 725, 1, 725.000000, 
bse_controlled_0001, 003896, 95, None, MOM_QL, 1717, 6, 286.166667, PT1, 725, 1, 725.000000, 
bse_controlled_0001, 003911, 91, 114, MOM_QL, 1739, 6, 289.833333, PT1, 725, 1, 725.000000, 
bse_controlled_0001, 003927, 94, None, MOM_QL, 1739, 6, 289.833333, PT1, 725, 1, 725.000000, 
bse_controlled_0001, 003958, 86, 100, MOM_QL, 1739, 6, 289.833333, PT1, 631, 1, 631.000000, 
bse_controlled_0001, 003958, 86, None, MOM_QL, 1749, 6, 291.500000, PT1, 631, 1, 631.000000, 
bse_controlled_0001, 003972, None, 108, MOM_QL, 1751, 6, 291.833333, PT1, 631, 1, 631.000000, 
bse_controlled_0001, 003987, None, None, MOM_QL, 1751, 6, 291.833333, PT1, 739, 1, 739.000000, 
bse_controlled_0001, 004017, 88, None, MOM_QL, 1759, 6, 293.166667, PT1, 739, 1, 739.000000, 
bse_controlled_0001, 004020, None, 110, MOM_QL, 1759, 6, 293.166667, PT1, 739, 1, 739.000000, 
bse_controlled_0001, 004032, None, 110, MOM_QL, 1759, 6, 293.166667, PT1, 647, 1, 647.000000, 
bse_controlled_0001, 004033, None, None, MOM_QL, 1759, 6, 293.166667, PT1, 647, 1, 647.000000, 
bse_controlled_0001, 004047, None, None, MOM_QL, 1768, 6, 294.666667, PT1, 647, 1, 647.000000, 
bse_controlled_0001, 004062, 87, None, MOM_QL, 1769, 6, 294.833333, PT1, 647, 1, 647.000000, 
bse_controlled_0001, 004079, 87, 111, MOM_QL, 1777, 6, 296.166667, PT1, 647, 1, 647.000000, 
bse_controlled_0001, 004107, None, 110, MOM_QL, 1778, 6, 296.333333, PT1, 647, 1, 647.000000, 
bse_controlled_0001, 004109, None, 110, MOM_QL, 1778, 6, 296.333333, PT1, 752, 1, 752.000000, 
bse_controlled_0001, 004122, None, None, MOM_QL, 1782, 6, 297.000000, PT1, 752, 1, 752.000000, 
bse_controlled_0001, 004156, 88, 106, MOM_QL, 1782, 6, 297.000000, PT1, 752, 1, 752.000000, 
bse_controlled_0001, 004168, 88, None, MOM_QL, 1786, 6, 297.666667, PT1, 752, 1, 752.000000, 
bse_controlled_0001, 004168, None, None, MOM_QL, 1789, 6, 298.166667, PT1, 752, 1, 752.000000, 
bse_controlled_0001, 004172, None, None, MOM_QL, 1789, 6, 298.166667, PT1, 657, 1, 657.000000, 
bse_controlled_0001, 004199, 97, 108, MOM_QL, 1789, 6, 298.166667, PT1, 764, 1, 764.000000, 
bse_controlled_0001, 004199, 85, 108, MOM_QL, 1798, 6, 299.666667, PT1, 764, 1, 764.000000, 
bse_controlled_0001, 004244, 91, 98, MOM_QL, 1806, 6, 301.000000, PT1, 764, 1, 764.000000, 
bse_controlled_0001, 004246, 91, 113, MOM_QL, 1813, 6, 302.166667, PT1, 764, 1, 764.000000, 
bse_controlled_0001, 004274, 98, 113, MOM_QL, 1816, 6, 302.666667, PT1, 764, 1, 764.000000, 
bse_controlled_0001, 004275, 91, 113, MOM_QL, 1826, 6, 304.333333, PT1, 764, 1, 764.000000, 
bse_controlled_0001, 004307, 96, 111, MOM_QL, 1836, 6, 306.000000, PT1, 764, 1, 764.000000, 
bse_controlled_0001, 004320, 87, 111, MOM_QL, 1840, 6, 306.666667, PT1, 764, 1, 764.000000, 
bse_controlled_0001, 004321, 87, 111, MOM_QL, 1845, 6, 307.500000, PT1, 764, 1, 764.000000, 
bse_controlled_0001, 004335, None, 111, MOM_QL, 1847, 6, 307.833333, PT1, 764, 1, 764.000000, 
bse_controlled_0001, 004350, None, None, MOM_QL, 1853, 6, 308.833333, PT1, 764, 1, 764.000000, 
bse_controlled_0001, 004365, 85, 108, MOM_QL, 1853, 6, 308.833333, PT1, 678, 1, 678.000000, 
bse_controlled_0001, 004367, 85, None, MOM_QL, 1859, 6, 309.833333, PT1, 678, 1, 678.000000, 
bse_controlled_0001, 004380, 85, 113, MOM_QL, 1874, 6, 312.333333, PT1, 678, 1, 678.000000, 
bse_controlled_0001, 004383, 85, 113, MOM_QL, 1874, 6, 312.333333, PT1, 782, 1, 782.000000, 
bse_controlled_0001, 004410, None, 114, MOM_QL, 1888, 6, 314.666667, PT1, 782, 1, 782.000000, 
bse_controlled_0001, 004426, 90, 102, MOM_QL, 1888, 6, 314.666667, PT1, 689, 1, 689.000000, 
bse_controlled_0001, 004442, 100, None, MOM_QL, 1888, 6, 314.666667, PT1, 795, 1, 795.000000, 
bse_controlled_0001, 004458, 100, 112, MOM_QL, 1894, 6, 315.666667, PT1, 795, 1, 795.000000, 
bse_controlled_0001, 004472, None, None, MOM_QL, 1903, 6, 317.166667, PT1, 795, 1, 795.000000, 
bse_controlled_0001, 004501, None, 115, MOM_QL, 1903, 6, 317.166667, PT1, 795, 1, 795.000000, 
bse_controlled_0001, 004502, None, 115, MOM_QL, 1911, 6, 318.500000, PT1, 795, 1, 795.000000, 
bse_controlled_0001, 004518, 93, 115, MOM_QL, 1911, 6, 318.500000, PT1, 701, 1, 701.000000, 
bse_controlled_0001, 004532, 93, 105, MOM_QL, 1911, 6, 318.500000, PT1, 805, 1, 805.000000, 
bse_controlled_0001, 004546, 93, None, MOM_QL, 1923, 6, 320.500000, PT1, 805, 1, 805.000000, 
bse_controlled_0001, 004561, None, 109, MOM_QL, 1923, 6, 320.500000, PT1, 717, 1, 717.000000, 
bse_controlled_0001, 004563, 93, 115, MOM_QL, 1923, 6, 320.500000, PT1, 814, 1, 814.000000, 
bse_controlled_0001, 004578, 93, 115, MOM_QL, 1926, 6, 321.000000, PT1, 814, 1, 814.000000, 
bse_controlled_0001, 004592, None, None, MOM_QL, 1926, 6, 321.000000, PT1, 721, 1, 721.000000, 
bse_controlled_0001, 004594, 93, None, MOM_QL, 1927, 6, 321.166667, PT1, 721, 1, 721.000000, 
bse_controlled_0001, 004608, 93, 100, MOM_QL, 1930, 6, 321.666667, PT1, 721, 1, 721.000000, 
bse_controlled_0001, 004623, 86, None, MOM_QL, 1934, 6, 322.333333, PT1, 821, 1, 821.000000, 
bse_controlled_0001, 004637, None, 102, MOM_QL, 1934, 6, 322.333333, PT1, 727, 1, 727.000000, 
bse_controlled_0001, 004652, 88, None, MOM_QL, 1943, 6, 323.833333, PT1, 727, 1, 727.000000, 
bse_controlled_0001, 004668, None, 115, MOM_QL, 1943, 6, 323.833333, PT1, 727, 1, 727.000000, 
bse_controlled_0001, 004682, None, 115, MOM_QL, 1945, 6, 324.166667, PT1, 727, 1, 727.000000, 
bse_controlled_0001, 004685, None, 115, MOM_QL, 1961, 6, 326.833333, PT1, 727, 1, 727.000000, 
bse_controlled_0001, 004699, None, 115, MOM_QL, 1965, 6, 327.500000, PT1, 727, 1, 727.000000, 
bse_controlled_0001, 004714, 92, None, MOM_QL, 1972, 6, 328.666667, PT1, 727, 1, 727.000000, 
bse_controlled_0001, 004729, None, 104, MOM_QL, 1973, 6, 328.833333, PT1, 727, 1, 727.000000, 
bse_controlled_0001, 004744, None, 104, MOM_QL, 1979, 6, 329.833333, PT1, 727, 1, 727.000000, 
bse_controlled_0001, 004774, 95, None, MOM_QL, 1979, 6, 329.833333, PT1, 727, 1, 727.000000, 
bse_controlled_0001, 004789, 85, None, MOM_QL, 1982, 6, 330.333333, PT1, 727, 1, 727.000000, 
bse_controlled_0001, 004804, 85, None, MOM_QL, 1982, 6, 330.333333, PT1, 840, 1, 840.000000, 
bse_controlled_0001, 004809, 85, 109, MOM_QL, 1982, 6, 330.333333, PT1, 746, 1, 746.000000, 
bse_controlled_0001, 004834, None, 109, MOM_QL, 1984, 6, 330.666667, PT1, 746, 1, 746.000000, 
bse_controlled_0001, 004850, 87, 101, MOM_QL, 1994, 6, 332.333333, PT1, 746, 1, 746.000000, 
bse_controlled_0001, 004864, 87, None, MOM_QL, 2007, 6, 334.500000, PT1, 746, 1, 746.000000, 
bse_controlled_0001, 004864, None, None, MOM_QL, 2009, 6, 334.833333, PT1, 746, 1, 746.000000, 
bse_controlled_0001, 004865, None, None, MOM_QL, 2012, 6, 335.333333, PT1, 746, 1, 746.000000, 
bse_controlled_0001, 004897, 92, 112, MOM_QL, 2017, 6, 336.166667, PT1, 746, 1, 746.000000, 
bse_controlled_0001, 004910, None, 112, MOM_QL, 2017, 6, 336.166667, PT1, 746, 1, 746.000000, 
bse_controlled_0001, 004926, 94, None, MOM_QL, 2024, 6, 337.333333, PT1, 746, 1, 746.000000, 
bse_controlled_0001, 004941, 94, 114, MOM_QL, 2047, 6, 341.166667, PT1, 746, 1, 746.000000, 
bse_controlled_0001, 004957, 94, 101, MOM_QL, 2047, 6, 341.166667, PT1, 746, 1, 746.000000, 
bse_controlled_0001, 004970, None, 101, MOM_QL, 2050, 6, 341.666667, PT1, 746, 1, 746.000000, 
bse_controlled_0001, 004985, None, 110, MOM_QL, 2064, 6, 344.000000, PT1, 847, 1, 847.000000, 
bse_controlled_0001, 005000, 98, 104, MOM_QL, 2064, 6, 344.000000, PT1, 847, 1, 847.000000, 
