bse_controlled_0001, 000021, 94, 114, MA, 17, 6, 2.833333, PT1, 500, 1, 500.000000, 
bse_controlled_0001, 000036, 101, 104, MA, 21, 6, 3.500000, PT1, 500, 1, 500.000000, 
bse_controlled_0001, 000038, 94, 114, MA, 33, 6, 5.500000, PT1, 500, 1, 500.000000, 
bse_controlled_0001, 000079, 95, 101, MA, 40, 6, 6.666667, PT1, 500, 1, 500.000000, 
bse_controlled_0001, 000086, None, 114, MA, 46, 6, 7.666667, PT1, 500, 1, 500.000000, 
bse_controlled_0001, 000092, None, None, MA, 63, 6, 10.500000, PT1, 500, 1, 500.000000, 
bse_controlled_0001, 000189, 99, 102, MA, 75, 6, 12.500000, PT1, 500, 1, 500.000000, 
bse_controlled_0001, 000205, 89, 109, MA, 89, 6, 14.833333, PT1, 500, 1, 500.000000, 
bse_controlled_0001, 000259, 95, 100, MA, 98, 6, 16.333333, PT1, 500, 1, 500.000000, 
bse_controlled_0001, 000280, 91, 111, MA, 114, 6, 19.000000, PT1, 500, 1, 500.000000, 
bse_controlled_0001, 000319, 97, 104, MA, 134, 6, 22.333333, PT1, 500, 1, 500.000000, 
bse_controlled_0001, 000621, 97, 99, MA, 150, 6, 25.000000, PT1, 500, 1, 500.000000, 
bse_controlled_0001, 000665, 98, None, MA, 166, 6, 27.666667, PT1, 500, 1, 500.000000, 
bse_controlled_0001, 000687, 90, 100, MA, 176, 6, 29.333333, PT1, 500, 1, 500.000000, 
bse_controlled_0001, 000725, 96, None, MA, 185, 6, 30.833333, PT1, 500, 1, 500.000000, 
bse_controlled_0001, 000751, 91, 99, MA, 196, 6, 32.666667, PT1, 500, 1, 500.000000, 
bse_controlled_0001, 000761, 99, 100, MA, 214, 6, 35.666667, PT1, 500, 1, 500.000000, 
bse_controlled_0001, 000761, 91, 110, MA, 218, 6, 36.333333, PT1, 500, 1, 500.000000, 
bse_controlled_0001, 000790, 95, 99, MA, 227, 6, 37.833333, PT1, 500, 1, 500.000000, 
bse_controlled_0001, 000827, 88, 114, MA, 236, 6, 39.333333, PT1, 500, 1, 500.000000, 
bse_controlled_0001, 000858, 98, 103, MA, 248, 6, 41.333333, PT1, 500, 1, 500.000000, 
bse_controlled_0001, 000883, 98, 103, MA, 269, 6, 44.833333, PT1, 500, 1, 500.000000, 
bse_controlled_0001, 000908, 95, None, MA, 280, 6, 46.666667, PT1, 500, 1, 500.000000, 
bse_controlled_0001, 000984, 96, 99, MA, 302, 6, 50.333333, PT1, 500, 1, 500.000000, 
bse_controlled_0001, 001010, 87, 105, MA, 308, 6, 51.333333, PT1, 500, 1, 500.000000, 
bse_controlled_0001, 001039, 87, 103, MA, 324, 6, 54.000000, PT1, 500, 1, 500.000000, 
bse_controlled_0001, 001066, 91, 105, MA, 336, 6, 56.000000, PT1, 500, 1, 500.000000, 
bse_controlled_0001, 001184, 95, 99, MA, 356, 6, 59.333333, PT1, 500, 1, 500.000000, 
bse_controlled_0001, 001216, 96, 99, MA, 373, 6, 62.166667, PT1, 500, 1, 500.000000, 
bse_controlled_0001, 001245, 95, 99, MA, 385, 6, 64.166667, PT1, 500, 1, 500.000000, 
bse_controlled_0001, 001261, 95, 99, MA, 390, 6, 65.000000, PT1, 500, 1, 500.000000, 
bse_controlled_0001, 001273, 98, 99, MA, 410, 6, 68.333333, PT1, 500, 1, 500.000000, 
bse_controlled_0001, 001273, 95, 115, MA, 420, 6, 70.000000, PT1, 500, 1, 500.000000, 
bse_controlled_0001, 001303, 87, 104, MA, 443, 6, 73.833333, PT1, 500, 1, 500.000000, 
bse_controlled_0001, 001333, 97, 99, MA, 461, 6, 76.833333, PT1, 500, 1, 500.000000, 
bse_controlled_0001, 001336, 95, 109, MA, 479, 6, 79.833333, PT1, 500, 1, 500.000000, 
bse_controlled_0001, 001362, 96, 100, MA, 497, 6, 82.833333, PT1, 500, 1, 500.000000, 
bse_controlled_0001, 001402, 88, 100, MA, 512, 6, 85.333333, PT1, 500, 1, 500.000000, 
bse_controlled_0001, 001428, 98, 102, MA, 530, 6, 88.333333, PT1, 500, 1, 500.000000, 
bse_controlled_0001, 001439, 90, 102, MA, 539, 6, 89.833333, PT1, 500, 1, 500.000000, 
bse_controlled_0001, 001459, 90, 106, MA, 550, 6, 91.666667, PT1, 500, 1, 500.000000, 
bse_controlled_0001, 001514, 96, 111, MA, 572, 6, 95.333333, PT1, 500, 1, 500.000000, 
bse_controlled_0001, 001546, 99, 104, MA, 580, 6, 96.666667, PT1, 500, 1, 500.000000, 
bse_controlled_0001, 001571, 96, 108, MA, 594, 6, 99.000000, PT1, 500, 1, 500.000000, 
bse_controlled_0001, 001608, 99, 104, MA, 610, 6, 101.666667, PT1, 500, 1, 500.000000, 
bse_controlled_0001, 001627, 99, 104, MA, 621, 6, 103.500000, PT1, 500, 1, 500.000000, 
bse_controlled_0001, 001653, 99, 104, MA, 646, 6, 107.666667, PT1, 500, 1, 500.000000, 
bse_controlled_0001, 001684, 99, 104, MA, 658, 6, 109.666667, PT1, 500, 1, 500.000000, 
bse_controlled_0001, 001702, 99, 103, MA, 685, 6, 114.166667, PT1, 500, 1, 500.000000, 
bse_controlled_0001, 001740, 88, 101, MA, 711, 6, 118.500000, PT1, 500, 1, 500.000000, 
bse_controlled_0001, 001758, 98, 99, MA, 724, 6, 120.666667, PT1, 500, 1, 500.000000, 
bse_controlled_0001, 001788, 99, 105, MA, 742, 6, 123.666667, PT1, 500, 1, 500.000000, 
bse_controlled_0001, 001856, 96, 104, MA, 754, 6, 125.666667, PT1, 500, 1, 500.000000, 
bse_controlled_0001, 001863, 96, 106, MA, 764, 6, 127.333333, PT1, 500, 1, 500.000000, 
bse_controlled_0001, 001910, 98, 99, MA, 781, 6, 130.166667, PT1, 500, 1, 500.000000, 
bse_controlled_0001, 001924, 98, 111, MA, 799, 6, 133.166667, PT1, 500, 1, 500.000000, 
bse_controlled_0001, 001948, 88, 100, MA, 809, 6, 134.833333, PT1, 500, 1, 500.000000, 
bse_controlled_0001, 001953, 88, 100, MA, 837, 6, 139.500000, PT1, 500, 1, 500.000000, 
bse_controlled_0001, 001987, 99, 110, MA, 840, 6, 140.000000, PT1, 500, 1, 500.000000, 
bse_controlled_0001, 002003, 94, 110, MA, 855, 6, 142.500000, PT1, 500, 1, 500.000000, 
bse_controlled_0001, 002035, 90, 106, MA, 855, 6, 142.500000, PT1, 500, 1, 500.000000, 
bse_controlled_0001, 002049, 90, 106, MA, 865, 6, 144.166667, PT1, 500, 1, 500.000000, 
bse_controlled_0001, 002089, 96, 99, MA, 871, 6, 145.166667, PT1, 500, 1, 500.000000, 
bse_controlled_0001, 002092, 87, 113, MA, 894, 6, 149.000000, PT1, 500, 1, 500.000000, 
bse_controlled_0001, 002146, 95, 112, MA, 911, 6, 151.833333, PT1, 500, 1, 500.000000, 
bse_controlled_0001, 002155, 99, 105, MA, 930, 6, 155.000000, PT1, 500, 1, 500.000000, 
bse_controlled_0001, 002168, 87, 105, MA, 950, 6, 158.333333, PT1, 500, 1, 500.000000, 
bse_controlled_0001, 002180, 87, 101, MA, 963, 6, 160.500000, PT1, 500, 1, 500.000000, 
bse_controlled_0001, 002211, 91, 100, MA, 971, 6, 161.833333, PT1, 500, 1, 500.000000, 
bse_controlled_0001, 002231, 91, 114, MA, 979, 6, 163.166667, PT1, 500, 1, 500.000000, 
bse_controlled_0001, 002268, 99, 100, MA, 989, 6, 164.833333, PT1, 500, 1, 500.000000, 
bse_controlled_0001, 002276, 95, 110, MA, 1000, 6, 166.666667, PT1, 500, 1, 500.000000, 
bse_controlled_0001, 002309, 88, 99, MA, 1011, 6, 168.500000, PT1, 500, 1, 500.000000, 
bse_controlled_0001, 002330, 97, 99, MA, 1027, 6, 171.166667, PT1, 500, 1, 500.000000, 
bse_controlled_0001, 002347, 97, 106, MA, 1046, 6, 174.333333, PT1, 500, 1, 500.000000, 
bse_controlled_0001, 002363, 97, 105, MA, 1065, 6, 177.500000, PT1, 500, 1, 500.000000, 
bse_controlled_0001, 002406, 96, 100, MA, 1084, 6, 180.666667, PT1, 500, 1, 500.000000, 
bse_controlled_0001, 002426, 87, 100, MA, 1089, 6, 181.500000, PT1, 500, 1, 500.000000, 
bse_controlled_0001, 002447, 87, 113, MA, 1105, 6, 184.166667, PT1, 500, 1, 500.000000, 
bse_controlled_0001, 002470, 99, 104, MA, 1117, 6, 186.166667, PT1, 500, 1, 500.000000, 
bse_controlled_0001, 002483, 94, 104, MA, 1143, 6, 190.500000, PT1, 500, 1, 500.000000, 
bse_controlled_0001, 002521, 99, 108, MA, 1150, 6, 191.666667, PT1, 500, 1, 500.000000, 
bse_controlled_0001, 002543, 96, 112, MA, 1174, 6, 195.666667, PT1, 500, 1, 500.000000, 
bse_controlled_0001, 002579, 93, 99, MA, 1181, 6, 196.833333, PT1, 500, 1, 500.000000, 
bse_controlled_0001, 002589, 93, 107, MA, 1203, 6, 200.500000, PT1, 500, 1, 500.000000, 
bse_controlled_0001, 002606, 93, 99, MA, 1207, 6, 201.166667, PT1, 500, 1, 500.000000, 
bse_controlled_0001, 002622, 93, 107, MA, 1215, 6, 202.500000, PT1, 500, 1, 500.000000, 
bse_controlled_0001, 002657, 99, 113, MA, 1229, 6, 204.833333, PT1, 500, 1, 500.000000, 
bse_controlled_0001, 002664, 87, 103, MA, 1243, 6, 207.166667, PT1, 500, 1, 500.000000, 
bse_controlled_0001, 002700, 87, 114, MA, 1250, 6, 208.333333, PT1, 500, 1, 500.000000, 
bse_controlled_0001, 002715, 87, 114, MA, 1261, 6, 210.166667, PT1, 500, 1, 500.000000, 
bse_controlled_0001, 002754, 99, 105, MA, 1275, 6, 212.500000, PT1, 500, 1, 500.000000, 
bse_controlled_0001, 002771, 93, 105, MA, 1288, 6, 214.666667, PT1, 500, 1, 500.000000, 
bse_controlled_0001, 002798, 99, 101, MA, 1295, 6, 215.833333, PT1, 500, 1, 500.000000, 
bse_controlled_0001, 002831, 98, 104, MA, 1318, 6, 219.666667, PT1, 500, 1, 500.000000, 
bse_controlled_0001, 002876, 95, 99, MA, 1334, 6, 222.333333, PT1, 500, 1, 500.000000, 
bse_controlled_0001, 002890, 95, 111, MA, 1351, 6, 225.166667, PT1, 500, 1, 500.000000, 
bse_controlled_0001, 002908, 95, 111, MA, 1371, 6, 228.500000, PT1, 500, 1, 500.000000, 
bse_controlled_0001, 002941, 99, 102, MA, 1391, 6, 231.833333, PT1, 500, 1, 500.000000, 
bse_controlled_0001, 002978, 98, None, MA, 1399, 6, 233.166667, PT1, 500, 1, 500.000000, 
bse_controlled_0001, 003003, 88, 99, MA, 1404, 6, 234.000000, PT1, 500, 1, 500.000000, 
bse_controlled_0001, 003015, 88, 106, MA, 1422, 6, 237.000000, PT1, 500, 1, 500.000000, 
bse_controlled_0001, 003028, 96, 106, MA, 1442, 6, 240.333333, PT1, 500, 1, 500.000000, 
bse_controlled_0001, 003085, 96, 105, MA, 1468, 6, 244.666667, PT1, 500, 1, 500.000000, 
bse_controlled_0001, 003113, 96, 99, MA, 1484, 6, 247.333333, PT1, 500, 1, 500.000000, 
bse_controlled_0001, 003133, 92, 99, MA, 1487, 6, 247.833333, PT1, 500, 1, 500.000000, 
bse_controlled_0001, 003169, 91, 102, MA, 1503, 6, 250.500000, PT1, 500, 1, 500.000000, 
bse_controlled_0001, 003179, 95, 102, MA, 1514, 6, 252.333333, PT1, 500, 1, 500.000000, 
bse_controlled_0001, 003233, 98, 100, MA, 1533, 6, 255.500000, PT1, 500, 1, 500.000000, 
bse_controlled_0001, 003257, 99, 110, MA, 1537, 6, 256.166667, PT1, 500, 1, 500.000000, 
bse_controlled_0001, 003270, 99, 102, MA, 1556, 6, 259.333333, PT1, 500, 1, 500.000000, 
bse_controlled_0001, 003272, 88, 110, MA, 1568, 6, 261.333333, PT1, 500, 1, 500.000000, 
bse_controlled_0001, 003301, 87, 105, MA, 1586, 6, 264.333333, PT1, 500, 1, 500.000000, 
bse_controlled_0001, 003339, 92, 100, MA, 1592, 6, 265.333333, PT1, 500, 1, 500.000000, 
bse_controlled_0001, 003374, 97, 102, MA, 1609, 6, 268.166667, PT1, 500, 1, 500.000000, 
bse_controlled_0001, 003390, 97, 100, MA, 1624, 6, 270.666667, PT1, 500, 1, 500.000000, 
bse_controlled_0001, 003417, 94, 106, MA, 1632, 6, 272.000000, PT1, 500, 1, 500.000000, 
bse_controlled_0001, 003457, 87, 99, MA, 1640, 6, 273.333333, PT1, 500, 1, 500.000000, 
bse_controlled_0001, 003481, 95, 104, MA, 1660, 6, 276.666667, PT1, 500, 1, 500.000000, 
bse_controlled_0001, 003509, 95, 100, MA, 1671, 6, 278.500000, PT1, 500, 1, 500.000000, 
bse_controlled_0001, 003543, 94, 99, MA, 1676, 6, 279.333333, PT1, 500, 1, 500.000000, 
bse_controlled_0001, 003552, 94, 99, MA, 1692, 6, 282.000000, PT1, 500, 1, 500.000000, 
bse_controlled_0001, 003602, 95, 102, MA, 1705, 6, 284.166667, PT1, 500, 1, 500.000000, 
bse_controlled_0001, 003660, 99, 102, MA, 1720, 6, 286.666667, PT1, 500, 1, 500.000000, 
bse_controlled_0001, 003680, 99, 106, MA, 1724, 6, 287.333333, PT1, 500, 1, 500.000000, 
bse_controlled_0001, 003708, 91, 106, MA, 1742, 6, 290.333333, PT1, 500, 1, 500.000000, 
bse_controlled_0001, 003751, 96, 99, MA, 1755, 6, 292.500000, PT1, 500, 1, 500.000000, 
bse_controlled_0001, 003776, 87, 99, MA, 1759, 6, 293.166667, PT1, 500, 1, 500.000000, 
bse_controlled_0001, 003803, 91, 113, MA, 1777, 6, 296.166667, PT1, 500, 1, 500.000000, 
bse_controlled_0001, 003815, 87, 99, MA, 1784, 6, 297.333333, PT1, 500, 1, 500.000000, 
bse_controlled_0001, 003832, 87, 109, MA, 1800, 6, 300.000000, PT1, 500, 1, 500.000000, 
bse_controlled_0001, 003837, 87, 100, MA, 1812, 6, 302.000000, PT1, 500, 1, 500.000000, 
bse_controlled_0001, 003862, 87, 109, MA, 1822, 6, 303.666667, PT1, 500, 1, 500.000000, 
bse_controlled_0001, 003899, 95, 102, MA, 1840, 6, 306.666667, PT1, 500, 1, 500.000000, 
bse_controlled_0001, 003932, 94, 101, MA, 1859, 6, 309.833333, PT1, 500, 1, 500.000000, 
bse_controlled_0001, 003972, 95, 100, MA, 1876, 6, 312.666667, PT1, 500, 1, 500.000000, 
bse_controlled_0001, 003996, 95, 107, MA, 1885, 6, 314.166667, PT1, 500, 1, 500.000000, 
bse_controlled_0001, 004030, 88, 99, MA, 1893, 6, 315.500000, PT1, 500, 1, 500.000000, 
bse_controlled_0001, 004042, 88, 110, MA, 1911, 6, 318.500000, PT1, 500, 1, 500.000000, 
bse_controlled_0001, 004057, 87, 99, MA, 1920, 6, 320.000000, PT1, 500, 1, 500.000000, 
bse_controlled_0001, 004079, 98, 111, MA, 1928, 6, 321.333333, PT1, 500, 1, 500.000000, 
bse_controlled_0001, 004122, 87, 110, MA, 1947, 6, 324.500000, PT1, 500, 1, 500.000000, 
bse_controlled_0001, 004163, 97, 106, MA, 1964, 6, 327.333333, PT1, 500, 1, 500.000000, 
bse_controlled_0001, 004171, 97, 106, MA, 1989, 6, 331.500000, PT1, 500, 1, 500.000000, 
bse_controlled_0001, 004203, 97, 99, MA, 2001, 6, 333.500000, PT1, 500, 1, 500.000000, 
bse_controlled_0001, 004246, 97, 99, MA, 2008, 6, 334.666667, PT1, 500, 1, 500.000000, 
bse_controlled_0001, 004278, 98, 104, MA, 2027, 6, 337.833333, PT1, 500, 1, 500.000000, 
bse_controlled_0001, 004322, 96, 102, MA, 2042, 6, 340.333333, PT1, 500, 1, 500.000000, 
bse_controlled_0001, 004365, 87, 99, MA, 2048, 6, 341.333333, PT1, 500, 1, 500.000000, 
bse_controlled_0001, 004385, 98, 99, MA, 2072, 6, 345.333333, PT1, 500, 1, 500.000000, 
bse_controlled_0001, 004386, 87, 113, MA, 2081, 6, 346.833333, PT1, 500, 1, 500.000000, 
bse_controlled_0001, 004417, 90, 102, MA, 2095, 6, 349.166667, PT1, 500, 1, 500.000000, 
bse_controlled_0001, 004432, 90, 102, MA, 2102, 6, 350.333333, PT1, 500, 1, 500.000000, 
bse_controlled_0001, 004473, 99, 102, MA, 2120, 6, 353.333333, PT1, 500, 1, 500.000000, 
bse_controlled_0001, 004509, 99, 100, MA, 2120, 6, 353.333333, PT1, 500, 1, 500.000000, 
bse_controlled_0001, 004510, 91, 115, MA, 2136, 6, 356.000000, PT1, 500, 1, 500.000000, 
bse_controlled_0001, 004538, 93, 100, MA, 2146, 6, 357.666667, PT1, 500, 1, 500.000000, 
bse_controlled_0001, 004561, 87, 100, MA, 2170, 6, 361.666667, PT1, 500, 1, 500.000000, 
bse_controlled_0001, 004594, 97, 103, MA, 2187, 6, 364.500000, PT1, 500, 1, 500.000000, 
bse_controlled_0001, 004630, 87, 102, MA, 2199, 6, 366.500000, PT1, 500, 1, 500.000000, 
bse_controlled_0001, 004657, 95, 102, MA, 2216, 6, 369.333333, PT1, 500, 1, 500.000000, 
bse_controlled_0001, 004683, 94, 101, MA, 2226, 6, 371.000000, PT1, 500, 1, 500.000000, 
bse_controlled_0001, 004711, 99, 115, MA, 2237, 6, 372.833333, PT1, 500, 1, 500.000000, 
bse_controlled_0001, 004733, 99, 104, MA, 2252, 6, 375.333333, PT1, 500, 1, 500.000000, 
bse_controlled_0001, 004750, 99, 104, MA, 2278, 6, 379.666667, PT1, 500, 1, 500.000000, 
bse_controlled_0001, 004780, 95, 107, MA, 2288, 6, 381.333333, PT1, 500, 1, 500.000000, 
bse_controlled_0001, 004812, 99, 109, MA, 2294, 6, 382.333333, PT1, 500, 1, 500.000000, 
bse_controlled_0001, 004831, 97, 109, MA, 2308, 6, 384.666667, PT1, 500, 1, 500.000000, 
bse_controlled_0001, 004861, 87, 101, MA, 2318, 6, 386.333333, PT1, 500, 1, 500.000000, 
bse_controlled_0001, 004878, 87, 101, MA, 2347, 6, 391.166667, PT1, 500, 1, 500.000000, 
bse_controlled_0001, 004903, 92, 112, MA, 2352, 6, 392.000000, PT1, 500, 1, 500.000000, 
bse_controlled_0001, 004929, 94, 104, MA, 2375, 6, 395.833333, PT1, 500, 1, 500.000000, 
bse_controlled_0001, 004943, 94, 104, MA, 2398, 6, 399.666667, PT1, 500, 1, 500.000000, 
bse_controlled_0001, 004989, 98, 104, MA, 2428, 6, 404.666667, PT1, 500, 1, 500.000000, 
bse_controlled_0001, 005000, 98, 104, MA, 2428, 6, 404.666667, PT1, 500, 1, 500.000000, 
