bse_controlled_0001, 000030, None, 101, MOM_QL, 0, 6, 0.000000, PT1, 500, 1, 500.000000, 
bse_controlled_0001, 000031, None, 101, MOM_QL, 0, 6, 0.000000, PT1, 500, 1, 500.000000, 
bse_controlled_0001, 000032, None, None, MOM_QL, 0, 6, 0.000000, PT1, 500, 1, 500.000000, 
bse_controlled_0001, 000060, None, None, MOM_QL, 0, 6, 0.000000, PT1, 500, 1, 500.000000, 
bse_controlled_0001, 000061, 100, None, MOM_QL, 1, 6, 0.166667, PT1, 500, 1, 500.000000, 
bse_controlled_0001, 000090, None, None, MOM_QL, 2, 6, 0.333333, PT1, 500, 1, 500.000000, 
bse_controlled_0001, 000091, None, None, MOM_QL, 2, 6, 0.333333, PT1, 500, 1, 500.000000, 
bse_controlled_0001, 000121, None, None, MOM_QL, 3, 6, 0.500000, PT1, 500, 1, 500.000000, 
bse_controlled_0001, 000122, None, 101, MOM_QL, 3, 6, 0.500000, PT1, 500, 1, 500.000000, 
bse_controlled_0001, 000151, 100, None, MOM_QL, 3, 6, 0.500000, PT1, 500, 1, 500.000000, 
bse_controlled_0001, 000151, None, None, MOM_QL, 3, 6, 0.500000, PT1, 500, 1, 500.000000, 
bse_controlled_0001, 000153, None, None, MOM_QL, 3, 6, 0.500000, PT1, 500, 1, 500.000000, 
bse_controlled_0001, 000181, None, None, MOM_QL, 3, 6, 0.500000, PT1, 500, 1, 500.000000, 
bse_controlled_0001, 000182, None, 101, MOM_QL, 3, 6, 0.500000, PT1, 500, 1, 500.000000, 
bse_controlled_0001, 000182, None, None, MOM_QL, 3, 6, 0.500000, PT1, 500, 1, 500.000000, 
bse_controlled_0001, 000211, None, None, MOM_QL, 3, 6, 0.500000, PT1, 500, 1, 500.000000, 
bse_controlled_0001, 000212, None, None, MOM_QL, 3, 6, 0.500000, PT1, 500, 1, 500.000000, 
bse_controlled_0001, 000212, None, None, MOM_QL, 3, 6, 0.500000, PT1, 500, 1, 500.000000, 
bse_controlled_0001, 000242, None, None, MOM_QL, 3, 6, 0.500000, PT1, 500, 1, 500.000000, 
bse_controlled_0001, 000246, 100, None, MOM_QL, 3, 6, 0.500000, PT1, 500, 1, 500.000000, 
bse_controlled_0001, 000248, None, None, MOM_QL, 3, 6, 0.500000, PT1, 500, 1, 500.000000, 
bse_controlled_0001, 000272, 100, None, MOM_QL, 3, 6, 0.500000, PT1, 500, 1, 500.000000, 
bse_controlled_0001, 000273, 100, None, MOM_QL, 3, 6, 0.500000, PT1, 500, 1, 500.000000, 
bse_controlled_0001, 000273, None, None, MOM_QL, 3, 6, 0.500000, PT1, 500, 1, 500.000000, 
bse_controlled_0001, 000302, None, 100, MOM_QL, 3, 6, 0.500000, PT1, 500, 1, 500.000000, 
bse_controlled_0001, 000303, None, None, MOM_QL, 3, 6, 0.500000, PT1, 500, 1, 500.000000, 
bse_controlled_0001, 000303, None, None, MOM_QL, 3, 6, 0.500000, PT1, 500, 1, 500.000000, 
bse_controlled_0001, 000332, None, None, MOM_QL, 4, 6, 0.666667, PT1, 500, 1, 500.000000, 
bse_controlled_0001, 000333, None, 101, MOM_QL, 4, 6, 0.666667, PT1, 500, 1, 500.000000, 
bse_controlled_0001, 000363, None, None, MOM_QL, 4, 6, 0.666667, PT1, 500, 1, 500.000000, 
bse_controlled_0001, 000363, None, 100, MOM_QL, 4, 6, 0.666667, PT1, 500, 1, 500.000000, 
bse_controlled_0001, 000363, None, None, MOM_QL, 4, 6, 0.666667, PT1, 500, 1, 500.000000, 
bse_controlled_0001, 000392, None, None, MOM_QL, 4, 6, 0.666667, PT1, 500, 1, 500.000000, 
bse_controlled_0001, 000393, None, None, MOM_QL, 5, 6, 0.833333, PT1, 500, 1, 500.000000, 
bse_controlled_0001, 000423, None, 100, MOM_QL, 6, 6, 1.000000, PT1, 500, 1, 500.000000, 
bse_controlled_0001, 000424, None, 101, MOM_QL, 6, 6, 1.000000, PT1, 500, 1, 500.000000, 
bse_controlled_0001, 000453, None, None, MOM_QL, 6, 6, 1.000000, PT1, 500, 1, 500.000000, 
bse_controlled_0001, 000454, None, 101, MOM_QL, 7, 6, 1.166667, PT1, 500, 1, 500.000000, 
bse_controlled_0001, 000483, 100, None, MOM_QL, 8, 6, 1.333333, PT1, 500, 1, 500.000000, 
bse_controlled_0001, 000484, None, None, MOM_QL, 8, 6, 1.333333, PT1, 500, 1, 500.000000, 
bse_controlled_0001, 000513, None, 100, MOM_QL, 8, 6, 1.333333, PT1, 500, 1, 500.000000, 
bse_controlled_0001, 000514, None, 101, MOM_QL, 9, 6, 1.500000, PT1, 500, 1, 500.000000, 
bse_controlled_0001, 000543, None, None, MOM_QL, 9, 6, 1.500000, PT1, 500, 1, 500.000000, 
bse_controlled_0001, 000544, None, 101, MOM_QL, 9, 6, 1.500000, PT1, 500, 1, 500.000000, 
bse_controlled_0001, 000544, None, None, MOM_QL, 9, 6, 1.500000, PT1, 500, 1, 500.000000, 
bse_controlled_0001, 000574, None, None, MOM_QL, 9, 6, 1.500000, PT1, 500, 1, 500.000000, 
bse_controlled_0001, 000574, None, None, MOM_QL, 9, 6, 1.500000, PT1, 500, 1, 500.000000, 
bse_controlled_0001, 000576, None, None, MOM_QL, 9, 6, 1.500000, PT1, 500, 1, 500.000000, 
bse_controlled_0001, 000604, None, 100, MOM_QL, 10, 6, 1.666667, PT1, 500, 1, 500.000000, 
bse_controlled_0001, 000605, None, 101, MOM_QL, 10, 6, 1.666667, PT1, 500, 1, 500.000000, 
bse_controlled_0001, 000634, None, None, MOM_QL, 10, 6, 1.666667, PT1, 500, 1, 500.000000, 
bse_controlled_0001, 000635, None, None, MOM_QL, 11, 6, 1.833333, PT1, 500, 1, 500.000000, 
bse_controlled_0001, 000664, None, None, MOM_QL, 12, 6, 2.000000, PT1, 500, 1, 500.000000, 
bse_controlled_0001, 000666, 100, 101, MOM_QL, 12, 6, 2.000000, PT1, 500, 1, 500.000000, 
bse_controlled_0001, 000695, None, None, MOM_QL, 12, 6, 2.000000, PT1, 500, 1, 500.000000, 
bse_controlled_0001, 000696, 100, None, MOM_QL, 12, 6, 2.000000, PT1, 500, 1, 500.000000, 
bse_controlled_0001, 000697, None, None, MOM_QL, 12, 6, 2.000000, PT1, 500, 1, 500.000000, 
bse_controlled_0001, 000726, 100, None, MOM_QL, 13, 6, 2.166667, PT1, 500, 1, 500.000000, 
bse_controlled_0001, 000726, 100, 101, MOM_QL, 13, 6, 2.166667, PT1, 500, 1, 500.000000, 
bse_controlled_0001, 000755, None, None, MOM_QL, 13, 6, 2.166667, PT1, 500, 1, 500.000000, 
bse_controlled_0001, 000757, None, 100, MOM_QL, 13, 6, 2.166667, PT1, 500, 1, 500.000000, 
bse_controlled_0001, 000757, None, None, MOM_QL, 13, 6, 2.166667, PT1, 500, 1, 500.000000, 
bse_controlled_0001, 000786, None, None, MOM_QL, 13, 6, 2.166667, PT1, 500, 1, 500.000000, 
bse_controlled_0001, 000786, None, None, MOM_QL, 13, 6, 2.166667, PT1, 500, 1, 500.000000, 
bse_controlled_0001, 000788, None, None, MOM_QL, 13, 6, 2.166667, PT1, 500, 1, 500.000000, 
bse_controlled_0001, 000816, None, None, MOM_QL, 13, 6, 2.166667, PT1, 500, 1, 500.000000, 
bse_controlled_0001, 000816, 100, None, MOM_QL, 13, 6, 2.166667, PT1, 500, 1, 500.000000, 
bse_controlled_0001, 000816, None, None, MOM_QL, 13, 6, 2.166667, PT1, 500, 1, 500.000000, 
bse_controlled_0001, 000846, None, None, MOM_QL, 14, 6, 2.333333, PT1, 500, 1, 500.000000, 
bse_controlled_0001, 000847, 100, None, MOM_QL, 14, 6, 2.333333, PT1, 500, 1, 500.000000, 
bse_controlled_0001, 000877, None, 101, MOM_QL, 15, 6, 2.500000, PT1, 500, 1, 500.000000, 
bse_controlled_0001, 000878, 100, 101, MOM_QL, 15, 6, 2.500000, PT1, 500, 1, 500.000000, 
bse_controlled_0001, 000907, None, None, MOM_QL, 15, 6, 2.500000, PT1, 500, 1, 500.000000, 
bse_controlled_0001, 000907, None, None, MOM_QL, 15, 6, 2.500000, PT1, 500, 1, 500.000000, 
bse_controlled_0001, 000909, None, None, MOM_QL, 15, 6, 2.500000, PT1, 500, 1, 500.000000, 
bse_controlled_0001, 000937, None, 100, MOM_QL, 15, 6, 2.500000, PT1, 500, 1, 500.000000, 
bse_controlled_0001, 000937, None, None, MOM_QL, 15, 6, 2.500000, PT1, 500, 1, 500.000000, 
bse_controlled_0001, 000938, None, None, MOM_QL, 15, 6, 2.500000, PT1, 500, 1, 500.000000, 
bse_controlled_0001, 000968, 100, None, MOM_QL, 15, 6, 2.500000, PT1, 500, 1, 500.000000, 
bse_controlled_0001, 000968, 100, None, MOM_QL, 15, 6, 2.500000, PT1, 500, 1, 500.000000, 
bse_controlled_0001, 000969, None, None, MOM_QL, 15, 6, 2.500000, PT1, 500, 1, 500.000000, 
bse_controlled_0001, 000998, None, 100, MOM_QL, 15, 6, 2.500000, PT1, 500, 1, 500.000000, 
bse_controlled_0001, 000998, None, 101, MOM_QL, 16, 6, 2.666667, PT1, 500, 1, 500.000000, 
bse_controlled_0001, 001028, None, None, MOM_QL, 17, 6, 2.833333, PT1, 500, 1, 500.000000, 
bse_controlled_0001, 001028, None, 101, MOM_QL, 17, 6, 2.833333, PT1, 500, 1, 500.000000, 
bse_controlled_0001, 001058, 100, None, MOM_QL, 17, 6, 2.833333, PT1, 500, 1, 500.000000, 
bse_controlled_0001, 001058, 100, None, MOM_QL, 17, 6, 2.833333, PT1, 500, 1, 500.000000, 
bse_controlled_0001, 001063, None, None, MOM_QL, 17, 6, 2.833333, PT1, 500, 1, 500.000000, 
bse_controlled_0001, 001089, 100, None, MOM_QL, 18, 6, 3.000000, PT1, 500, 1, 500.000000, 
bse_controlled_0001, 001090, 100, None, MOM_QL, 18, 6, 3.000000, PT1, 500, 1, 500.000000, 
bse_controlled_0001, 001119, None, None, MOM_QL, 18, 6, 3.000000, PT1, 500, 1, 500.000000, 
bse_controlled_0001, 001119, None, None, MOM_QL, 18, 6, 3.000000, PT1, 500, 1, 500.000000, 
bse_controlled_0001, 001120, None, None, MOM_QL, 18, 6, 3.000000, PT1, 500, 1, 500.000000, 
bse_controlled_0001, 001149, None, None, MOM_QL, 19, 6, 3.166667, PT1, 500, 1, 500.000000, 
bse_controlled_0001, 001150, 100, 101, MOM_QL, 19, 6, 3.166667, PT1, 500, 1, 500.000000, 
bse_controlled_0001, 001180, None, 101, MOM_QL, 19, 6, 3.166667, PT1, 500, 1, 500.000000, 
bse_controlled_0001, 001180, None, None, MOM_QL, 19, 6, 3.166667, PT1, 500, 1, 500.000000, 
bse_controlled_0001, 001182, None, None, MOM_QL, 19, 6, 3.166667, PT1, 500, 1, 500.000000, 
bse_controlled_0001, 001210, None, 101, MOM_QL, 20, 6, 3.333333, PT1, 500, 1, 500.000000, 
bse_controlled_0001, 001211, None, 101, MOM_QL, 20, 6, 3.333333, PT1, 500, 1, 500.000000, 
bse_controlled_0001, 001240, None, 101, MOM_QL, 20, 6, 3.333333, PT1, 500, 1, 500.000000, 
bse_controlled_0001, 001241, None, 101, MOM_QL, 20, 6, 3.333333, PT1, 500, 1, 500.000000, 
bse_controlled_0001, 001242, None, None, MOM_QL, 20, 6, 3.333333, PT1, 500, 1, 500.000000, 
bse_controlled_0001, 001271, 100, 101, MOM_QL, 20, 6, 3.333333, PT1, 500, 1, 500.000000, 
bse_controlled_0001, 001273, None, 101, MOM_QL, 20, 6, 3.333333, PT1, 500, 1, 500.000000, 
bse_controlled_0001, 001274, None, None, MOM_QL, 20, 6, 3.333333, PT1, 500, 1, 500.000000, 
bse_controlled_0001, 001300, None, None, MOM_QL, 20, 6, 3.333333, PT1, 500, 1, 500.000000, 
bse_controlled_0001, 001301, None, None, MOM_QL, 20, 6, 3.333333, PT1, 500, 1, 500.000000, 
bse_controlled_0001, 001304, None, None, MOM_QL, 20, 6, 3.333333, PT1, 500, 1, 500.000000, 
bse_controlled_0001, 001331, None, 101, MOM_QL, 21, 6, 3.500000, PT1, 500, 1, 500.000000, 
bse_controlled_0001, 001333, 100, 101, MOM_QL, 21, 6, 3.500000, PT1, 500, 1, 500.000000, 
bse_controlled_0001, 001361, None, None, MOM_QL, 21, 6, 3.500000, PT1, 500, 1, 500.000000, 
bse_controlled_0001, 001361, None, None, MOM_QL, 22, 6, 3.666667, PT1, 500, 1, 500.000000, 
bse_controlled_0001, 001392, 100, None, MOM_QL, 22, 6, 3.666667, PT1, 500, 1, 500.000000, 
bse_controlled_0001, 001392, None, None, MOM_QL, 22, 6, 3.666667, PT1, 500, 1, 500.000000, 
bse_controlled_0001, 001394, None, None, MOM_QL, 22, 6, 3.666667, PT1, 500, 1, 500.000000, 
bse_controlled_0001, 001421, None, None, MOM_QL, 22, 6, 3.666667, PT1, 500, 1, 500.000000, 
bse_controlled_0001, 001422, 100, None, MOM_QL, 23, 6, 3.833333, PT1, 500, 1, 500.000000, 
bse_controlled_0001, 001452, None, None, MOM_QL, 24, 6, 4.000000, PT1, 500, 1, 500.000000, 
bse_controlled_0001, 001453, 100, None, MOM_QL, 24, 6, 4.000000, PT1, 500, 1, 500.000000, 
bse_controlled_0001, 001482, None, 101, MOM_QL, 24, 6, 4.000000, PT1, 500, 1, 500.000000, 
bse_controlled_0001, 001483, 100, None, MOM_QL, 24, 6, 4.000000, PT1, 500, 1, 500.000000, 
bse_controlled_0001, 001484, None, None, MOM_QL, 24, 6, 4.000000, PT1, 500, 1, 500.000000, 
bse_controlled_0001, 001512, None, 100, MOM_QL, 25, 6, 4.166667, PT1, 500, 1, 500.000000, 
bse_controlled_0001, 001513, None, None, MOM_QL, 25, 6, 4.166667, PT1, 500, 1, 500.000000, 
bse_controlled_0001, 001543, None, None, MOM_QL, 26, 6, 4.333333, PT1, 500, 1, 500.000000, 
bse_controlled_0001, 001543, None, 101, MOM_QL, 26, 6, 4.333333, PT1, 500, 1, 500.000000, 
bse_controlled_0001, 001573, None, None, MOM_QL, 26, 6, 4.333333, PT1, 500, 1, 500.000000, 
bse_controlled_0001, 001573, None, None, MOM_QL, 26, 6, 4.333333, PT1, 500, 1, 500.000000, 
bse_controlled_0001, 001574, None, None, MOM_QL, 26, 6, 4.333333, PT1, 500, 1, 500.000000, 
bse_controlled_0001, 001603, None, None, MOM_QL, 26, 6, 4.333333, PT1, 500, 1, 500.000000, 
bse_controlled_0001, 001604, None, None, MOM_QL, 26, 6, 4.333333, PT1, 500, 1, 500.000000, 
bse_controlled_0001, 001605, None, None, MOM_QL, 26, 6, 4.333333, PT1, 500, 1, 500.000000, 
bse_controlled_0001, 001634, None, None, MOM_QL, 26, 6, 4.333333, PT1, 500, 1, 500.000000, 
bse_controlled_0001, 001634, None, None, MOM_QL, 26, 6, 4.333333, PT1, 500, 1, 500.000000, 
bse_controlled_0001, 001635, None, None, MOM_QL, 26, 6, 4.333333, PT1, 500, 1, 500.000000, 
bse_controlled_0001, 001664, None, None, MOM_QL, 26, 6, 4.333333, PT1, 500, 1, 500.000000, 
bse_controlled_0001, 001665, None, None, MOM_QL, 26, 6, 4.333333, PT1, 500, 1, 500.000000, 
bse_controlled_0001, 001668, None, None, MOM_QL, 26, 6, 4.333333, PT1, 500, 1, 500.000000, 
bse_controlled_0001, 001694, None, None, MOM_QL, 26, 6, 4.333333, PT1, 500, 1, 500.000000, 
bse_controlled_0001, 001696, None, 101, MOM_QL, 26, 6, 4.333333, PT1, 500, 1, 500.000000, 
bse_controlled_0001, 001697, None, None, MOM_QL, 26, 6, 4.333333, PT1, 500, 1, 500.000000, 
bse_controlled_0001, 001725, 100, None, MOM_QL, 27, 6, 4.500000, PT1, 500, 1, 500.000000, 
bse_controlled_0001, 001725, None, None, MOM_QL, 27, 6, 4.500000, PT1, 500, 1, 500.000000, 
bse_controlled_0001, 001755, 100, 101, MOM_QL, 27, 6, 4.500000, PT1, 500, 1, 500.000000, 
bse_controlled_0001, 001756, 100, None, MOM_QL, 27, 6, 4.500000, PT1, 500, 1, 500.000000, 
bse_controlled_0001, 001756, None, None, MOM_QL, 27, 6, 4.500000, PT1, 500, 1, 500.000000, 
bse_controlled_0001, 001785, 100, None, MOM_QL, 27, 6, 4.500000, PT1, 500, 1, 500.000000, 
bse_controlled_0001, 001786, 100, None, MOM_QL, 27, 6, 4.500000, PT1, 500, 1, 500.000000, 
bse_controlled_0001, 001786, None, None, MOM_QL, 27, 6, 4.500000, PT1, 500, 1, 500.000000, 
bse_controlled_0001, 001815, None, None, MOM_QL, 27, 6, 4.500000, PT1, 500, 1, 500.000000, 
bse_controlled_0001, 001817, 100, None, MOM_QL, 27, 6, 4.500000, PT1, 500, 1, 500.000000, 
bse_controlled_0001, 001818, None, None, MOM_QL, 27, 6, 4.500000, PT1, 500, 1, 500.000000, 
bse_controlled_0001, 001845, None, None, MOM_QL, 27, 6, 4.500000, PT1, 500, 1, 500.000000, 
bse_controlled_0001, 001846, None, None, MOM_QL, 27, 6, 4.500000, PT1, 500, 1, 500.000000, 
bse_controlled_0001, 001847, None, None, MOM_QL, 27, 6, 4.500000, PT1, 500, 1, 500.000000, 
bse_controlled_0001, 001876, None, 100, MOM_QL, 27, 6, 4.500000, PT1, 500, 1, 500.000000, 
bse_controlled_0001, 001876, None, None, MOM_QL, 27, 6, 4.500000, PT1, 500, 1, 500.000000, 
bse_controlled_0001, 001877, None, None, MOM_QL, 27, 6, 4.500000, PT1, 500, 1, 500.000000, 
bse_controlled_0001, 001906, None, None, MOM_QL, 28, 6, 4.666667, PT1, 500, 1, 500.000000, 
bse_controlled_0001, 001907, None, None, MOM_QL, 28, 6, 4.666667, PT1, 500, 1, 500.000000, 
bse_controlled_0001, 001937, 100, None, MOM_QL, 28, 6, 4.666667, PT1, 500, 1, 500.000000, 
bse_controlled_0001, 001938, 100, None, MOM_QL, 28, 6, 4.666667, PT1, 500, 1, 500.000000, 
bse_controlled_0001, 001938, None, None, MOM_QL, 28, 6, 4.666667, PT1, 500, 1, 500.000000, 
bse_controlled_0001, 001967, None, None, MOM_QL, 29, 6, 4.833333, PT1, 500, 1, 500.000000, 
bse_controlled_0001, 001969, 100, 101, MOM_QL, 29, 6, 4.833333, PT1, 500, 1, 500.000000, 
bse_controlled_0001, 001997, None, 101, MOM_QL, 29, 6, 4.833333, PT1, 500, 1, 500.000000, 
bse_controlled_0001, 001998, None, 101, MOM_QL, 29, 6, 4.833333, PT1, 500, 1, 500.000000, 
bse_controlled_0001, 001998, None, None, MOM_QL, 29, 6, 4.833333, PT1, 500, 1, 500.000000, 
bse_controlled_0001, 002027, None, None, MOM_QL, 30, 6, 5.000000, PT1, 500, 1, 500.000000, 
bse_controlled_0001, 002028, None, 101, MOM_QL, 30, 6, 5.000000, PT1, 500, 1, 500.000000, 
bse_controlled_0001, 002057, 100, None, MOM_QL, 30, 6, 5.000000, PT1, 500, 1, 500.000000, 
bse_controlled_0001, 002058, None, None, MOM_QL, 30, 6, 5.000000, PT1, 500, 1, 500.000000, 
bse_controlled_0001, 002059, None, None, MOM_QL, 30, 6, 5.000000, PT1, 500, 1, 500.000000, 
bse_controlled_0001, 002088, None, 100, MOM_QL, 31, 6, 5.166667, PT1, 500, 1, 500.000000, 
bse_controlled_0001, 002088, None, 101, MOM_QL, 31, 6, 5.166667, PT1, 500, 1, 500.000000, 
bse_controlled_0001, 002118, None, 101, MOM_QL, 31, 6, 5.166667, PT1, 500, 1, 500.000000, 
bse_controlled_0001, 002118, None, 101, MOM_QL, 31, 6, 5.166667, PT1, 500, 1, 500.000000, 
bse_controlled_0001, 002119, None, None, MOM_QL, 31, 6, 5.166667, PT1, 500, 1, 500.000000, 
bse_controlled_0001, 002148, None, None, MOM_QL, 31, 6, 5.166667, PT1, 500, 1, 500.000000, 
bse_controlled_0001, 002148, None, 101, MOM_QL, 31, 6, 5.166667, PT1, 500, 1, 500.000000, 
bse_controlled_0001, 002150, None, None, MOM_QL, 31, 6, 5.166667, PT1, 500, 1, 500.000000, 
bse_controlled_0001, 002178, None, None, MOM_QL, 31, 6, 5.166667, PT1, 500, 1, 500.000000, 
bse_controlled_0001, 002179, None, 101, MOM_QL, 31, 6, 5.166667, PT1, 500, 1, 500.000000, 
bse_controlled_0001, 002179, None, None, MOM_QL, 31, 6, 5.166667, PT1, 500, 1, 500.000000, 
bse_controlled_0001, 002208, None, 101, MOM_QL, 31, 6, 5.166667, PT1, 500, 1, 500.000000, 
bse_controlled_0001, 002208, None, None, MOM_QL, 31, 6, 5.166667, PT1, 500, 1, 500.000000, 
bse_controlled_0001, 002212, None, None, MOM_QL, 31, 6, 5.166667, PT1, 500, 1, 500.000000, 
bse_controlled_0001, 002239, None, 101, MOM_QL, 31, 6, 5.166667, PT1, 500, 1, 500.000000, 
bse_controlled_0001, 002240, None, 101, MOM_QL, 31, 6, 5.166667, PT1, 500, 1, 500.000000, 
bse_controlled_0001, 002240, None, None, MOM_QL, 31, 6, 5.166667, PT1, 500, 1, 500.000000, 
bse_controlled_0001, 002268, None, None, MOM_QL, 31, 6, 5.166667, PT1, 500, 1, 500.000000, 
bse_controlled_0001, 002269, 100, None, MOM_QL, 32, 6, 5.333333, PT1, 500, 1, 500.000000, 
bse_controlled_0001, 002299, 100, None, MOM_QL, 33, 6, 5.500000, PT1, 500, 1, 500.000000, 
bse_controlled_0001, 002299, None, 101, MOM_QL, 33, 6, 5.500000, PT1, 500, 1, 500.000000, 
bse_controlled_0001, 002329, 100, None, MOM_QL, 34, 6, 5.666667, PT1, 500, 1, 500.000000, 
bse_controlled_0001, 002330, 100, 101, MOM_QL, 34, 6, 5.666667, PT1, 500, 1, 500.000000, 
bse_controlled_0001, 002359, None, 101, MOM_QL, 34, 6, 5.666667, PT1, 500, 1, 500.000000, 
bse_controlled_0001, 002361, None, 101, MOM_QL, 34, 6, 5.666667, PT1, 500, 1, 500.000000, 
bse_controlled_0001, 002362, None, None, MOM_QL, 34, 6, 5.666667, PT1, 500, 1, 500.000000, 
bse_controlled_0001, 002389, None, None, MOM_QL, 34, 6, 5.666667, PT1, 500, 1, 500.000000, 
bse_controlled_0001, 002390, None, 101, MOM_QL, 34, 6, 5.666667, PT1, 500, 1, 500.000000, 
bse_controlled_0001, 002392, None, None, MOM_QL, 34, 6, 5.666667, PT1, 500, 1, 500.000000, 
bse_controlled_0001, 002419, None, None, MOM_QL, 34, 6, 5.666667, PT1, 500, 1, 500.000000, 
bse_controlled_0001, 002420, 100, None, MOM_QL, 35, 6, 5.833333, PT1, 500, 1, 500.000000, 
bse_controlled_0001, 002449, None, None, MOM_QL, 35, 6, 5.833333, PT1, 500, 1, 500.000000, 
bse_controlled_0001, 002451, 100, None, MOM_QL, 35, 6, 5.833333, PT1, 500, 1, 500.000000, 
bse_controlled_0001, 002451, None, None, MOM_QL, 35, 6, 5.833333, PT1, 500, 1, 500.000000, 
bse_controlled_0001, 002480, 100, None, MOM_QL, 35, 6, 5.833333, PT1, 500, 1, 500.000000, 
bse_controlled_0001, 002480, 100, None, MOM_QL, 35, 6, 5.833333, PT1, 500, 1, 500.000000, 
bse_controlled_0001, 002481, None, None, MOM_QL, 35, 6, 5.833333, PT1, 500, 1, 500.000000, 
bse_controlled_0001, 002510, None, 101, MOM_QL, 35, 6, 5.833333, PT1, 500, 1, 500.000000, 
bse_controlled_0001, 002510, None, None, MOM_QL, 35, 6, 5.833333, PT1, 500, 1, 500.000000, 
bse_controlled_0001, 002511, None, None, MOM_QL, 35, 6, 5.833333, PT1, 500, 1, 500.000000, 
bse_controlled_0001, 002540, None, 100, MOM_QL, 35, 6, 5.833333, PT1, 500, 1, 500.000000, 
bse_controlled_0001, 002541, None, 101, MOM_QL, 36, 6, 6.000000, PT1, 500, 1, 500.000000, 
bse_controlled_0001, 002570, None, 101, MOM_QL, 36, 6, 6.000000, PT1, 500, 1, 500.000000, 
bse_controlled_0001, 002570, 100, None, MOM_QL, 36, 6, 6.000000, PT1, 500, 1, 500.000000, 
bse_controlled_0001, 002572, None, None, MOM_QL, 36, 6, 6.000000, PT1, 500, 1, 500.000000, 
bse_controlled_0001, 002600, None, None, MOM_QL, 36, 6, 6.000000, PT1, 500, 1, 500.000000, 
bse_controlled_0001, 002601, 100, None, MOM_QL, 36, 6, 6.000000, PT1, 500, 1, 500.000000, 
bse_controlled_0001, 002603, None, None, MOM_QL, 36, 6, 6.000000, PT1, 500, 1, 500.000000, 
bse_controlled_0001, 002630, None, 101, MOM_QL, 37, 6, 6.166667, PT1, 500, 1, 500.000000, 
bse_controlled_0001, 002631, None, 101, MOM_QL, 37, 6, 6.166667, PT1, 500, 1, 500.000000, 
bse_controlled_0001, 002661, 100, None, MOM_QL, 37, 6, 6.166667, PT1, 500, 1, 500.000000, 
bse_controlled_0001, 002661, None, None, MOM_QL, 37, 6, 6.166667, PT1, 500, 1, 500.000000, 
bse_controlled_0001, 002662, None, None, MOM_QL, 37, 6, 6.166667, PT1, 500, 1, 500.000000, 
bse_controlled_0001, 002690, None, None, MOM_QL, 38, 6, 6.333333, PT1, 500, 1, 500.000000, 
bse_controlled_0001, 002692, 100, 101, MOM_QL, 38, 6, 6.333333, PT1, 500, 1, 500.000000, 
bse_controlled_0001, 002722, 100, None, MOM_QL, 39, 6, 6.500000, PT1, 500, 1, 500.000000, 
bse_controlled_0001, 002723, 100, 101, MOM_QL, 39, 6, 6.500000, PT1, 500, 1, 500.000000, 
bse_controlled_0001, 002751, 100, 101, MOM_QL, 39, 6, 6.500000, PT1, 500, 1, 500.000000, 
bse_controlled_0001, 002752, None, 101, MOM_QL, 39, 6, 6.500000, PT1, 500, 1, 500.000000, 
bse_controlled_0001, 002753, None, None, MOM_QL, 39, 6, 6.500000, PT1, 500, 1, 500.000000, 
bse_controlled_0001, 002781, None, None, MOM_QL, 40, 6, 6.666667, PT1, 500, 1, 500.000000, 
bse_controlled_0001, 002782, None, None, MOM_QL, 40, 6, 6.666667, PT1, 500, 1, 500.000000, 
bse_controlled_0001, 002812, 100, 101, MOM_QL, 40, 6, 6.666667, PT1, 500, 1, 500.000000, 
bse_controlled_0001, 002813, None, 101, MOM_QL, 40, 6, 6.666667, PT1, 500, 1, 500.000000, 
bse_controlled_0001, 002815, None, None, MOM_QL, 40, 6, 6.666667, PT1, 500, 1, 500.000000, 
bse_controlled_0001, 002841, None, None, MOM_QL, 40, 6, 6.666667, PT1, 500, 1, 500.000000, 
bse_controlled_0001, 002842, None, None, MOM_QL, 40, 6, 6.666667, PT1, 500, 1, 500.000000, 
bse_controlled_0001, 002842, None, None, MOM_QL, 40, 6, 6.666667, PT1, 500, 1, 500.000000, 
bse_controlled_0001, 002871, None, 101, MOM_QL, 40, 6, 6.666667, PT1, 500, 1, 500.000000, 
bse_controlled_0001, 002872, None, 101, MOM_QL, 40, 6, 6.666667, PT1, 500, 1, 500.000000, 
bse_controlled_0001, 002873, None, None, MOM_QL, 40, 6, 6.666667, PT1, 500, 1, 500.000000, 
bse_controlled_0001, 002902, None, None, MOM_QL, 40, 6, 6.666667, PT1, 500, 1, 500.000000, 
bse_controlled_0001, 002902, 100, None, MOM_QL, 40, 6, 6.666667, PT1, 500, 1, 500.000000, 
bse_controlled_0001, 002904, None, None, MOM_QL, 40, 6, 6.666667, PT1, 500, 1, 500.000000, 
bse_controlled_0001, 002932, None, None, MOM_QL, 40, 6, 6.666667, PT1, 500, 1, 500.000000, 
bse_controlled_0001, 002933, None, 101, MOM_QL, 40, 6, 6.666667, PT1, 500, 1, 500.000000, 
bse_controlled_0001, 002935, None, None, MOM_QL, 40, 6, 6.666667, PT1, 500, 1, 500.000000, 
bse_controlled_0001, 002962, 100, None, MOM_QL, 41, 6, 6.833333, PT1, 500, 1, 500.000000, 
bse_controlled_0001, 002964, 100, 101, MOM_QL, 41, 6, 6.833333, PT1, 500, 1, 500.000000, 
bse_controlled_0001, 002992, None, None, MOM_QL, 41, 6, 6.833333, PT1, 500, 1, 500.000000, 
bse_controlled_0001, 002993, 100, None, MOM_QL, 41, 6, 6.833333, PT1, 500, 1, 500.000000, 
bse_controlled_0001, 002994, None, None, MOM_QL, 41, 6, 6.833333, PT1, 500, 1, 500.000000, 
bse_controlled_0001, 003022, 100, None, MOM_QL, 41, 6, 6.833333, PT1, 500, 1, 500.000000, 
bse_controlled_0001, 003023, 100, None, MOM_QL, 41, 6, 6.833333, PT1, 500, 1, 500.000000, 
bse_controlled_0001, 003024, None, None, MOM_QL, 41, 6, 6.833333, PT1, 500, 1, 500.000000, 
bse_controlled_0001, 003052, None, 101, MOM_QL, 41, 6, 6.833333, PT1, 500, 1, 500.000000, 
bse_controlled_0001, 003055, 100, None, MOM_QL, 41, 6, 6.833333, PT1, 500, 1, 500.000000, 
bse_controlled_0001, 003055, None, None, MOM_QL, 41, 6, 6.833333, PT1, 500, 1, 500.000000, 
bse_controlled_0001, 003083, 100, None, MOM_QL, 42, 6, 7.000000, PT1, 500, 1, 500.000000, 
bse_controlled_0001, 003083, None, None, MOM_QL, 42, 6, 7.000000, PT1, 500, 1, 500.000000, 
bse_controlled_0001, 003113, 100, 101, MOM_QL, 42, 6, 7.000000, PT1, 500, 1, 500.000000, 
bse_controlled_0001, 003114, None, 101, MOM_QL, 42, 6, 7.000000, PT1, 500, 1, 500.000000, 
bse_controlled_0001, 003115, None, None, MOM_QL, 42, 6, 7.000000, PT1, 500, 1, 500.000000, 
bse_controlled_0001, 003143, None, 101, MOM_QL, 42, 6, 7.000000, PT1, 500, 1, 500.000000, 
bse_controlled_0001, 003143, 100, None, MOM_QL, 42, 6, 7.000000, PT1, 500, 1, 500.000000, 
bse_controlled_0001, 003144, None, None, MOM_QL, 42, 6, 7.000000, PT1, 500, 1, 500.000000, 
bse_controlled_0001, 003174, 100, 101, MOM_QL, 42, 6, 7.000000, PT1, 500, 1, 500.000000, 
bse_controlled_0001, 003175, None, 101, MOM_QL, 42, 6, 7.000000, PT1, 500, 1, 500.000000, 
bse_controlled_0001, 003176, None, None, MOM_QL, 42, 6, 7.000000, PT1, 500, 1, 500.000000, 
bse_controlled_0001, 003203, None, 101, MOM_QL, 42, 6, 7.000000, PT1, 500, 1, 500.000000, 
bse_controlled_0001, 003203, None, None, MOM_QL, 42, 6, 7.000000, PT1, 500, 1, 500.000000, 
bse_controlled_0001, 003206, None, None, MOM_QL, 42, 6, 7.000000, PT1, 500, 1, 500.000000, 
bse_controlled_0001, 003233, None, None, MOM_QL, 43, 6, 7.166667, PT1, 500, 1, 500.000000, 
bse_controlled_0001, 003235, None, 101, MOM_QL, 43, 6, 7.166667, PT1, 500, 1, 500.000000, 
bse_controlled_0001, 003263, None, 101, MOM_QL, 43, 6, 7.166667, PT1, 500, 1, 500.000000, 
bse_controlled_0001, 003264, None, None, MOM_QL, 43, 6, 7.166667, PT1, 500, 1, 500.000000, 
bse_controlled_0001, 003264, None, None, MOM_QL, 43, 6, 7.166667, PT1, 500, 1, 500.000000, 
bse_controlled_0001, 003294, None, 100, MOM_QL, 44, 6, 7.333333, PT1, 500, 1, 500.000000, 
bse_controlled_0001, 003296, None, 101, MOM_QL, 44, 6, 7.333333, PT1, 500, 1, 500.000000, 
bse_controlled_0001, 003324, None, 101, MOM_QL, 45, 6, 7.500000, PT1, 500, 1, 500.000000, 
bse_controlled_0001, 003326, None, 101, MOM_QL, 45, 6, 7.500000, PT1, 500, 1, 500.000000, 
bse_controlled_0001, 003354, None, None, MOM_QL, 45, 6, 7.500000, PT1, 500, 1, 500.000000, 
bse_controlled_0001, 003355, None, 101, MOM_QL, 45, 6, 7.500000, PT1, 500, 1, 500.000000, 
bse_controlled_0001, 003356, None, None, MOM_QL, 45, 6, 7.500000, PT1, 500, 1, 500.000000, 
bse_controlled_0001, 003384, None, None, MOM_QL, 45, 6, 7.500000, PT1, 500, 1, 500.000000, 
bse_controlled_0001, 003384, None, None, MOM_QL, 45, 6, 7.500000, PT1, 500, 1, 500.000000, 
bse_controlled_0001, 003385, None, None, MOM_QL, 45, 6, 7.500000, PT1, 500, 1, 500.000000, 
bse_controlled_0001, 003414, None, None, MOM_QL, 45, 6, 7.500000, PT1, 500, 1, 500.000000, 
bse_controlled_0001, 003414, None, None, MOM_QL, 45, 6, 7.500000, PT1, 500, 1, 500.000000, 
bse_controlled_0001, 003416, None, None, MOM_QL, 45, 6, 7.500000, PT1, 500, 1, 500.000000, 
bse_controlled_0001, 003444, None, None, MOM_QL, 45, 6, 7.500000, PT1, 500, 1, 500.000000, 
bse_controlled_0001, 003445, None, None, MOM_QL, 45, 6, 7.500000, PT1, 500, 1, 500.000000, 
bse_controlled_0001, 003448, None, None, MOM_QL, 45, 6, 7.500000, PT1, 500, 1, 500.000000, 
bse_controlled_0001, 003475, None, 101, MOM_QL, 45, 6, 7.500000, PT1, 500, 1, 500.000000, 
bse_controlled_0001, 003476, 100, None, MOM_QL, 45, 6, 7.500000, PT1, 500, 1, 500.000000, 
bse_controlled_0001, 003476, None, None, MOM_QL, 45, 6, 7.500000, PT1, 500, 1, 500.000000, 
bse_controlled_0001, 003504, None, None, MOM_QL, 45, 6, 7.500000, PT1, 500, 1, 500.000000, 
bse_controlled_0001, 003505, None, None, MOM_QL, 45, 6, 7.500000, PT1, 500, 1, 500.000000, 
bse_controlled_0001, 003508, None, None, MOM_QL, 45, 6, 7.500000, PT1, 500, 1, 500.000000, 
bse_controlled_0001, 003535, None, None, MOM_QL, 45, 6, 7.500000, PT1, 500, 1, 500.000000, 
bse_controlled_0001, 003535, None, None, MOM_QL, 45, 6, 7.500000, PT1, 500, 1, 500.000000, 
bse_controlled_0001, 003536, None, None, MOM_QL, 45, 6, 7.500000, PT1, 500, 1, 500.000000, 
bse_controlled_0001, 003565, 100, None, MOM_QL, 46, 6, 7.666667, PT1, 500, 1, 500.000000, 
bse_controlled_0001, 003567, 100, 101, MOM_QL, 46, 6, 7.666667, PT1, 500, 1, 500.000000, 
bse_controlled_0001, 003595, None, None, MOM_QL, 47, 6, 7.833333, PT1, 500, 1, 500.000000, 
bse_controlled_0001, 003596, None, 101, MOM_QL, 47, 6, 7.833333, PT1, 500, 1, 500.000000, 
bse_controlled_0001, 003625, None, 101, MOM_QL, 47, 6, 7.833333, PT1, 500, 1, 500.000000, 
bse_controlled_0001, 003626, 100, None, MOM_QL, 47, 6, 7.833333, PT1, 500, 1, 500.000000, 
bse_controlled_0001, 003627, None, None, MOM_QL, 47, 6, 7.833333, PT1, 500, 1, 500.000000, 
bse_controlled_0001, 003655, None, 101, MOM_QL, 47, 6, 7.833333, PT1, 500, 1, 500.000000, 
bse_controlled_0001, 003657, None, 101, MOM_QL, 47, 6, 7.833333, PT1, 500, 1, 500.000000, 
bse_controlled_0001, 003658, None, None, MOM_QL, 47, 6, 7.833333, PT1, 500, 1, 500.000000, 
bse_controlled_0001, 003685, None, 101, MOM_QL, 47, 6, 7.833333, PT1, 500, 1, 500.000000, 
bse_controlled_0001, 003686, 100, None, MOM_QL, 47, 6, 7.833333, PT1, 500, 1, 500.000000, 
bse_controlled_0001, 003686, None, None, MOM_QL, 47, 6, 7.833333, PT1, 500, 1, 500.000000, 
bse_controlled_0001, 003715, None, None, MOM_QL, 48, 6, 8.000000, PT1, 500, 1, 500.000000, 
bse_controlled_0001, 003716, None, None, MOM_QL, 48, 6, 8.000000, PT1, 500, 1, 500.000000, 
bse_controlled_0001, 003746, None, 100, MOM_QL, 48, 6, 8.000000, PT1, 500, 1, 500.000000, 
bse_controlled_0001, 003746, None, 101, MOM_QL, 48, 6, 8.000000, PT1, 500, 1, 500.000000, 
bse_controlled_0001, 003750, None, None, MOM_QL, 48, 6, 8.000000, PT1, 500, 1, 500.000000, 
bse_controlled_0001, 003776, None, 101, MOM_QL, 48, 6, 8.000000, PT1, 500, 1, 500.000000, 
bse_controlled_0001, 003778, 100, None, MOM_QL, 48, 6, 8.000000, PT1, 500, 1, 500.000000, 
bse_controlled_0001, 003779, None, None, MOM_QL, 48, 6, 8.000000, PT1, 500, 1, 500.000000, 
bse_controlled_0001, 003806, None, None, MOM_QL, 48, 6, 8.000000, PT1, 500, 1, 500.000000, 
bse_controlled_0001, 003806, None, None, MOM_QL, 49, 6, 8.166667, PT1, 500, 1, 500.000000, 
bse_controlled_0001, 003836, None, None, MOM_QL, 49, 6, 8.166667, PT1, 500, 1, 500.000000, 
bse_controlled_0001, 003836, None, None, MOM_QL, 50, 6, 8.333333, PT1, 500, 1, 500.000000, 
bse_controlled_0001, 003866, None, None, MOM_QL, 50, 6, 8.333333, PT1, 500, 1, 500.000000, 
bse_controlled_0001, 003867, 100, None, MOM_QL, 51, 6, 8.500000, PT1, 500, 1, 500.000000, 
bse_controlled_0001, 003897, 100, None, MOM_QL, 51, 6, 8.500000, PT1, 500, 1, 500.000000, 
bse_controlled_0001, 003898, 100, None, MOM_QL, 51, 6, 8.500000, PT1, 500, 1, 500.000000, 
bse_controlled_0001, 003898, None, None, MOM_QL, 51, 6, 8.500000, PT1, 500, 1, 500.000000, 
bse_controlled_0001, 003926, None, None, MOM_QL, 52, 6, 8.666667, PT1, 500, 1, 500.000000, 
bse_controlled_0001, 003927, None, None, MOM_QL, 52, 6, 8.666667, PT1, 500, 1, 500.000000, 
bse_controlled_0001, 003957, None, None, MOM_QL, 52, 6, 8.666667, PT1, 500, 1, 500.000000, 
bse_controlled_0001, 003957, None, None, MOM_QL, 52, 6, 8.666667, PT1, 500, 1, 500.000000, 
bse_controlled_0001, 003958, None, None, MOM_QL, 52, 6, 8.666667, PT1, 500, 1, 500.000000, 
bse_controlled_0001, 003987, None, 101, MOM_QL, 52, 6, 8.666667, PT1, 500, 1, 500.000000, 
bse_controlled_0001, 003991, None, 101, MOM_QL, 53, 6, 8.833333, PT1, 500, 1, 500.000000, 
bse_controlled_0001, 004017, None, None, MOM_QL, 53, 6, 8.833333, PT1, 500, 1, 500.000000, 
bse_controlled_0001, 004018, 100, None, MOM_QL, 54, 6, 9.000000, PT1, 500, 1, 500.000000, 
bse_controlled_0001, 004047, None, 101, MOM_QL, 54, 6, 9.000000, PT1, 500, 1, 500.000000, 
bse_controlled_0001, 004049, None, 101, MOM_QL, 55, 6, 9.166667, PT1, 500, 1, 500.000000, 
bse_controlled_0001, 004078, 100, None, MOM_QL, 55, 6, 9.166667, PT1, 500, 1, 500.000000, 
bse_controlled_0001, 004078, None, None, MOM_QL, 55, 6, 9.166667, PT1, 500, 1, 500.000000, 
bse_controlled_0001, 004079, None, None, MOM_QL, 55, 6, 9.166667, PT1, 500, 1, 500.000000, 
bse_controlled_0001, 004107, None, None, MOM_QL, 55, 6, 9.166667, PT1, 500, 1, 500.000000, 
bse_controlled_0001, 004108, None, None, MOM_QL, 55, 6, 9.166667, PT1, 500, 1, 500.000000, 
bse_controlled_0001, 004109, None, None, MOM_QL, 55, 6, 9.166667, PT1, 500, 1, 500.000000, 
bse_controlled_0001, 004137, None, None, MOM_QL, 55, 6, 9.166667, PT1, 500, 1, 500.000000, 
bse_controlled_0001, 004139, None, None, MOM_QL, 55, 6, 9.166667, PT1, 500, 1, 500.000000, 
bse_controlled_0001, 004141, None, None, MOM_QL, 55, 6, 9.166667, PT1, 500, 1, 500.000000, 
bse_controlled_0001, 004168, None, None, MOM_QL, 56, 6, 9.333333, PT1, 500, 1, 500.000000, 
bse_controlled_0001, 004169, None, 101, MOM_QL, 56, 6, 9.333333, PT1, 500, 1, 500.000000, 
bse_controlled_0001, 004198, 100, None, MOM_QL, 56, 6, 9.333333, PT1, 500, 1, 500.000000, 
bse_controlled_0001, 004199, 100, None, MOM_QL, 56, 6, 9.333333, PT1, 500, 1, 500.000000, 
bse_controlled_0001, 004199, None, None, MOM_QL, 56, 6, 9.333333, PT1, 500, 1, 500.000000, 
bse_controlled_0001, 004229, 100, None, MOM_QL, 56, 6, 9.333333, PT1, 500, 1, 500.000000, 
bse_controlled_0001, 004230, None, None, MOM_QL, 56, 6, 9.333333, PT1, 500, 1, 500.000000, 
bse_controlled_0001, 004234, None, None, MOM_QL, 56, 6, 9.333333, PT1, 500, 1, 500.000000, 
bse_controlled_0001, 004259, None, 100, MOM_QL, 57, 6, 9.500000, PT1, 500, 1, 500.000000, 
bse_controlled_0001, 004260, None, 101, MOM_QL, 57, 6, 9.500000, PT1, 500, 1, 500.000000, 
bse_controlled_0001, 004289, 100, None, MOM_QL, 58, 6, 9.666667, PT1, 500, 1, 500.000000, 
bse_controlled_0001, 004290, 100, None, MOM_QL, 58, 6, 9.666667, PT1, 500, 1, 500.000000, 
bse_controlled_0001, 004320, None, None, MOM_QL, 58, 6, 9.666667, PT1, 500, 1, 500.000000, 
bse_controlled_0001, 004320, None, None, MOM_QL, 59, 6, 9.833333, PT1, 500, 1, 500.000000, 
bse_controlled_0001, 004349, None, None, MOM_QL, 59, 6, 9.833333, PT1, 500, 1, 500.000000, 
bse_controlled_0001, 004350, 100, None, MOM_QL, 59, 6, 9.833333, PT1, 500, 1, 500.000000, 
bse_controlled_0001, 004351, None, None, MOM_QL, 59, 6, 9.833333, PT1, 500, 1, 500.000000, 
bse_controlled_0001, 004380, 100, None, MOM_QL, 60, 6, 10.000000, PT1, 500, 1, 500.000000, 
bse_controlled_0001, 004384, 100, 101, MOM_QL, 60, 6, 10.000000, PT1, 500, 1, 500.000000, 
bse_controlled_0001, 004410, None, None, MOM_QL, 60, 6, 10.000000, PT1, 500, 1, 500.000000, 
bse_controlled_0001, 004411, None, None, MOM_QL, 60, 6, 10.000000, PT1, 500, 1, 500.000000, 
bse_controlled_0001, 004414, None, None, MOM_QL, 60, 6, 10.000000, PT1, 500, 1, 500.000000, 
bse_controlled_0001, 004440, None, None, MOM_QL, 61, 6, 10.166667, PT1, 500, 1, 500.000000, 
bse_controlled_0001, 004441, None, None, MOM_QL, 61, 6, 10.166667, PT1, 500, 1, 500.000000, 
bse_controlled_0001, 004471, 100, None, MOM_QL, 61, 6, 10.166667, PT1, 500, 1, 500.000000, 
bse_controlled_0001, 004472, 100, None, MOM_QL, 61, 6, 10.166667, PT1, 500, 1, 500.000000, 
bse_controlled_0001, 004472, None, None, MOM_QL, 61, 6, 10.166667, PT1, 500, 1, 500.000000, 
bse_controlled_0001, 004501, None, None, MOM_QL, 61, 6, 10.166667, PT1, 500, 1, 500.000000, 
bse_controlled_0001, 004501, None, None, MOM_QL, 61, 6, 10.166667, PT1, 500, 1, 500.000000, 
bse_controlled_0001, 004504, None, None, MOM_QL, 61, 6, 10.166667, PT1, 500, 1, 500.000000, 
bse_controlled_0001, 004531, None, None, MOM_QL, 61, 6, 10.166667, PT1, 500, 1, 500.000000, 
bse_controlled_0001, 004533, None, 101, MOM_QL, 61, 6, 10.166667, PT1, 500, 1, 500.000000, 
bse_controlled_0001, 004534, None, None, MOM_QL, 61, 6, 10.166667, PT1, 500, 1, 500.000000, 
bse_controlled_0001, 004562, 100, None, MOM_QL, 61, 6, 10.166667, PT1, 500, 1, 500.000000, 
bse_controlled_0001, 004562, None, None, MOM_QL, 61, 6, 10.166667, PT1, 500, 1, 500.000000, 
bse_controlled_0001, 004563, None, None, MOM_QL, 61, 6, 10.166667, PT1, 500, 1, 500.000000, 
bse_controlled_0001, 004592, None, None, MOM_QL, 62, 6, 10.333333, PT1, 500, 1, 500.000000, 
bse_controlled_0001, 004593, None, 101, MOM_QL, 62, 6, 10.333333, PT1, 500, 1, 500.000000, 
bse_controlled_0001, 004622, None, 101, MOM_QL, 62, 6, 10.333333, PT1, 500, 1, 500.000000, 
bse_controlled_0001, 004623, None, None, MOM_QL, 62, 6, 10.333333, PT1, 500, 1, 500.000000, 
bse_controlled_0001, 004624, None, None, MOM_QL, 62, 6, 10.333333, PT1, 500, 1, 500.000000, 
bse_controlled_0001, 004652, 100, None, MOM_QL, 63, 6, 10.500000, PT1, 500, 1, 500.000000, 
bse_controlled_0001, 004653, 100, None, MOM_QL, 63, 6, 10.500000, PT1, 500, 1, 500.000000, 
bse_controlled_0001, 004683, None, None, MOM_QL, 63, 6, 10.500000, PT1, 500, 1, 500.000000, 
bse_controlled_0001, 004684, None, None, MOM_QL, 63, 6, 10.500000, PT1, 500, 1, 500.000000, 
bse_controlled_0001, 004686, None, None, MOM_QL, 63, 6, 10.500000, PT1, 500, 1, 500.000000, 
bse_controlled_0001, 004714, 100, None, MOM_QL, 63, 6, 10.500000, PT1, 500, 1, 500.000000, 
bse_controlled_0001, 004715, 100, None, MOM_QL, 63, 6, 10.500000, PT1, 500, 1, 500.000000, 
bse_controlled_0001, 004716, None, None, MOM_QL, 63, 6, 10.500000, PT1, 500, 1, 500.000000, 
bse_controlled_0001, 004743, None, None, MOM_QL, 63, 6, 10.500000, PT1, 500, 1, 500.000000, 
bse_controlled_0001, 004744, None, 101, MOM_QL, 64, 6, 10.666667, PT1, 500, 1, 500.000000, 
bse_controlled_0001, 004774, 100, None, MOM_QL, 65, 6, 10.833333, PT1, 500, 1, 500.000000, 
bse_controlled_0001, 004774, None, 101, MOM_QL, 65, 6, 10.833333, PT1, 500, 1, 500.000000, 
bse_controlled_0001, 004804, None, None, MOM_QL, 66, 6, 11.000000, PT1, 500, 1, 500.000000, 
bse_controlled_0001, 004805, None, None, MOM_QL, 66, 6, 11.000000, PT1, 500, 1, 500.000000, 
bse_controlled_0001, 004836, 100, None, MOM_QL, 66, 6, 11.000000, PT1, 500, 1, 500.000000, 
bse_controlled_0001, 004837, 100, None, MOM_QL, 66, 6, 11.000000, PT1, 500, 1, 500.000000, 
bse_controlled_0001, 004839, None, None, MOM_QL, 66, 6, 11.000000, PT1, 500, 1, 500.000000, 
bse_controlled_0001, 004865, None, None, MOM_QL, 66, 6, 11.000000, PT1, 500, 1, 500.000000, 
bse_controlled_0001, 004865, 100, None, MOM_QL, 66, 6, 11.000000, PT1, 500, 1, 500.000000, 
bse_controlled_0001, 004868, None, None, MOM_QL, 66, 6, 11.000000, PT1, 500, 1, 500.000000, 
bse_controlled_0001, 004895, 100, 101, MOM_QL, 66, 6, 11.000000, PT1, 500, 1, 500.000000, 
bse_controlled_0001, 004895, None, 101, MOM_QL, 66, 6, 11.000000, PT1, 500, 1, 500.000000, 
bse_controlled_0001, 004896, None, None, MOM_QL, 66, 6, 11.000000, PT1, 500, 1, 500.000000, 
bse_controlled_0001, 004925, None, None, MOM_QL, 66, 6, 11.000000, PT1, 500, 1, 500.000000, 
bse_controlled_0001, 004925, None, None, MOM_QL, 66, 6, 11.000000, PT1, 500, 1, 500.000000, 
bse_controlled_0001, 004927, None, None, MOM_QL, 66, 6, 11.000000, PT1, 500, 1, 500.000000, 
bse_controlled_0001, 004955, None, 100, MOM_QL, 66, 6, 11.000000, PT1, 500, 1, 500.000000, 
bse_controlled_0001, 004956, None, 101, MOM_QL, 66, 6, 11.000000, PT1, 500, 1, 500.000000, 
bse_controlled_0001, 004959, None, None, MOM_QL, 66, 6, 11.000000, PT1, 500, 1, 500.000000, 
bse_controlled_0001, 004986, None, 101, MOM_QL, 66, 6, 11.000000, PT1, 500, 1, 500.000000, 
bse_controlled_0001, 004987, None, 101, MOM_QL, 66, 6, 11.000000, PT1, 500, 1, 500.000000, 
bse_controlled_0001, 004991, None, None, MOM_QL, 66, 6, 11.000000, PT1, 500, 1, 500.000000, 
bse_controlled_0001, 005000, None, None, MOM_QL, 66, 6, 11.000000, PT1, 500, 1, 500.000000, 
