bse_controlled_0001, 000031, 99, 100, MA, 0, 6, 0.000000, PT1, 500, 1, 500.000000, 
bse_controlled_0001, 000032, 99, 101, MA, 1, 6, 0.166667, PT1, 500, 1, 500.000000, 
bse_controlled_0001, 000060, 99, None, MA, 2, 6, 0.333333, PT1, 500, 1, 500.000000, 
bse_controlled_0001, 000062, 100, 101, MA, 2, 6, 0.333333, PT1, 500, 1, 500.000000, 
bse_controlled_0001, 000090, None, None, MA, 3, 6, 0.500000, PT1, 500, 1, 500.000000, 
bse_controlled_0001, 000091, 99, None, MA, 3, 6, 0.500000, PT1, 500, 1, 500.000000, 
bse_controlled_0001, 000151, 100, 102, MA, 4, 6, 0.666667, PT1, 500, 1, 500.000000, 
bse_controlled_0001, 000272, 100, None, MA, 4, 6, 0.666667, PT1, 500, 1, 500.000000, 
bse_controlled_0001, 000303, 99, 100, MA, 4, 6, 0.666667, PT1, 500, 1, 500.000000, 
bse_controlled_0001, 000303, 99, None, MA, 5, 6, 0.833333, PT1, 500, 1, 500.000000, 
bse_controlled_0001, 000332, None, 102, MA, 5, 6, 0.833333, PT1, 500, 1, 500.000000, 
bse_controlled_0001, 000424, None, 100, MA, 6, 6, 1.000000, PT1, 500, 1, 500.000000, 
bse_controlled_0001, 000425, None, 101, MA, 6, 6, 1.000000, PT1, 500, 1, 500.000000, 
bse_controlled_0001, 000484, 100, 102, MA, 7, 6, 1.166667, PT1, 500, 1, 500.000000, 
bse_controlled_0001, 000514, None, 100, MA, 7, 6, 1.166667, PT1, 500, 1, 500.000000, 
bse_controlled_0001, 000514, 99, 101, MA, 7, 6, 1.166667, PT1, 500, 1, 500.000000, 
bse_controlled_0001, 000605, None, 100, MA, 8, 6, 1.333333, PT1, 500, 1, 500.000000, 
bse_controlled_0001, 000606, None, 101, MA, 8, 6, 1.333333, PT1, 500, 1, 500.000000, 
bse_controlled_0001, 000634, None, None, MA, 8, 6, 1.333333, PT1, 500, 1, 500.000000, 
bse_controlled_0001, 000635, 99, None, MA, 8, 6, 1.333333, PT1, 500, 1, 500.000000, 
bse_controlled_0001, 000665, None, None, MA, 9, 6, 1.500000, PT1, 500, 1, 500.000000, 
bse_controlled_0001, 000695, None, None, MA, 9, 6, 1.500000, PT1, 500, 1, 500.000000, 
bse_controlled_0001, 000726, 100, 102, MA, 9, 6, 1.500000, PT1, 500, 1, 500.000000, 
bse_controlled_0001, 000755, None, 102, MA, 10, 6, 1.666667, PT1, 500, 1, 500.000000, 
bse_controlled_0001, 000757, 99, 101, MA, 10, 6, 1.666667, PT1, 500, 1, 500.000000, 
bse_controlled_0001, 000846, None, None, MA, 11, 6, 1.833333, PT1, 500, 1, 500.000000, 
bse_controlled_0001, 000877, 99, 101, MA, 11, 6, 1.833333, PT1, 500, 1, 500.000000, 
bse_controlled_0001, 000937, 99, 100, MA, 11, 6, 1.833333, PT1, 500, 1, 500.000000, 
bse_controlled_0001, 000937, 99, None, MA, 12, 6, 2.000000, PT1, 500, 1, 500.000000, 
bse_controlled_0001, 000968, 100, None, MA, 12, 6, 2.000000, PT1, 500, 1, 500.000000, 
bse_controlled_0001, 000998, 99, 100, MA, 13, 6, 2.166667, PT1, 500, 1, 500.000000, 
bse_controlled_0001, 000998, 99, 101, MA, 13, 6, 2.166667, PT1, 500, 1, 500.000000, 
bse_controlled_0001, 001028, None, 102, MA, 14, 6, 2.333333, PT1, 500, 1, 500.000000, 
bse_controlled_0001, 001058, 100, 102, MA, 15, 6, 2.500000, PT1, 500, 1, 500.000000, 
bse_controlled_0001, 001090, 100, 102, MA, 16, 6, 2.666667, PT1, 500, 1, 500.000000, 
bse_controlled_0001, 001149, None, 102, MA, 16, 6, 2.666667, PT1, 500, 1, 500.000000, 
bse_controlled_0001, 001210, 99, 101, MA, 16, 6, 2.666667, PT1, 500, 1, 500.000000, 
bse_controlled_0001, 001331, 99, 101, MA, 16, 6, 2.666667, PT1, 500, 1, 500.000000, 
bse_controlled_0001, 001392, 100, 102, MA, 17, 6, 2.833333, PT1, 500, 1, 500.000000, 
bse_controlled_0001, 001452, 99, None, MA, 17, 6, 2.833333, PT1, 500, 1, 500.000000, 
bse_controlled_0001, 001483, 99, 101, MA, 17, 6, 2.833333, PT1, 500, 1, 500.000000, 
bse_controlled_0001, 001513, None, 100, MA, 18, 6, 3.000000, PT1, 500, 1, 500.000000, 
bse_controlled_0001, 001514, 99, 101, MA, 18, 6, 3.000000, PT1, 500, 1, 500.000000, 
bse_controlled_0001, 001543, 99, 100, MA, 18, 6, 3.000000, PT1, 500, 1, 500.000000, 
bse_controlled_0001, 001543, None, 101, MA, 19, 6, 3.166667, PT1, 500, 1, 500.000000, 
bse_controlled_0001, 001573, 100, 101, MA, 20, 6, 3.333333, PT1, 500, 1, 500.000000, 
bse_controlled_0001, 001573, None, 101, MA, 20, 6, 3.333333, PT1, 500, 1, 500.000000, 
bse_controlled_0001, 001604, 99, 100, MA, 20, 6, 3.333333, PT1, 500, 1, 500.000000, 
bse_controlled_0001, 001604, None, None, MA, 20, 6, 3.333333, PT1, 500, 1, 500.000000, 
bse_controlled_0001, 001605, None, None, MA, 20, 6, 3.333333, PT1, 500, 1, 500.000000, 
bse_controlled_0001, 001664, None, 102, MA, 21, 6, 3.500000, PT1, 500, 1, 500.000000, 
bse_controlled_0001, 001725, 100, 102, MA, 22, 6, 3.666667, PT1, 500, 1, 500.000000, 
bse_controlled_0001, 001876, 99, 100, MA, 22, 6, 3.666667, PT1, 500, 1, 500.000000, 
bse_controlled_0001, 001877, None, None, MA, 22, 6, 3.666667, PT1, 500, 1, 500.000000, 
bse_controlled_0001, 001997, 99, 101, MA, 22, 6, 3.666667, PT1, 500, 1, 500.000000, 
bse_controlled_0001, 002027, None, None, MA, 23, 6, 3.833333, PT1, 500, 1, 500.000000, 
bse_controlled_0001, 002029, 99, 101, MA, 23, 6, 3.833333, PT1, 500, 1, 500.000000, 
bse_controlled_0001, 002058, 100, 101, MA, 23, 6, 3.833333, PT1, 500, 1, 500.000000, 
bse_controlled_0001, 002059, 100, 101, MA, 24, 6, 4.000000, PT1, 500, 1, 500.000000, 
bse_controlled_0001, 002088, 99, 100, MA, 24, 6, 4.000000, PT1, 500, 1, 500.000000, 
bse_controlled_0001, 002089, 99, 101, MA, 24, 6, 4.000000, PT1, 500, 1, 500.000000, 
bse_controlled_0001, 002118, None, 101, MA, 24, 6, 4.000000, PT1, 500, 1, 500.000000, 
bse_controlled_0001, 002118, None, 101, MA, 24, 6, 4.000000, PT1, 500, 1, 500.000000, 
bse_controlled_0001, 002148, 99, None, MA, 24, 6, 4.000000, PT1, 500, 1, 500.000000, 
bse_controlled_0001, 002148, None, 101, MA, 24, 6, 4.000000, PT1, 500, 1, 500.000000, 
bse_controlled_0001, 002179, 100, 101, MA, 24, 6, 4.000000, PT1, 500, 1, 500.000000, 
bse_controlled_0001, 002179, None, 101, MA, 24, 6, 4.000000, PT1, 500, 1, 500.000000, 
bse_controlled_0001, 002208, 99, 101, MA, 25, 6, 4.166667, PT1, 500, 1, 500.000000, 
bse_controlled_0001, 002210, None, 101, MA, 25, 6, 4.166667, PT1, 500, 1, 500.000000, 
bse_controlled_0001, 002239, None, 101, MA, 25, 6, 4.166667, PT1, 500, 1, 500.000000, 
bse_controlled_0001, 002240, 99, 101, MA, 26, 6, 4.333333, PT1, 500, 1, 500.000000, 
bse_controlled_0001, 002269, 99, None, MA, 27, 6, 4.500000, PT1, 500, 1, 500.000000, 
bse_controlled_0001, 002270, 100, None, MA, 27, 6, 4.500000, PT1, 500, 1, 500.000000, 
bse_controlled_0001, 002299, 100, 102, MA, 27, 6, 4.500000, PT1, 500, 1, 500.000000, 
bse_controlled_0001, 002329, 100, None, MA, 28, 6, 4.666667, PT1, 500, 1, 500.000000, 
bse_controlled_0001, 002359, 99, 101, MA, 28, 6, 4.666667, PT1, 500, 1, 500.000000, 
bse_controlled_0001, 002389, None, None, MA, 28, 6, 4.666667, PT1, 500, 1, 500.000000, 
bse_controlled_0001, 002391, None, 101, MA, 28, 6, 4.666667, PT1, 500, 1, 500.000000, 
bse_controlled_0001, 002480, 100, 102, MA, 29, 6, 4.833333, PT1, 500, 1, 500.000000, 
bse_controlled_0001, 002541, 99, 100, MA, 30, 6, 5.000000, PT1, 500, 1, 500.000000, 
bse_controlled_0001, 002542, 99, 101, MA, 30, 6, 5.000000, PT1, 500, 1, 500.000000, 
bse_controlled_0001, 002570, 99, 101, MA, 30, 6, 5.000000, PT1, 500, 1, 500.000000, 
bse_controlled_0001, 002631, None, 101, MA, 31, 6, 5.166667, PT1, 500, 1, 500.000000, 
bse_controlled_0001, 002631, 99, 101, MA, 31, 6, 5.166667, PT1, 500, 1, 500.000000, 
bse_controlled_0001, 002661, 100, 102, MA, 32, 6, 5.333333, PT1, 500, 1, 500.000000, 
bse_controlled_0001, 002691, None, None, MA, 33, 6, 5.500000, PT1, 500, 1, 500.000000, 
bse_controlled_0001, 002722, 100, 102, MA, 33, 6, 5.500000, PT1, 500, 1, 500.000000, 
bse_controlled_0001, 002872, 99, 100, MA, 33, 6, 5.500000, PT1, 500, 1, 500.000000, 
bse_controlled_0001, 002873, 99, 101, MA, 34, 6, 5.666667, PT1, 500, 1, 500.000000, 
bse_controlled_0001, 002932, None, None, MA, 34, 6, 5.666667, PT1, 500, 1, 500.000000, 
bse_controlled_0001, 002933, None, 101, MA, 34, 6, 5.666667, PT1, 500, 1, 500.000000, 
bse_controlled_0001, 002962, 100, 102, MA, 34, 6, 5.666667, PT1, 500, 1, 500.000000, 
bse_controlled_0001, 003052, None, 101, MA, 34, 6, 5.666667, PT1, 500, 1, 500.000000, 
bse_controlled_0001, 003083, 100, 102, MA, 35, 6, 5.833333, PT1, 500, 1, 500.000000, 
bse_controlled_0001, 003233, None, None, MA, 36, 6, 6.000000, PT1, 500, 1, 500.000000, 
bse_controlled_0001, 003296, None, 100, MA, 37, 6, 6.166667, PT1, 500, 1, 500.000000, 
bse_controlled_0001, 003297, None, 101, MA, 37, 6, 6.166667, PT1, 500, 1, 500.000000, 
bse_controlled_0001, 003324, None, 100, MA, 38, 6, 6.333333, PT1, 500, 1, 500.000000, 
bse_controlled_0001, 003327, None, 101, MA, 38, 6, 6.333333, PT1, 500, 1, 500.000000, 
bse_controlled_0001, 003384, 99, None, MA, 38, 6, 6.333333, PT1, 500, 1, 500.000000, 
bse_controlled_0001, 003385, 99, 101, MA, 39, 6, 6.500000, PT1, 500, 1, 500.000000, 
bse_controlled_0001, 003414, 99, None, MA, 40, 6, 6.666667, PT1, 500, 1, 500.000000, 
bse_controlled_0001, 003416, 100, 101, MA, 40, 6, 6.666667, PT1, 500, 1, 500.000000, 
bse_controlled_0001, 003444, 99, None, MA, 41, 6, 6.833333, PT1, 500, 1, 500.000000, 
bse_controlled_0001, 003448, 100, 101, MA, 41, 6, 6.833333, PT1, 500, 1, 500.000000, 
bse_controlled_0001, 003475, None, 101, MA, 41, 6, 6.833333, PT1, 500, 1, 500.000000, 
bse_controlled_0001, 003476, 100, 101, MA, 41, 6, 6.833333, PT1, 500, 1, 500.000000, 
bse_controlled_0001, 003508, 100, 101, MA, 41, 6, 6.833333, PT1, 500, 1, 500.000000, 
bse_controlled_0001, 003509, 100, 101, MA, 42, 6, 7.000000, PT1, 500, 1, 500.000000, 
bse_controlled_0001, 003536, 100, 101, MA, 42, 6, 7.000000, PT1, 500, 1, 500.000000, 
bse_controlled_0001, 003536, None, 101, MA, 43, 6, 7.166667, PT1, 500, 1, 500.000000, 
bse_controlled_0001, 003565, 100, None, MA, 44, 6, 7.333333, PT1, 500, 1, 500.000000, 
bse_controlled_0001, 003596, 99, 100, MA, 44, 6, 7.333333, PT1, 500, 1, 500.000000, 
bse_controlled_0001, 003596, None, 101, MA, 45, 6, 7.500000, PT1, 500, 1, 500.000000, 
bse_controlled_0001, 003656, None, 101, MA, 45, 6, 7.500000, PT1, 500, 1, 500.000000, 
bse_controlled_0001, 003685, 99, 101, MA, 45, 6, 7.500000, PT1, 500, 1, 500.000000, 
bse_controlled_0001, 003716, None, 102, MA, 46, 6, 7.666667, PT1, 500, 1, 500.000000, 
bse_controlled_0001, 003746, 99, 100, MA, 46, 6, 7.666667, PT1, 500, 1, 500.000000, 
bse_controlled_0001, 003747, None, 101, MA, 46, 6, 7.666667, PT1, 500, 1, 500.000000, 
bse_controlled_0001, 003836, None, None, MA, 46, 6, 7.666667, PT1, 500, 1, 500.000000, 
bse_controlled_0001, 003836, None, None, MA, 47, 6, 7.833333, PT1, 500, 1, 500.000000, 
bse_controlled_0001, 003866, 99, None, MA, 47, 6, 7.833333, PT1, 500, 1, 500.000000, 
bse_controlled_0001, 003867, 100, None, MA, 48, 6, 8.000000, PT1, 500, 1, 500.000000, 
bse_controlled_0001, 003927, 99, None, MA, 48, 6, 8.000000, PT1, 500, 1, 500.000000, 
bse_controlled_0001, 003927, 99, None, MA, 48, 6, 8.000000, PT1, 500, 1, 500.000000, 
bse_controlled_0001, 003957, 99, None, MA, 48, 6, 8.000000, PT1, 500, 1, 500.000000, 
bse_controlled_0001, 004017, 99, None, MA, 49, 6, 8.166667, PT1, 500, 1, 500.000000, 
bse_controlled_0001, 004048, None, 100, MA, 49, 6, 8.166667, PT1, 500, 1, 500.000000, 
bse_controlled_0001, 004049, None, 101, MA, 50, 6, 8.333333, PT1, 500, 1, 500.000000, 
bse_controlled_0001, 004078, 100, 101, MA, 50, 6, 8.333333, PT1, 500, 1, 500.000000, 
bse_controlled_0001, 004079, None, 101, MA, 51, 6, 8.500000, PT1, 500, 1, 500.000000, 
bse_controlled_0001, 004108, None, None, MA, 51, 6, 8.500000, PT1, 500, 1, 500.000000, 
bse_controlled_0001, 004109, 100, 101, MA, 51, 6, 8.500000, PT1, 500, 1, 500.000000, 
bse_controlled_0001, 004139, 100, 101, MA, 52, 6, 8.666667, PT1, 500, 1, 500.000000, 
bse_controlled_0001, 004141, 100, 101, MA, 52, 6, 8.666667, PT1, 500, 1, 500.000000, 
bse_controlled_0001, 004169, 100, 101, MA, 53, 6, 8.833333, PT1, 500, 1, 500.000000, 
bse_controlled_0001, 004170, 100, 101, MA, 53, 6, 8.833333, PT1, 500, 1, 500.000000, 
bse_controlled_0001, 004199, 100, 102, MA, 54, 6, 9.000000, PT1, 500, 1, 500.000000, 
bse_controlled_0001, 004230, 100, None, MA, 54, 6, 9.000000, PT1, 500, 1, 500.000000, 
bse_controlled_0001, 004260, None, 100, MA, 55, 6, 9.166667, PT1, 500, 1, 500.000000, 
bse_controlled_0001, 004261, None, 101, MA, 55, 6, 9.166667, PT1, 500, 1, 500.000000, 
bse_controlled_0001, 004380, 100, None, MA, 56, 6, 9.333333, PT1, 500, 1, 500.000000, 
bse_controlled_0001, 004441, 99, None, MA, 56, 6, 9.333333, PT1, 500, 1, 500.000000, 
bse_controlled_0001, 004441, 99, None, MA, 56, 6, 9.333333, PT1, 500, 1, 500.000000, 
bse_controlled_0001, 004501, 99, None, MA, 57, 6, 9.500000, PT1, 500, 1, 500.000000, 
bse_controlled_0001, 004533, 99, 101, MA, 57, 6, 9.500000, PT1, 500, 1, 500.000000, 
bse_controlled_0001, 004592, None, 102, MA, 57, 6, 9.500000, PT1, 500, 1, 500.000000, 
bse_controlled_0001, 004653, 100, None, MA, 58, 6, 9.666667, PT1, 500, 1, 500.000000, 
bse_controlled_0001, 004714, 100, None, MA, 58, 6, 9.666667, PT1, 500, 1, 500.000000, 
bse_controlled_0001, 004804, None, None, MA, 59, 6, 9.833333, PT1, 500, 1, 500.000000, 
bse_controlled_0001, 004805, 99, None, MA, 59, 6, 9.833333, PT1, 500, 1, 500.000000, 
bse_controlled_0001, 004925, 99, None, MA, 60, 6, 10.000000, PT1, 500, 1, 500.000000, 
bse_controlled_0001, 004926, None, 101, MA, 60, 6, 10.000000, PT1, 500, 1, 500.000000, 
bse_controlled_0001, 004956, 99, 100, MA, 60, 6, 10.000000, PT1, 500, 1, 500.000000, 
bse_controlled_0001, 004957, None, 101, MA, 60, 6, 10.000000, PT1, 500, 1, 500.000000, 
bse_controlled_0001, 004986, None, 101, MA, 60, 6, 10.000000, PT1, 500, 1, 500.000000, 
bse_controlled_0001, 004988, None, 101, MA, 60, 6, 10.000000, PT1, 500, 1, 500.000000, 
bse_controlled_0001, 005000, 100, 101, MA, 60, 6, 10.000000, PT1, 500, 1, 500.000000, 
