0.000, Bid:,0,Ask:,0,
5.571, Bid:,1,81,1,Ask:,0,
5.857, Bid:,2,42,1,81,1,Ask:,0,
7.857, Bid:,2,42,1,81,1,Ask:,1,137,1,
29.429, Bid:,2,42,1,81,1,Ask:,2,117,1,137,1,
30.143, Bid:,1,42,1,Ask:,2,117,1,137,1,
30.286, Bid:,1,42,1,Ask:,1,137,1,
37.714, Bid:,1,42,1,Ask:,2,55,1,137,1,
53.143, Bid:,0,Ask:,2,55,1,137,1,
54.714, Bid:,0,Ask:,1,137,1,
55.143, Bid:,0,Ask:,2,94,1,137,1,
55.857, Bid:,1,92,1,Ask:,2,94,1,137,1,
60.286, Bid:,1,92,1,Ask:,1,94,1,
60.429, Bid:,1,92,1,Ask:,2,94,1,124,1,
60.571, Bid:,1,92,1,Ask:,1,124,1,
67.429, Bid:,0,Ask:,1,124,1,
67.714, Bid:,1,111,1,Ask:,1,124,1,
76.857, Bid:,0,Ask:,1,124,1,
81.429, Bid:,0,Ask:,0,
90.571, Bid:,1,72,1,Ask:,0,
90.857, Bid:,1,72,1,Ask:,1,128,1,
91.000, Bid:,1,72,1,Ask:,2,101,1,128,1,
95.429, Bid:,1,72,1,Ask:,1,128,1,
101.000, Bid:,2,72,1,116,1,Ask:,1,128,1,
107.571, Bid:,2,72,1,116,1,Ask:,0,
108.286, Bid:,2,72,1,116,1,Ask:,1,131,1,
115.143, Bid:,1,72,1,Ask:,1,131,1,
120.857, Bid:,0,Ask:,1,131,1,
122.000, Bid:,0,Ask:,2,94,1,131,1,
123.000, Bid:,0,Ask:,3,67,1,94,1,131,1,
124.571, Bid:,0,Ask:,2,94,1,131,1,
129.000, Bid:,0,Ask:,1,131,1,
141.000, Bid:,1,74,1,Ask:,1,131,1,
150.714, Bid:,1,74,1,Ask:,0,
151.286, Bid:,2,74,1,143,1,Ask:,0,
152.429, Bid:,1,74,1,Ask:,0,
152.571, Bid:,1,74,1,Ask:,1,160,1,
164.286, Bid:,1,74,1,Ask:,0,
164.857, Bid:,1,74,1,Ask:,1,129,1,
170.429, Bid:,0,Ask:,1,129,1,
170.571, Bid:,1,44,1,Ask:,1,129,1,
173.143, Bid:,1,44,1,Ask:,2,94,1,129,1,
181.429, Bid:,1,44,1,Ask:,3,74,1,94,1,129,1,
182.000, Bid:,1,44,1,Ask:,2,94,1,129,1,
185.429, Bid:,1,44,1,Ask:,1,129,1,
186.714, Bid:,1,44,1,Ask:,0,
186.857, Bid:,1,44,1,Ask:,1,129,1,
187.857, Bid:,1,44,1,Ask:,0,
189.571, Bid:,1,44,1,Ask:,1,106,1,
196.571, Bid:,1,44,1,Ask:,0,
211.714, Bid:,0,Ask:,0,
212.000, Bid:,0,Ask:,1,49,1,
212.143, Bid:,1,48,1,Ask:,1,49,1,
220.571, Bid:,1,48,1,Ask:,2,49,1,109,1,
231.143, Bid:,0,Ask:,2,49,1,109,1,
231.571, Bid:,0,Ask:,1,109,1,
237.857, Bid:,0,Ask:,0,
239.143, Bid:,0,Ask:,1,80,1,
242.000, Bid:,0,Ask:,2,80,1,139,1,
243.143, Bid:,0,Ask:,1,139,1,
253.429, Bid:,0,Ask:,2,46,1,139,1,
257.143, Bid:,0,Ask:,3,46,1,116,1,139,1,
264.000, Bid:,0,Ask:,2,116,1,139,1,
270.286, Bid:,1,102,1,Ask:,2,116,1,139,1,
272.143, Bid:,1,102,1,Ask:,1,116,1,
272.857, Bid:,1,102,1,Ask:,0,
273.429, Bid:,1,102,1,Ask:,1,152,1,
280.857, Bid:,0,Ask:,1,152,1,
288.857, Bid:,0,Ask:,0,
291.714, Bid:,0,Ask:,1,139,1,
292.000, Bid:,1,80,1,Ask:,1,139,1,
299.571, Bid:,2,80,1,100,1,Ask:,1,139,1,
300.000, Bid:,3,47,1,80,1,100,1,Ask:,1,139,1,
302.714, Bid:,4,47,1,80,1,100,1,129,1,Ask:,1,139,1,
304.429, Bid:,3,47,1,80,1,100,1,Ask:,1,139,1,
307.286, Bid:,2,47,1,80,1,Ask:,1,139,1,
307.857, Bid:,3,47,1,80,1,94,1,Ask:,1,139,1,
314.571, Bid:,2,47,1,80,1,Ask:,1,139,1,
328.000, Bid:,1,47,1,Ask:,1,139,1,
329.000, Bid:,2,45,1,47,1,Ask:,1,139,1,
329.571, Bid:,2,45,1,47,1,Ask:,0,
330.143, Bid:,2,45,1,47,1,Ask:,1,143,1,
333.000, Bid:,2,45,1,47,1,Ask:,0,
333.286, Bid:,2,45,1,47,1,Ask:,1,76,1,
333.429, Bid:,1,45,1,Ask:,0,
333.714, Bid:,1,45,1,Ask:,1,85,1,
334.571, Bid:,1,45,1,Ask:,2,85,1,158,1,
334.857, Bid:,1,45,1,Ask:,1,158,1,
353.857, Bid:,0,Ask:,1,158,1,
355.714, Bid:,1,49,1,Ask:,1,158,1,
362.714, Bid:,1,49,1,Ask:,2,82,1,158,1,
363.000, Bid:,1,49,1,Ask:,1,158,1,
376.571, Bid:,1,49,1,Ask:,2,55,1,158,1,
388.000, Bid:,1,49,1,Ask:,1,158,1,
388.429, Bid:,1,49,1,Ask:,0,
388.714, Bid:,1,49,1,Ask:,1,140,1,
390.143, Bid:,2,49,1,127,1,Ask:,1,140,1,
390.429, Bid:,1,49,1,Ask:,1,140,1,
392.714, Bid:,0,Ask:,1,140,1,
393.000, Bid:,1,55,1,Ask:,1,140,1,
394.429, Bid:,1,55,1,Ask:,2,90,1,140,1,
398.857, Bid:,1,55,1,Ask:,3,58,1,90,1,140,1,
399.714, Bid:,1,55,1,Ask:,2,90,1,140,1,
404.429, Bid:,0,Ask:,2,90,1,140,1,
404.571, Bid:,1,62,1,Ask:,2,90,1,140,1,
411.000, Bid:,1,62,1,Ask:,1,90,1,
413.286, Bid:,1,62,1,Ask:,2,90,1,138,1,
414.000, Bid:,1,62,1,Ask:,1,138,1,
422.857, Bid:,1,62,1,Ask:,2,82,1,138,1,
423.571, Bid:,1,62,1,Ask:,1,138,1,
426.857, Bid:,1,62,1,Ask:,0,
436.000, Bid:,0,Ask:,0,
436.000, Bid:,1,45,1,Ask:,0,
440.429, Bid:,1,45,1,Ask:,1,81,1,
445.857, Bid:,1,45,1,Ask:,2,81,1,145,1,
453.000, Bid:,1,45,1,Ask:,1,145,1,
453.143, Bid:,1,45,1,Ask:,2,59,1,145,1,
461.857, Bid:,1,45,1,Ask:,1,145,1,
463.429, Bid:,1,45,1,Ask:,2,56,1,145,1,
463.571, Bid:,1,45,1,Ask:,1,145,1,
465.143, Bid:,1,45,1,Ask:,0,
469.571, Bid:,1,45,1,Ask:,1,103,1,
483.143, Bid:,0,Ask:,1,103,1,
484.571, Bid:,0,Ask:,2,103,1,152,1,
485.143, Bid:,1,65,1,Ask:,2,103,1,152,1,
498.571, Bid:,0,Ask:,2,103,1,152,1,
501.429, Bid:,0,Ask:,1,152,1,
503.143, Bid:,0,Ask:,2,120,1,152,1,
504.571, Bid:,1,46,1,Ask:,2,120,1,152,1,
513.286, Bid:,1,46,1,Ask:,1,120,1,
513.286, Bid:,2,46,1,107,1,Ask:,1,120,1,
513.429, Bid:,1,46,1,Ask:,1,120,1,
513.571, Bid:,1,46,1,Ask:,2,120,1,137,1,
514.286, Bid:,1,46,1,Ask:,1,137,1,
516.714, Bid:,1,46,1,Ask:,2,105,1,137,1,
521.286, Bid:,1,46,1,Ask:,3,63,1,105,1,137,1,
521.714, Bid:,1,46,1,Ask:,2,105,1,137,1,
526.429, Bid:,1,46,1,Ask:,1,137,1,
531.571, Bid:,2,46,1,86,1,Ask:,1,137,1,
535.714, Bid:,1,46,1,Ask:,1,137,1,
543.571, Bid:,0,Ask:,0,
543.714, Bid:,0,Ask:,1,149,1,
545.857, Bid:,1,67,1,Ask:,1,149,1,
561.286, Bid:,0,Ask:,1,149,1,
561.429, Bid:,1,46,1,Ask:,1,149,1,
561.857, Bid:,2,46,1,95,1,Ask:,1,149,1,
569.571, Bid:,2,46,1,95,1,Ask:,0,
570.429, Bid:,2,46,1,95,1,Ask:,1,157,1,
573.000, Bid:,1,46,1,Ask:,1,157,1,
573.857, Bid:,1,46,1,Ask:,2,55,1,157,1,
574.857, Bid:,1,46,1,Ask:,1,157,1,
575.000, Bid:,2,46,1,56,1,Ask:,1,157,1,
580.429, Bid:,1,56,1,Ask:,1,157,1,
581.429, Bid:,2,45,1,56,1,Ask:,1,157,1,
585.286, Bid:,3,45,1,56,1,128,1,Ask:,1,157,1,
589.286, Bid:,2,45,1,56,1,Ask:,1,157,1,
598.857, Bid:,2,45,1,56,1,Ask:,0,
599.000, Bid:,2,45,1,56,1,Ask:,1,125,1,
604.714, Bid:,3,45,1,56,1,86,1,Ask:,1,125,1,
605.000, Bid:,3,45,1,56,1,86,1,Ask:,2,97,1,125,1,
605.429, Bid:,2,45,1,56,1,Ask:,2,97,1,125,1,
605.429, Bid:,2,45,1,56,1,Ask:,1,125,1,
607.714, Bid:,2,45,1,56,1,Ask:,2,69,1,125,1,
607.857, Bid:,1,45,1,Ask:,1,125,1,
614.000, Bid:,1,45,1,Ask:,0,
623.714, Bid:,1,45,1,Ask:,1,157,1,
634.429, Bid:,0,Ask:,1,157,1,
634.429, Bid:,1,58,1,Ask:,1,157,1,
634.714, Bid:,1,58,1,Ask:,2,103,1,157,1,
637.286, Bid:,2,58,1,102,1,Ask:,2,103,1,157,1,
637.714, Bid:,1,58,1,Ask:,2,103,1,157,1,
642.571, Bid:,0,Ask:,2,103,1,157,1,
645.857, Bid:,0,Ask:,1,157,1,
646.857, Bid:,0,Ask:,2,91,1,157,1,
653.714, Bid:,1,64,1,Ask:,2,91,1,157,1,
664.714, Bid:,1,64,1,Ask:,1,91,1,
664.714, Bid:,1,64,1,Ask:,0,
665.714, Bid:,1,64,1,Ask:,1,121,1,
675.714, Bid:,1,64,1,Ask:,0,
675.714, Bid:,1,64,1,Ask:,1,130,1,
677.143, Bid:,2,64,1,85,1,Ask:,1,130,1,
684.143, Bid:,2,64,1,85,1,Ask:,0,
687.000, Bid:,2,64,1,85,1,Ask:,1,107,1,
695.000, Bid:,1,85,1,Ask:,1,107,1,
695.286, Bid:,2,75,1,85,1,Ask:,1,107,1,
696.429, Bid:,1,75,1,Ask:,1,107,1,
708.143, Bid:,1,75,1,Ask:,0,
712.429, Bid:,1,75,1,Ask:,1,113,1,
718.286, Bid:,0,Ask:,1,113,1,
719.143, Bid:,1,68,1,Ask:,1,113,1,
724.286, Bid:,1,68,1,Ask:,2,113,1,143,1,
725.714, Bid:,1,68,1,Ask:,3,71,1,113,1,143,1,
726.429, Bid:,1,68,1,Ask:,2,71,1,143,1,
726.429, Bid:,1,68,1,Ask:,1,143,1,
726.714, Bid:,2,68,1,100,1,Ask:,1,143,1,
727.429, Bid:,2,68,1,100,1,Ask:,2,112,1,143,1,
728.000, Bid:,1,68,1,Ask:,2,112,1,143,1,
738.429, Bid:,0,Ask:,2,112,1,143,1,
740.429, Bid:,1,69,1,Ask:,2,112,1,143,1,
742.143, Bid:,1,69,1,Ask:,1,143,1,
742.857, Bid:,0,Ask:,1,143,1,
755.571, Bid:,0,Ask:,0,
755.571, Bid:,0,Ask:,1,127,1,
756.000, Bid:,1,87,1,Ask:,1,127,1,
764.429, Bid:,2,69,1,87,1,Ask:,1,127,1,
764.714, Bid:,1,69,1,Ask:,1,127,1,
775.714, Bid:,1,69,1,Ask:,0,
776.286, Bid:,1,69,1,Ask:,1,122,1,
779.571, Bid:,1,69,1,Ask:,0,
786.000, Bid:,2,69,1,83,1,Ask:,0,
786.429, Bid:,2,69,1,83,1,Ask:,1,86,1,
787.143, Bid:,2,69,1,83,1,Ask:,0,
788.714, Bid:,1,69,1,Ask:,0,
788.714, Bid:,2,69,1,101,1,Ask:,0,
790.429, Bid:,1,69,1,Ask:,0,
803.714, Bid:,1,69,1,Ask:,1,117,1,
805.143, Bid:,0,Ask:,1,117,1,
811.571, Bid:,0,Ask:,0,
816.143, Bid:,0,Ask:,1,152,1,
818.429, Bid:,1,52,1,Ask:,1,152,1,
826.857, Bid:,0,Ask:,1,152,1,
827.714, Bid:,1,60,1,Ask:,1,152,1,
833.714, Bid:,1,60,1,Ask:,0,
833.714, Bid:,1,60,1,Ask:,1,134,1,
838.000, Bid:,1,60,1,Ask:,2,102,1,134,1,
840.143, Bid:,1,60,1,Ask:,1,134,1,
847.000, Bid:,1,60,1,Ask:,0,
847.429, Bid:,0,Ask:,0,
850.429, Bid:,1,126,1,Ask:,0,
851.143, Bid:,2,48,1,126,1,Ask:,0,
864.429, Bid:,1,48,1,Ask:,0,
866.429, Bid:,1,48,1,Ask:,1,157,1,
877.286, Bid:,2,48,1,95,1,Ask:,1,157,1,
877.857, Bid:,2,48,1,95,1,Ask:,2,99,1,157,1,
878.143, Bid:,2,48,1,95,1,Ask:,1,157,1,
886.286, Bid:,2,48,1,95,1,Ask:,0,
892.714, Bid:,1,48,1,Ask:,0,
897.429, Bid:,1,48,1,Ask:,1,108,1,
906.857, Bid:,2,48,1,105,1,Ask:,1,108,1,
907.000, Bid:,1,105,1,Ask:,1,108,1,
907.000, Bid:,1,105,1,Ask:,2,108,1,158,1,
908.571, Bid:,2,73,1,105,1,Ask:,2,108,1,158,1,
915.143, Bid:,1,105,1,Ask:,2,108,1,158,1,
915.286, Bid:,0,Ask:,2,108,1,158,1,
915.286, Bid:,0,Ask:,1,158,1,
916.571, Bid:,1,42,1,Ask:,1,158,1,
925.714, Bid:,1,42,1,Ask:,0,
925.714, Bid:,1,42,1,Ask:,1,125,1,
933.429, Bid:,1,42,1,Ask:,2,90,1,125,1,
937.286, Bid:,1,42,1,Ask:,1,125,1,
937.429, Bid:,0,Ask:,1,125,1,
944.000, Bid:,1,95,1,Ask:,1,125,1,
946.429, Bid:,2,57,1,95,1,Ask:,1,125,1,
951.857, Bid:,1,57,1,Ask:,1,125,1,
963.714, Bid:,0,Ask:,1,125,1,
967.571, Bid:,0,Ask:,0,
967.857, Bid:,0,Ask:,1,146,1,
969.143, Bid:,0,Ask:,0,
970.857, Bid:,1,103,1,Ask:,0,
976.714, Bid:,1,103,1,Ask:,1,125,1,
983.714, Bid:,2,75,1,103,1,Ask:,1,125,1,
990.286, Bid:,1,75,1,Ask:,1,125,1,
998.143, Bid:,1,75,1,Ask:,0,
999.000, Bid:,0,Ask:,0,
1004.714, Bid:,0,Ask:,1,103,1,
1020.571, Bid:,0,Ask:,0,
1024.286, Bid:,0,Ask:,1,79,1,
1027.571, Bid:,0,Ask:,0,
1028.143, Bid:,0,Ask:,1,159,1,
1028.286, Bid:,1,56,1,Ask:,1,159,1,
1033.143, Bid:,1,56,1,Ask:,0,
1033.143, Bid:,1,56,1,Ask:,1,144,1,
1034.714, Bid:,2,56,1,83,1,Ask:,1,144,1,
1052.143, Bid:,3,56,1,83,1,141,1,Ask:,1,144,1,
1052.286, Bid:,2,56,1,83,1,Ask:,1,144,1,
1053.143, Bid:,1,56,1,Ask:,1,144,1,
1058.429, Bid:,0,Ask:,1,144,1,
1058.857, Bid:,0,Ask:,2,120,1,144,1,
1062.714, Bid:,1,45,1,Ask:,2,120,1,144,1,
1070.429, Bid:,1,45,1,Ask:,1,144,1,
1078.143, Bid:,1,45,1,Ask:,2,116,1,144,1,
1079.000, Bid:,2,45,1,101,1,Ask:,2,116,1,144,1,
1080.000, Bid:,1,45,1,Ask:,2,116,1,144,1,
1088.714, Bid:,0,Ask:,1,116,1,
1089.286, Bid:,0,Ask:,2,116,1,129,1,
1090.143, Bid:,1,49,1,Ask:,2,116,1,129,1,
1098.143, Bid:,1,49,1,Ask:,1,129,1,
1099.000, Bid:,1,49,1,Ask:,2,91,1,129,1,
1099.857, Bid:,1,49,1,Ask:,1,129,1,
1103.000, Bid:,0,Ask:,1,129,1,
1103.143, Bid:,1,104,1,Ask:,1,129,1,
1103.286, Bid:,2,75,1,104,1,Ask:,1,129,1,
1103.571, Bid:,1,75,1,Ask:,1,129,1,
1116.286, Bid:,0,Ask:,1,129,1,
1119.000, Bid:,0,Ask:,0,
1119.143, Bid:,1,122,1,Ask:,0,
1119.857, Bid:,1,122,1,Ask:,1,123,1,
1128.143, Bid:,1,122,1,Ask:,0,
1128.143, Bid:,2,43,1,122,1,Ask:,0,
1128.571, Bid:,2,43,1,122,1,Ask:,1,129,1,
1140.571, Bid:,1,43,1,Ask:,1,129,1,
1145.571, Bid:,1,43,1,Ask:,0,
1149.429, Bid:,1,43,1,Ask:,1,84,1,
1149.714, Bid:,1,43,1,Ask:,0,
1150.857, Bid:,0,Ask:,0,
1151.143, Bid:,1,85,1,Ask:,0,
1153.286, Bid:,2,72,1,85,1,Ask:,0,
1160.000, Bid:,3,72,1,85,1,145,1,Ask:,0,
1164.143, Bid:,2,72,1,85,1,Ask:,0,
1176.571, Bid:,1,72,1,Ask:,0,
1180.286, Bid:,1,72,1,Ask:,1,145,1,
1181.286, Bid:,2,72,1,86,1,Ask:,1,145,1,
1185.286, Bid:,1,72,1,Ask:,1,145,1,
1186.000, Bid:,2,72,1,120,1,Ask:,1,145,1,
1186.571, Bid:,1,72,1,Ask:,1,145,1,
1192.857, Bid:,1,72,1,Ask:,2,80,1,145,1,
1193.143, Bid:,1,72,1,Ask:,1,145,1,
1197.429, Bid:,0,Ask:,1,145,1,
1198.571, Bid:,1,70,1,Ask:,1,145,1,
1201.286, Bid:,1,70,1,Ask:,2,74,1,145,1,
1209.857, Bid:,1,70,1,Ask:,1,74,1,
1210.143, Bid:,1,70,1,Ask:,0,
1211.429, Bid:,1,70,1,Ask:,1,150,1,
1214.286, Bid:,1,70,1,Ask:,0,
1215.143, Bid:,1,70,1,Ask:,1,136,1,
1230.286, Bid:,2,70,1,107,1,Ask:,1,136,1,
1230.429, Bid:,1,70,1,Ask:,1,136,1,
1235.571, Bid:,1,70,1,Ask:,2,83,1,136,1,
1235.857, Bid:,1,70,1,Ask:,1,136,1,
1238.143, Bid:,1,70,1,Ask:,0,
1240.143, Bid:,0,Ask:,0,
1240.286, Bid:,0,Ask:,1,61,1,
1240.714, Bid:,1,57,1,Ask:,1,61,1,
1254.714, Bid:,1,57,1,Ask:,2,61,1,120,1,
1255.857, Bid:,1,57,1,Ask:,1,120,1,
1258.429, Bid:,0,Ask:,1,120,1,
1258.571, Bid:,1,49,1,Ask:,1,120,1,
1265.857, Bid:,0,Ask:,1,120,1,
1270.857, Bid:,0,Ask:,2,120,1,159,1,
1271.143, Bid:,1,106,1,Ask:,2,120,1,159,1,
1271.286, Bid:,0,Ask:,2,120,1,159,1,
1271.571, Bid:,0,Ask:,3,90,1,120,1,159,1,
1272.714, Bid:,0,Ask:,2,120,1,159,1,
1282.143, Bid:,0,Ask:,1,120,1,
1282.143, Bid:,0,Ask:,2,120,1,125,1,
1284.286, Bid:,0,Ask:,3,58,1,120,1,125,1,
1285.714, Bid:,0,Ask:,2,120,1,125,1,
1288.000, Bid:,1,71,1,Ask:,2,120,1,125,1,
1290.429, Bid:,0,Ask:,2,120,1,125,1,
1300.714, Bid:,0,Ask:,1,125,1,
1301.000, Bid:,0,Ask:,2,95,1,125,1,
1301.429, Bid:,0,Ask:,1,125,1,
1314.714, Bid:,0,Ask:,2,89,1,125,1,
1316.000, Bid:,0,Ask:,1,125,1,
1325.857, Bid:,0,Ask:,2,62,1,125,1,
1327.000, Bid:,0,Ask:,1,125,1,
1329.571, Bid:,1,60,1,Ask:,1,125,1,
1331.000, Bid:,1,60,1,Ask:,0,
1331.429, Bid:,2,60,1,116,1,Ask:,0,
1331.857, Bid:,1,60,1,Ask:,0,
1332.429, Bid:,1,60,1,Ask:,1,143,1,
1334.286, Bid:,2,60,1,103,1,Ask:,1,143,1,
1341.000, Bid:,1,60,1,Ask:,1,143,1,
1343.571, Bid:,1,60,1,Ask:,0,
1361.286, Bid:,0,Ask:,0,
1361.286, Bid:,0,Ask:,1,126,1,
1361.429, Bid:,0,Ask:,2,80,1,126,1,
1362.000, Bid:,1,57,1,Ask:,2,80,1,126,1,
1363.857, Bid:,0,Ask:,2,80,1,126,1,
1364.286, Bid:,0,Ask:,1,126,1,
1364.571, Bid:,1,67,1,Ask:,1,126,1,
1372.143, Bid:,1,67,1,Ask:,2,86,1,126,1,
1378.857, Bid:,1,67,1,Ask:,1,86,1,
1379.429, Bid:,1,67,1,Ask:,2,86,1,145,1,
1389.143, Bid:,1,67,1,Ask:,1,145,1,
1392.857, Bid:,2,67,1,124,1,Ask:,1,145,1,
1393.571, Bid:,1,67,1,Ask:,1,145,1,
1393.714, Bid:,1,67,1,Ask:,2,87,1,145,1,
1397.714, Bid:,1,67,1,Ask:,1,87,1,
1397.857, Bid:,1,67,1,Ask:,2,87,1,151,1,
1413.571, Bid:,1,67,1,Ask:,3,87,1,92,1,151,1,
1417.714, Bid:,1,67,1,Ask:,2,92,1,151,1,
1418.143, Bid:,1,67,1,Ask:,1,151,1,
1419.000, Bid:,0,Ask:,1,151,1,
1420.286, Bid:,1,46,1,Ask:,1,151,1,
1422.000, Bid:,1,46,1,Ask:,2,67,1,151,1,
1422.143, Bid:,1,46,1,Ask:,1,151,1,
1425.714, Bid:,0,Ask:,1,151,1,
1426.857, Bid:,1,57,1,Ask:,1,151,1,
1435.714, Bid:,1,57,1,Ask:,2,96,1,151,1,
1444.571, Bid:,0,Ask:,2,96,1,151,1,
1449.143, Bid:,0,Ask:,1,151,1,
1452.143, Bid:,0,Ask:,0,
1452.714, Bid:,0,Ask:,1,155,1,
1453.000, Bid:,1,89,1,Ask:,1,155,1,
1459.429, Bid:,1,89,1,Ask:,2,112,1,155,1,
1466.000, Bid:,1,89,1,Ask:,1,155,1,
1475.714, Bid:,0,Ask:,1,155,1,
1480.714, Bid:,1,61,1,Ask:,1,155,1,
1482.429, Bid:,1,61,1,Ask:,0,
1483.714, Bid:,2,61,1,95,1,Ask:,0,
1484.000, Bid:,2,61,1,95,1,Ask:,1,159,1,
1487.286, Bid:,3,61,1,95,1,152,1,Ask:,1,159,1,
1488.000, Bid:,2,61,1,95,1,Ask:,1,159,1,
1493.000, Bid:,2,61,1,95,1,Ask:,2,120,1,159,1,
1500.143, Bid:,1,61,1,Ask:,2,120,1,159,1,
1500.286, Bid:,2,61,1,82,1,Ask:,2,120,1,159,1,
1506.714, Bid:,1,61,1,Ask:,2,120,1,159,1,
1512.714, Bid:,0,Ask:,1,120,1,
1513.000, Bid:,0,Ask:,2,120,1,153,1,
1515.000, Bid:,1,72,1,Ask:,2,120,1,153,1,
1531.714, Bid:,1,72,1,Ask:,1,153,1,
1532.286, Bid:,0,Ask:,1,153,1,
1536.571, Bid:,0,Ask:,2,104,1,153,1,
1543.000, Bid:,0,Ask:,1,104,1,
1543.000, Bid:,1,94,1,Ask:,1,104,1,
1543.857, Bid:,1,94,1,Ask:,0,
1543.857, Bid:,1,94,1,Ask:,1,146,1,
1544.571, Bid:,0,Ask:,1,146,1,
1552.286, Bid:,0,Ask:,2,53,1,146,1,
1553.571, Bid:,0,Ask:,1,146,1,
1561.000, Bid:,1,52,1,Ask:,1,146,1,
1566.286, Bid:,2,52,1,125,1,Ask:,1,146,1,
1566.857, Bid:,1,52,1,Ask:,1,146,1,
1573.286, Bid:,1,52,1,Ask:,0,
1573.286, Bid:,2,52,1,99,1,Ask:,0,
1575.000, Bid:,2,52,1,99,1,Ask:,1,152,1,
1582.286, Bid:,2,52,1,99,1,Ask:,2,119,1,152,1,
1594.429, Bid:,1,52,1,Ask:,2,119,1,152,1,
1598.571, Bid:,0,Ask:,2,119,1,152,1,
1602.000, Bid:,1,45,1,Ask:,2,119,1,152,1,
1603.429, Bid:,2,45,1,90,1,Ask:,2,119,1,152,1,
1603.571, Bid:,2,45,1,90,1,Ask:,1,119,1,
1603.857, Bid:,2,45,1,90,1,Ask:,0,
1604.571, Bid:,2,45,1,90,1,Ask:,1,154,1,
1612.857, Bid:,1,45,1,Ask:,1,154,1,
1613.429, Bid:,2,45,1,81,1,Ask:,1,154,1,
1615.000, Bid:,1,45,1,Ask:,1,154,1,
1618.857, Bid:,1,45,1,Ask:,2,80,1,154,1,
1620.143, Bid:,1,45,1,Ask:,1,154,1,
1627.857, Bid:,2,45,1,148,1,Ask:,1,154,1,
1628.000, Bid:,1,45,1,Ask:,1,154,1,
1633.857, Bid:,0,Ask:,0,
1633.857, Bid:,1,74,1,Ask:,0,
1634.000, Bid:,1,74,1,Ask:,1,127,1,
1636.714, Bid:,0,Ask:,1,127,1,
1638.143, Bid:,1,46,1,Ask:,1,127,1,
1644.714, Bid:,1,46,1,Ask:,0,
1645.000, Bid:,1,46,1,Ask:,1,150,1,
1645.571, Bid:,1,46,1,Ask:,2,62,1,150,1,
1646.429, Bid:,1,46,1,Ask:,1,150,1,
1654.286, Bid:,2,46,1,120,1,Ask:,1,150,1,
1655.143, Bid:,1,46,1,Ask:,1,150,1,
1664.429, Bid:,2,46,1,86,1,Ask:,1,150,1,
1665.000, Bid:,2,46,1,86,1,Ask:,2,106,1,150,1,
1668.286, Bid:,2,46,1,86,1,Ask:,1,106,1,
1670.286, Bid:,2,46,1,86,1,Ask:,2,106,1,135,1,
1676.571, Bid:,1,86,1,Ask:,2,106,1,135,1,
1678.286, Bid:,2,70,1,86,1,Ask:,2,106,1,135,1,
1687.571, Bid:,2,70,1,86,1,Ask:,1,135,1,
1689.857, Bid:,1,70,1,Ask:,1,135,1,
1694.429, Bid:,2,70,1,97,1,Ask:,1,135,1,
1695.857, Bid:,2,70,1,97,1,Ask:,2,108,1,135,1,
1697.714, Bid:,1,70,1,Ask:,2,108,1,135,1,
1700.571, Bid:,1,70,1,Ask:,1,135,1,
1723.857, Bid:,1,70,1,Ask:,0,
1724.000, Bid:,2,70,1,100,1,Ask:,0,
1724.143, Bid:,2,70,1,100,1,Ask:,1,128,1,
1724.714, Bid:,1,100,1,Ask:,1,128,1,
1724.714, Bid:,2,50,1,100,1,Ask:,1,128,1,
1727.429, Bid:,1,50,1,Ask:,1,128,1,
1730.714, Bid:,0,Ask:,1,128,1,
1739.000, Bid:,0,Ask:,0,
1743.571, Bid:,0,Ask:,1,94,1,
1754.000, Bid:,1,72,1,Ask:,1,94,1,
1755.000, Bid:,1,72,1,Ask:,2,94,1,133,1,
1757.143, Bid:,2,72,1,86,1,Ask:,2,94,1,133,1,
1760.857, Bid:,1,86,1,Ask:,2,94,1,133,1,
1761.429, Bid:,2,44,1,86,1,Ask:,2,94,1,133,1,
1764.714, Bid:,2,44,1,86,1,Ask:,1,94,1,
1765.000, Bid:,2,44,1,86,1,Ask:,2,94,1,146,1,
1767.143, Bid:,1,44,1,Ask:,2,94,1,146,1,
1776.143, Bid:,1,44,1,Ask:,1,146,1,
1785.714, Bid:,2,44,1,101,1,Ask:,1,146,1,
1788.000, Bid:,2,44,1,101,1,Ask:,2,105,1,146,1,
1802.143, Bid:,1,101,1,Ask:,2,105,1,146,1,
1802.571, Bid:,1,101,1,Ask:,1,105,1,
1802.714, Bid:,2,41,1,101,1,Ask:,1,105,1,
1803.571, Bid:,2,41,1,101,1,Ask:,2,105,1,152,1,
1805.429, Bid:,2,41,1,101,1,Ask:,1,152,1,
1805.857, Bid:,2,41,1,101,1,Ask:,2,110,1,152,1,
1815.429, Bid:,1,41,1,Ask:,2,110,1,152,1,
1815.571, Bid:,1,41,1,Ask:,1,152,1,
1815.857, Bid:,1,41,1,Ask:,2,79,1,152,1,
1816.571, Bid:,1,41,1,Ask:,1,152,1,
1817.286, Bid:,2,41,1,80,1,Ask:,1,152,1,
1827.571, Bid:,3,41,1,80,1,105,1,Ask:,1,152,1,
1833.286, Bid:,3,41,1,80,1,105,1,Ask:,0,
1834.000, Bid:,3,41,1,80,1,105,1,Ask:,1,142,1,
1837.857, Bid:,3,41,1,80,1,105,1,Ask:,2,110,1,142,1,
1844.143, Bid:,2,80,1,105,1,Ask:,2,110,1,142,1,
1844.429, Bid:,3,71,1,80,1,105,1,Ask:,2,110,1,142,1,
1846.000, Bid:,2,71,1,80,1,Ask:,2,110,1,142,1,
1846.429, Bid:,2,71,1,80,1,Ask:,1,142,1,
1848.714, Bid:,2,71,1,80,1,Ask:,0,
1848.714, Bid:,2,71,1,80,1,Ask:,1,159,1,
1853.429, Bid:,1,71,1,Ask:,1,159,1,
1855.857, Bid:,2,71,1,95,1,Ask:,1,159,1,
1856.286, Bid:,1,71,1,Ask:,1,159,1,
1868.429, Bid:,2,71,1,122,1,Ask:,1,159,1,
1876.143, Bid:,1,122,1,Ask:,1,159,1,
1876.143, Bid:,0,Ask:,1,159,1,
1877.000, Bid:,1,42,1,Ask:,1,159,1,
1881.857, Bid:,2,42,1,103,1,Ask:,1,159,1,
1883.143, Bid:,1,103,1,Ask:,1,159,1,
1883.143, Bid:,0,Ask:,1,159,1,
1883.714, Bid:,1,44,1,Ask:,1,159,1,
1902.571, Bid:,1,44,1,Ask:,0,
1905.286, Bid:,1,44,1,Ask:,1,135,1,
1906.857, Bid:,1,44,1,Ask:,2,47,1,135,1,
1907.143, Bid:,1,44,1,Ask:,1,135,1,
1908.714, Bid:,2,44,1,48,1,Ask:,1,135,1,
1929.571, Bid:,1,48,1,Ask:,1,135,1,
1930.143, Bid:,2,48,1,66,1,Ask:,1,135,1,
1932.429, Bid:,2,48,1,66,1,Ask:,0,
1935.857, Bid:,1,48,1,Ask:,0,
1936.714, Bid:,1,48,1,Ask:,1,110,1,
1937.143, Bid:,2,48,1,95,1,Ask:,1,110,1,
1937.714, Bid:,2,48,1,95,1,Ask:,2,110,1,137,1,
1945.714, Bid:,1,48,1,Ask:,2,110,1,137,1,
1946.429, Bid:,2,48,1,108,1,Ask:,2,110,1,137,1,
1956.143, Bid:,2,48,1,108,1,Ask:,1,137,1,
1956.143, Bid:,2,48,1,108,1,Ask:,2,109,1,137,1,
1964.571, Bid:,2,48,1,108,1,Ask:,1,109,1,
1964.714, Bid:,2,48,1,108,1,Ask:,2,109,1,131,1,
1964.857, Bid:,2,48,1,108,1,Ask:,1,131,1,
1968.143, Bid:,1,48,1,Ask:,1,131,1,
1969.571, Bid:,2,48,1,49,1,Ask:,1,131,1,
1972.000, Bid:,2,48,1,49,1,Ask:,2,102,1,131,1,
1975.000, Bid:,2,48,1,49,1,Ask:,1,131,1,
1988.571, Bid:,1,48,1,Ask:,1,131,1,
1988.571, Bid:,2,48,1,55,1,Ask:,1,131,1,
1992.000, Bid:,2,48,1,55,1,Ask:,0,
1993.714, Bid:,2,48,1,55,1,Ask:,1,143,1,
1997.714, Bid:,1,48,1,Ask:,1,143,1,
2000.714, Bid:,1,48,1,Ask:,0,
2004.714, Bid:,1,48,1,Ask:,1,61,1,
2005.571, Bid:,2,48,1,49,1,Ask:,1,61,1,
2005.857, Bid:,1,49,1,Ask:,0,
2017.857, Bid:,1,49,1,Ask:,1,143,1,
2027.571, Bid:,1,49,1,Ask:,2,98,1,143,1,
2028.143, Bid:,2,49,1,90,1,Ask:,2,98,1,143,1,
2030.000, Bid:,1,49,1,Ask:,2,98,1,143,1,
2039.714, Bid:,1,49,1,Ask:,1,143,1,
2040.286, Bid:,1,49,1,Ask:,2,113,1,143,1,
2047.143, Bid:,2,49,1,80,1,Ask:,2,113,1,143,1,
2054.143, Bid:,2,49,1,80,1,Ask:,1,113,1,
2054.143, Bid:,2,49,1,80,1,Ask:,2,113,1,120,1,
2056.857, Bid:,1,80,1,Ask:,2,113,1,120,1,
2057.286, Bid:,2,60,1,80,1,Ask:,2,113,1,120,1,
2059.143, Bid:,1,60,1,Ask:,2,113,1,120,1,
2059.857, Bid:,1,60,1,Ask:,1,120,1,
2062.000, Bid:,1,60,1,Ask:,0,
2062.429, Bid:,1,60,1,Ask:,1,137,1,
2082.714, Bid:,2,60,1,120,1,Ask:,1,137,1,
2083.286, Bid:,1,120,1,Ask:,1,137,1,
2083.286, Bid:,2,80,1,120,1,Ask:,1,137,1,
2084.286, Bid:,1,80,1,Ask:,1,137,1,
2088.571, Bid:,1,80,1,Ask:,2,83,1,137,1,
2089.000, Bid:,1,80,1,Ask:,1,137,1,
2089.286, Bid:,2,80,1,84,1,Ask:,1,137,1,
2108.000, Bid:,1,80,1,Ask:,1,137,1,
2109.714, Bid:,1,80,1,Ask:,0,
2111.571, Bid:,1,80,1,Ask:,1,138,1,
2112.714, Bid:,0,Ask:,1,138,1,
2114.000, Bid:,1,71,1,Ask:,1,138,1,
2118.000, Bid:,1,71,1,Ask:,2,81,1,138,1,
2119.714, Bid:,1,71,1,Ask:,1,138,1,
2121.429, Bid:,0,Ask:,1,138,1,
2122.571, Bid:,1,43,1,Ask:,1,138,1,
2132.714, Bid:,1,43,1,Ask:,2,105,1,138,1,
2133.714, Bid:,1,43,1,Ask:,1,105,1,
2134.143, Bid:,1,43,1,Ask:,2,105,1,131,1,
2143.000, Bid:,1,43,1,Ask:,1,131,1,
2148.143, Bid:,1,43,1,Ask:,0,
2150.857, Bid:,1,43,1,Ask:,1,52,1,
2151.857, Bid:,1,43,1,Ask:,0,
2152.571, Bid:,1,43,1,Ask:,1,67,1,
2161.286, Bid:,1,43,1,Ask:,0,
2175.000, Bid:,2,43,1,122,1,Ask:,0,
2175.571, Bid:,1,43,1,Ask:,0,
2176.714, Bid:,1,43,1,Ask:,1,120,1,
2178.286, Bid:,0,Ask:,1,120,1,
2179.000, Bid:,1,40,1,Ask:,1,120,1,
2179.571, Bid:,1,40,1,Ask:,2,102,1,120,1,
2185.286, Bid:,1,40,1,Ask:,3,64,1,102,1,120,1,
2185.571, Bid:,1,40,1,Ask:,2,102,1,120,1,
2196.714, Bid:,2,40,1,98,1,Ask:,2,102,1,120,1,
2199.857, Bid:,1,40,1,Ask:,2,102,1,120,1,
2204.429, Bid:,1,40,1,Ask:,1,120,1,
2204.714, Bid:,1,40,1,Ask:,2,86,1,120,1,
2204.857, Bid:,1,40,1,Ask:,1,120,1,
2206.571, Bid:,0,Ask:,1,120,1,
2207.143, Bid:,1,70,1,Ask:,1,120,1,
2208.429, Bid:,1,70,1,Ask:,0,
2208.714, Bid:,1,70,1,Ask:,1,149,1,
2209.286, Bid:,2,70,1,138,1,Ask:,1,149,1,
2210.571, Bid:,1,70,1,Ask:,1,149,1,
2213.714, Bid:,2,70,1,124,1,Ask:,1,149,1,
2231.714, Bid:,3,70,1,102,1,124,1,Ask:,1,149,1,
2233.429, Bid:,2,70,1,102,1,Ask:,1,149,1,
2236.571, Bid:,1,70,1,Ask:,1,149,1,
2238.571, Bid:,0,Ask:,0,
2238.714, Bid:,1,64,1,Ask:,0,
2240.571, Bid:,1,64,1,Ask:,1,123,1,
2242.429, Bid:,1,64,1,Ask:,2,114,1,123,1,
2256.000, Bid:,1,64,1,Ask:,1,114,1,
2256.429, Bid:,1,64,1,Ask:,2,114,1,142,1,
2257.571, Bid:,0,Ask:,2,114,1,142,1,
2257.714, Bid:,1,64,1,Ask:,2,114,1,142,1,
2258.571, Bid:,1,64,1,Ask:,1,142,1,
2269.000, Bid:,0,Ask:,1,142,1,
2269.429, Bid:,1,104,1,Ask:,1,142,1,
2281.429, Bid:,0,Ask:,1,142,1,
2281.429, Bid:,1,116,1,Ask:,1,142,1,
2291.714, Bid:,0,Ask:,1,142,1,
2294.429, Bid:,0,Ask:,2,78,1,142,1,
2297.286, Bid:,0,Ask:,1,142,1,
2297.429, Bid:,1,54,1,Ask:,1,142,1,
2298.857, Bid:,1,54,1,Ask:,0,
2299.000, Bid:,1,54,1,Ask:,1,153,1,
2300.000, Bid:,2,54,1,152,1,Ask:,1,153,1,
2300.286, Bid:,1,54,1,Ask:,1,153,1,
2303.000, Bid:,1,54,1,Ask:,2,69,1,153,1,
2303.714, Bid:,1,54,1,Ask:,1,153,1,
2305.429, Bid:,2,54,1,81,1,Ask:,1,153,1,
2305.571, Bid:,1,54,1,Ask:,1,153,1,
2325.857, Bid:,1,54,1,Ask:,2,98,1,153,1,
2328.000, Bid:,0,Ask:,2,98,1,153,1,
2328.000, Bid:,1,71,1,Ask:,2,98,1,153,1,
2329.000, Bid:,1,71,1,Ask:,1,98,1,
2329.000, Bid:,1,71,1,Ask:,0,
2329.286, Bid:,1,71,1,Ask:,1,127,1,
2342.286, Bid:,2,71,1,92,1,Ask:,1,127,1,
2345.286, Bid:,2,71,1,92,1,Ask:,2,106,1,127,1,
2348.571, Bid:,2,71,1,92,1,Ask:,1,106,1,
2348.714, Bid:,2,71,1,92,1,Ask:,2,106,1,133,1,
2349.571, Bid:,1,92,1,Ask:,2,106,1,133,1,
2350.857, Bid:,2,74,1,92,1,Ask:,2,106,1,133,1,
2359.286, Bid:,2,74,1,92,1,Ask:,1,133,1,
2360.571, Bid:,1,74,1,Ask:,1,133,1,
2375.571, Bid:,1,74,1,Ask:,0,
2375.571, Bid:,1,74,1,Ask:,1,133,1,
2378.143, Bid:,1,74,1,Ask:,2,109,1,133,1,
2383.429, Bid:,0,Ask:,2,109,1,133,1,
2384.286, Bid:,0,Ask:,1,133,1,
2384.714, Bid:,1,79,1,Ask:,1,133,1,
2390.000, Bid:,0,Ask:,1,133,1,
2391.429, Bid:,1,103,1,Ask:,1,133,1,
2396.000, Bid:,2,51,1,103,1,Ask:,1,133,1,
2402.714, Bid:,1,51,1,Ask:,1,133,1,
2403.143, Bid:,2,51,1,110,1,Ask:,1,133,1,
2419.429, Bid:,2,51,1,110,1,Ask:,0,
2419.429, Bid:,3,51,1,110,1,154,1,Ask:,0,
2419.714, Bid:,2,51,1,110,1,Ask:,0,
2420.286, Bid:,1,51,1,Ask:,0,
2421.571, Bid:,1,51,1,Ask:,1,146,1,
2421.857, Bid:,0,Ask:,1,146,1,
2423.000, Bid:,1,65,1,Ask:,1,146,1,
2428.000, Bid:,0,Ask:,1,146,1,
2433.286, Bid:,1,135,1,Ask:,1,146,1,
2440.571, Bid:,0,Ask:,1,146,1,
2449.571, Bid:,0,Ask:,0,
2450.429, Bid:,1,110,1,Ask:,0,
2451.571, Bid:,1,110,1,Ask:,1,138,1,
2471.571, Bid:,2,43,1,110,1,Ask:,1,138,1,
2473.429, Bid:,1,43,1,Ask:,1,138,1,
2478.000, Bid:,2,43,1,109,1,Ask:,1,138,1,
2479.714, Bid:,1,43,1,Ask:,1,138,1,
2480.000, Bid:,1,43,1,Ask:,0,
2504.429, Bid:,2,43,1,93,1,Ask:,0,
2505.714, Bid:,2,43,1,93,1,Ask:,1,146,1,
2506.000, Bid:,3,43,1,93,1,133,1,Ask:,1,146,1,
2509.857, Bid:,2,93,1,133,1,Ask:,1,146,1,
2510.000, Bid:,1,93,1,Ask:,1,146,1,
2511.571, Bid:,0,Ask:,1,146,1,
2512.571, Bid:,1,65,1,Ask:,1,146,1,
2516.571, Bid:,1,65,1,Ask:,2,76,1,146,1,
2516.714, Bid:,1,65,1,Ask:,1,146,1,
2526.286, Bid:,2,65,1,121,1,Ask:,1,146,1,
2526.429, Bid:,1,65,1,Ask:,1,146,1,
2528.429, Bid:,1,65,1,Ask:,0,
2529.000, Bid:,1,65,1,Ask:,1,139,1,
2532.143, Bid:,0,Ask:,1,139,1,
2532.429, Bid:,1,73,1,Ask:,1,139,1,
2540.286, Bid:,1,73,1,Ask:,2,120,1,139,1,
2540.571, Bid:,2,73,1,98,1,Ask:,2,120,1,139,1,
2552.714, Bid:,2,73,1,98,1,Ask:,1,139,1,
2559.714, Bid:,1,98,1,Ask:,1,139,1,
2560.286, Bid:,2,40,1,98,1,Ask:,1,139,1,
2563.000, Bid:,1,40,1,Ask:,1,139,1,
2567.857, Bid:,1,40,1,Ask:,0,
2568.429, Bid:,1,40,1,Ask:,1,160,1,
2570.714, Bid:,1,40,1,Ask:,2,101,1,160,1,
2571.571, Bid:,2,40,1,100,1,Ask:,2,101,1,160,1,
2580.857, Bid:,2,40,1,100,1,Ask:,1,160,1,
2588.000, Bid:,1,40,1,Ask:,1,160,1,
2589.857, Bid:,2,40,1,107,1,Ask:,1,160,1,
2598.857, Bid:,1,40,1,Ask:,1,160,1,
2600.286, Bid:,0,Ask:,0,
2600.286, Bid:,1,76,1,Ask:,0,
2601.000, Bid:,1,76,1,Ask:,1,160,1,
2606.429, Bid:,1,76,1,Ask:,2,90,1,160,1,
2606.857, Bid:,1,76,1,Ask:,1,160,1,
2611.429, Bid:,0,Ask:,1,160,1,
2611.571, Bid:,1,50,1,Ask:,1,160,1,
2614.857, Bid:,2,50,1,131,1,Ask:,1,160,1,
2615.000, Bid:,1,50,1,Ask:,1,160,1,
2626.857, Bid:,0,Ask:,1,160,1,
2630.429, Bid:,0,Ask:,0,
2630.429, Bid:,1,106,1,Ask:,0,
2631.286, Bid:,1,106,1,Ask:,1,121,1,
2633.000, Bid:,1,106,1,Ask:,2,120,1,121,1,
2645.143, Bid:,0,Ask:,2,120,1,121,1,
2646.714, Bid:,1,103,1,Ask:,2,120,1,121,1,
2648.143, Bid:,2,74,1,103,1,Ask:,2,120,1,121,1,
2654.857, Bid:,2,74,1,103,1,Ask:,1,120,1,
2654.857, Bid:,2,74,1,103,1,Ask:,2,120,1,160,1,
2660.857, Bid:,2,74,1,103,1,Ask:,1,160,1,
2662.000, Bid:,1,74,1,Ask:,1,160,1,
2665.429, Bid:,2,74,1,107,1,Ask:,1,160,1,
2666.429, Bid:,1,74,1,Ask:,1,160,1,
2670.000, Bid:,1,74,1,Ask:,0,
2672.286, Bid:,1,74,1,Ask:,1,149,1,
2676.000, Bid:,0,Ask:,1,149,1,
2676.429, Bid:,1,80,1,Ask:,1,149,1,
2691.000, Bid:,2,80,1,121,1,Ask:,1,149,1,
2691.571, Bid:,1,80,1,Ask:,1,149,1,
2692.429, Bid:,0,Ask:,1,149,1,
2714.571, Bid:,1,147,1,Ask:,1,149,1,
2716.429, Bid:,2,117,1,147,1,Ask:,1,149,1,
2720.857, Bid:,2,117,1,147,1,Ask:,0,
2720.857, Bid:,1,117,1,Ask:,0,
2721.000, Bid:,0,Ask:,0,
2721.143, Bid:,1,71,1,Ask:,0,
2731.571, Bid:,0,Ask:,0,
2732.143, Bid:,1,138,1,Ask:,0,
2738.143, Bid:,2,92,1,138,1,Ask:,0,
2746.000, Bid:,1,92,1,Ask:,0,
2751.000, Bid:,2,74,1,92,1,Ask:,0,
2751.143, Bid:,2,74,1,92,1,Ask:,1,125,1,
2757.143, Bid:,1,74,1,Ask:,1,125,1,
2757.857, Bid:,2,74,1,92,1,Ask:,1,125,1,
2766.000, Bid:,2,74,1,92,1,Ask:,0,
2766.286, Bid:,2,74,1,92,1,Ask:,1,141,1,
2771.000, Bid:,1,74,1,Ask:,1,141,1,
2779.000, Bid:,2,74,1,123,1,Ask:,1,141,1,
2781.143, Bid:,1,123,1,Ask:,1,141,1,
2781.143, Bid:,2,69,1,123,1,Ask:,1,141,1,
2782.286, Bid:,1,69,1,Ask:,1,141,1,
2792.143, Bid:,1,69,1,Ask:,0,
2793.571, Bid:,2,69,1,142,1,Ask:,0,
2795.286, Bid:,2,69,1,142,1,Ask:,1,150,1,
2801.143, Bid:,1,69,1,Ask:,1,150,1,
2810.429, Bid:,0,Ask:,1,150,1,
2810.571, Bid:,1,45,1,Ask:,1,150,1,
2811.429, Bid:,1,45,1,Ask:,2,77,1,150,1,
2812.143, Bid:,1,45,1,Ask:,1,150,1,
2812.714, Bid:,2,45,1,100,1,Ask:,1,150,1,
2814.714, Bid:,1,45,1,Ask:,1,150,1,
2825.286, Bid:,1,45,1,Ask:,0,
2826.143, Bid:,1,45,1,Ask:,1,131,1,
2831.143, Bid:,2,45,1,123,1,Ask:,1,131,1,
2832.143, Bid:,1,123,1,Ask:,1,131,1,
2832.286, Bid:,0,Ask:,1,131,1,
2832.714, Bid:,1,54,1,Ask:,1,131,1,
2842.429, Bid:,2,54,1,93,1,Ask:,1,131,1,
2844.429, Bid:,1,54,1,Ask:,1,131,1,
2845.857, Bid:,1,54,1,Ask:,2,110,1,131,1,
2848.143, Bid:,1,54,1,Ask:,1,131,1,
2849.143, Bid:,1,54,1,Ask:,2,80,1,131,1,
2850.143, Bid:,1,54,1,Ask:,1,131,1,
2855.714, Bid:,2,54,1,81,1,Ask:,1,131,1,
2871.571, Bid:,1,81,1,Ask:,0,
2872.286, Bid:,1,81,1,Ask:,1,137,1,
2872.714, Bid:,2,44,1,81,1,Ask:,1,137,1,
2873.143, Bid:,3,44,1,81,1,123,1,Ask:,1,137,1,
2876.571, Bid:,2,44,1,81,1,Ask:,1,137,1,
2882.571, Bid:,2,44,1,81,1,Ask:,0,
2883.143, Bid:,2,44,1,81,1,Ask:,1,152,1,
2885.000, Bid:,1,81,1,Ask:,1,152,1,
2885.714, Bid:,2,75,1,81,1,Ask:,1,152,1,
2895.143, Bid:,1,75,1,Ask:,1,152,1,
2902.286, Bid:,1,75,1,Ask:,2,88,1,152,1,
2902.429, Bid:,1,75,1,Ask:,1,152,1,
2903.429, Bid:,2,75,1,81,1,Ask:,1,152,1,
2904.143, Bid:,3,75,1,81,1,138,1,Ask:,1,152,1,
2905.000, Bid:,2,75,1,81,1,Ask:,1,152,1,
2916.714, Bid:,1,81,1,Ask:,1,152,1,
2918.286, Bid:,2,44,1,81,1,Ask:,1,152,1,
2923.286, Bid:,1,44,1,Ask:,1,152,1,
2928.571, Bid:,1,44,1,Ask:,2,108,1,152,1,
2931.857, Bid:,1,44,1,Ask:,1,108,1,
2931.857, Bid:,1,44,1,Ask:,2,108,1,120,1,
2932.714, Bid:,2,44,1,97,1,Ask:,2,108,1,120,1,
2933.000, Bid:,1,44,1,Ask:,2,108,1,120,1,
2938.143, Bid:,1,44,1,Ask:,1,120,1,
2939.000, Bid:,1,44,1,Ask:,0,
2940.571, Bid:,1,44,1,Ask:,1,160,1,
2950.857, Bid:,2,44,1,81,1,Ask:,1,160,1,
2962.000, Bid:,1,81,1,Ask:,1,160,1,
2963.000, Bid:,1,81,1,Ask:,2,95,1,160,1,
2963.143, Bid:,1,81,1,Ask:,1,160,1,
2966.143, Bid:,2,71,1,81,1,Ask:,1,160,1,
2968.571, Bid:,2,71,1,81,1,Ask:,0,
2971.571, Bid:,1,81,1,Ask:,0,
2973.143, Bid:,2,80,1,81,1,Ask:,0,
2977.286, Bid:,2,80,1,81,1,Ask:,1,121,1,
2984.857, Bid:,2,80,1,81,1,Ask:,2,105,1,121,1,
2992.143, Bid:,1,80,1,Ask:,2,105,1,121,1,
2993.429, Bid:,1,80,1,Ask:,1,121,1,
2995.000, Bid:,0,Ask:,1,121,1,
2996.429, Bid:,0,Ask:,0,
3001.857, Bid:,0,Ask:,1,134,1,
3018.429, Bid:,1,116,1,Ask:,1,134,1,
3018.571, Bid:,0,Ask:,1,134,1,
3022.571, Bid:,1,42,1,Ask:,1,134,1,
3023.429, Bid:,1,42,1,Ask:,2,94,1,134,1,
3023.571, Bid:,1,42,1,Ask:,1,134,1,
3030.143, Bid:,1,42,1,Ask:,2,91,1,134,1,
3038.857, Bid:,1,42,1,Ask:,1,134,1,
3044.714, Bid:,1,42,1,Ask:,0,
3046.571, Bid:,1,42,1,Ask:,1,135,1,
3051.000, Bid:,0,Ask:,1,135,1,
3051.429, Bid:,1,46,1,Ask:,1,135,1,
3052.857, Bid:,2,46,1,97,1,Ask:,1,135,1,
3053.000, Bid:,1,97,1,Ask:,1,135,1,
3053.143, Bid:,0,Ask:,1,135,1,
3054.857, Bid:,1,80,1,Ask:,1,135,1,
3055.857, Bid:,0,Ask:,1,135,1,
3070.429, Bid:,1,129,1,Ask:,1,135,1,
3072.143, Bid:,0,Ask:,1,135,1,
3081.571, Bid:,0,Ask:,0,
3083.000, Bid:,0,Ask:,1,122,1,
3083.857, Bid:,1,97,1,Ask:,1,122,1,
3086.000, Bid:,0,Ask:,1,122,1,
3097.857, Bid:,0,Ask:,2,102,1,122,1,
3109.429, Bid:,1,72,1,Ask:,2,102,1,122,1,
3112.286, Bid:,1,72,1,Ask:,1,102,1,
3112.714, Bid:,1,72,1,Ask:,0,
3113.000, Bid:,1,72,1,Ask:,1,152,1,
3113.143, Bid:,0,Ask:,1,152,1,
3113.714, Bid:,1,86,1,Ask:,1,152,1,
3116.857, Bid:,2,86,1,133,1,Ask:,1,152,1,
3120.429, Bid:,2,86,1,133,1,Ask:,0,
3121.857, Bid:,1,86,1,Ask:,0,
3128.286, Bid:,1,86,1,Ask:,1,114,1,
3128.571, Bid:,0,Ask:,1,114,1,
3128.857, Bid:,0,Ask:,0,
3143.429, Bid:,1,71,1,Ask:,0,
3146.143, Bid:,2,71,1,158,1,Ask:,0,
3146.857, Bid:,1,71,1,Ask:,0,
3148.429, Bid:,2,71,1,113,1,Ask:,0,
3167.143, Bid:,1,71,1,Ask:,0,
3170.000, Bid:,1,71,1,Ask:,1,156,1,
3173.000, Bid:,0,Ask:,1,156,1,
3173.000, Bid:,1,48,1,Ask:,1,156,1,
3176.571, Bid:,1,48,1,Ask:,2,91,1,156,1,
3177.571, Bid:,1,48,1,Ask:,1,91,1,
3178.000, Bid:,1,48,1,Ask:,2,91,1,142,1,
3178.429, Bid:,1,48,1,Ask:,1,142,1,
3183.000, Bid:,0,Ask:,1,142,1,
3184.000, Bid:,1,66,1,Ask:,1,142,1,
3187.143, Bid:,1,66,1,Ask:,2,109,1,142,1,
3195.714, Bid:,2,66,1,87,1,Ask:,2,109,1,142,1,
3204.286, Bid:,2,66,1,87,1,Ask:,1,142,1,
3205.286, Bid:,1,66,1,Ask:,1,142,1,
3206.571, Bid:,2,66,1,94,1,Ask:,1,142,1,
3225.714, Bid:,2,66,1,94,1,Ask:,0,
3225.857, Bid:,2,66,1,94,1,Ask:,1,134,1,
3230.714, Bid:,2,66,1,94,1,Ask:,2,108,1,134,1,
3233.286, Bid:,1,94,1,Ask:,2,108,1,134,1,
3233.286, Bid:,2,50,1,94,1,Ask:,2,108,1,134,1,
3234.000, Bid:,2,50,1,94,1,Ask:,1,134,1,
3234.857, Bid:,1,50,1,Ask:,1,134,1,
3239.857, Bid:,2,50,1,96,1,Ask:,1,134,1,
3255.714, Bid:,2,50,1,96,1,Ask:,2,113,1,134,1,
3261.714, Bid:,1,96,1,Ask:,2,113,1,134,1,
3261.714, Bid:,2,58,1,96,1,Ask:,2,113,1,134,1,
3263.429, Bid:,2,58,1,96,1,Ask:,1,113,1,
3263.714, Bid:,2,58,1,96,1,Ask:,0,
3263.857, Bid:,2,58,1,96,1,Ask:,1,124,1,
3268.143, Bid:,1,58,1,Ask:,1,124,1,
3269.571, Bid:,2,58,1,115,1,Ask:,1,124,1,
3271.857, Bid:,1,58,1,Ask:,1,124,1,
3272.714, Bid:,1,58,1,Ask:,2,83,1,124,1,
3272.857, Bid:,1,58,1,Ask:,1,124,1,
3284.143, Bid:,0,Ask:,1,124,1,
3285.000, Bid:,1,55,1,Ask:,1,124,1,
3291.429, Bid:,1,55,1,Ask:,2,79,1,124,1,
3293.571, Bid:,1,55,1,Ask:,1,79,1,
3294.143, Bid:,1,55,1,Ask:,0,
3296.000, Bid:,1,55,1,Ask:,1,126,1,
3297.714, Bid:,1,55,1,Ask:,0,
3300.429, Bid:,0,Ask:,0,
3301.286, Bid:,1,64,1,Ask:,0,
3323.857, Bid:,1,64,1,Ask:,1,93,1,
3324.000, Bid:,0,Ask:,1,93,1,
3324.857, Bid:,0,Ask:,0,
3327.571, Bid:,1,41,1,Ask:,0,
3330.000, Bid:,1,41,1,Ask:,1,144,1,
3330.714, Bid:,2,41,1,115,1,Ask:,1,144,1,
3331.000, Bid:,1,41,1,Ask:,1,144,1,
3346.000, Bid:,1,41,1,Ask:,2,115,1,144,1,
3353.857, Bid:,1,41,1,Ask:,3,45,1,115,1,144,1,
3354.286, Bid:,1,41,1,Ask:,2,115,1,144,1,
3354.714, Bid:,1,41,1,Ask:,1,144,1,
3358.429, Bid:,1,41,1,Ask:,0,
3358.571, Bid:,1,41,1,Ask:,1,138,1,
3360.143, Bid:,1,41,1,Ask:,0,
3368.857, Bid:,1,41,1,Ask:,1,105,1,
3381.286, Bid:,0,Ask:,1,105,1,
3384.000, Bid:,1,44,1,Ask:,1,105,1,
3384.429, Bid:,1,44,1,Ask:,2,49,1,105,1,
3386.857, Bid:,1,44,1,Ask:,1,105,1,
3400.000, Bid:,0,Ask:,1,105,1,
3401.000, Bid:,1,68,1,Ask:,1,105,1,
3402.571, Bid:,0,Ask:,1,105,1,
3405.857, Bid:,1,85,1,Ask:,1,105,1,
3406.714, Bid:,0,Ask:,1,105,1,
3409.286, Bid:,0,Ask:,2,105,1,131,1,
3414.143, Bid:,0,Ask:,1,131,1,
3414.857, Bid:,0,Ask:,0,
3415.286, Bid:,0,Ask:,1,114,1,
3416.143, Bid:,0,Ask:,2,114,1,135,1,
3429.714, Bid:,1,60,1,Ask:,2,114,1,135,1,
3437.000, Bid:,1,60,1,Ask:,1,135,1,
3437.286, Bid:,1,60,1,Ask:,2,86,1,135,1,
3438.857, Bid:,1,60,1,Ask:,1,135,1,
3442.000, Bid:,2,60,1,132,1,Ask:,1,135,1,
3442.857, Bid:,1,60,1,Ask:,1,135,1,
3444.286, Bid:,2,60,1,100,1,Ask:,1,135,1,
3444.714, Bid:,1,60,1,Ask:,1,135,1,
3463.714, Bid:,2,60,1,85,1,Ask:,1,135,1,
3464.714, Bid:,1,85,1,Ask:,1,135,1,
3465.714, Bid:,2,79,1,85,1,Ask:,1,135,1,
3469.143, Bid:,2,79,1,85,1,Ask:,0,
3469.286, Bid:,2,79,1,85,1,Ask:,1,133,1,
3470.429, Bid:,2,79,1,85,1,Ask:,2,90,1,133,1,
3471.429, Bid:,2,79,1,85,1,Ask:,1,133,1,
3474.429, Bid:,1,79,1,Ask:,1,133,1,
3475.857, Bid:,2,79,1,123,1,Ask:,1,133,1,
3476.571, Bid:,1,79,1,Ask:,1,133,1,
3479.429, Bid:,0,Ask:,1,133,1,
3479.571, Bid:,1,53,1,Ask:,1,133,1,
3483.571, Bid:,1,53,1,Ask:,0,
3483.857, Bid:,1,53,1,Ask:,1,139,1,
3490.143, Bid:,0,Ask:,1,139,1,
3494.000, Bid:,1,103,1,Ask:,1,139,1,
3504.571, Bid:,1,103,1,Ask:,0,
3505.143, Bid:,0,Ask:,0,
3512.143, Bid:,1,129,1,Ask:,0,
3523.714, Bid:,0,Ask:,0,
3533.714, Bid:,1,81,1,Ask:,0,
3534.857, Bid:,1,81,1,Ask:,1,151,1,
3535.000, Bid:,0,Ask:,1,151,1,
3535.143, Bid:,1,49,1,Ask:,1,151,1,
3538.286, Bid:,2,49,1,126,1,Ask:,1,151,1,
3541.571, Bid:,2,49,1,126,1,Ask:,0,
3542.571, Bid:,2,49,1,126,1,Ask:,1,151,1,
3549.714, Bid:,1,49,1,Ask:,1,151,1,
3564.857, Bid:,0,Ask:,1,151,1,
3565.000, Bid:,0,Ask:,2,117,1,151,1,
3565.286, Bid:,1,107,1,Ask:,2,117,1,151,1,
3566.857, Bid:,2,66,1,107,1,Ask:,2,117,1,151,1,
3567.429, Bid:,2,66,1,107,1,Ask:,1,117,1,
3567.714, Bid:,2,66,1,107,1,Ask:,2,117,1,147,1,
3576.286, Bid:,2,66,1,107,1,Ask:,1,147,1,
3593.143, Bid:,1,66,1,Ask:,1,147,1,
3593.143, Bid:,2,66,1,118,1,Ask:,1,147,1,
3594.000, Bid:,1,66,1,Ask:,1,147,1,
3595.000, Bid:,0,Ask:,1,147,1,
3595.143, Bid:,1,59,1,Ask:,1,147,1,
3595.571, Bid:,0,Ask:,1,147,1,
3602.714, Bid:,1,114,1,Ask:,1,147,1,
3608.857, Bid:,1,114,1,Ask:,2,115,1,147,1,
3617.286, Bid:,2,78,1,114,1,Ask:,2,115,1,147,1,
3619.286, Bid:,1,78,1,Ask:,2,115,1,147,1,
3625.143, Bid:,1,78,1,Ask:,1,115,1,
3625.429, Bid:,1,78,1,Ask:,0,
3626.000, Bid:,1,78,1,Ask:,1,129,1,
3643.571, Bid:,0,Ask:,1,129,1,
3643.714, Bid:,0,Ask:,0,
3643.714, Bid:,0,Ask:,1,152,1,
3644.000, Bid:,1,65,1,Ask:,1,152,1,
3652.571, Bid:,2,65,1,140,1,Ask:,1,152,1,
3654.857, Bid:,1,65,1,Ask:,1,152,1,
3655.857, Bid:,0,Ask:,1,152,1,
3656.286, Bid:,1,88,1,Ask:,1,152,1,
3660.429, Bid:,0,Ask:,1,152,1,
3666.429, Bid:,1,136,1,Ask:,1,152,1,
3678.286, Bid:,1,136,1,Ask:,0,
3678.714, Bid:,1,136,1,Ask:,1,154,1,
3678.857, Bid:,2,97,1,136,1,Ask:,1,154,1,
3685.571, Bid:,3,51,1,97,1,136,1,Ask:,1,154,1,
3687.857, Bid:,2,51,1,97,1,Ask:,1,154,1,
3706.714, Bid:,1,97,1,Ask:,1,154,1,
3707.571, Bid:,2,44,1,97,1,Ask:,1,154,1,
3710.000, Bid:,1,44,1,Ask:,1,154,1,
3711.286, Bid:,2,44,1,101,1,Ask:,1,154,1,
3711.714, Bid:,1,44,1,Ask:,1,154,1,
3715.571, Bid:,1,44,1,Ask:,0,
3715.714, Bid:,1,44,1,Ask:,1,124,1,
3716.000, Bid:,2,44,1,121,1,Ask:,1,124,1,
3719.000, Bid:,1,44,1,Ask:,1,124,1,
3738.143, Bid:,1,44,1,Ask:,0,
3738.286, Bid:,2,44,1,83,1,Ask:,0,
3741.571, Bid:,2,44,1,83,1,Ask:,1,140,1,
3745.714, Bid:,1,83,1,Ask:,1,140,1,
3746.286, Bid:,0,Ask:,1,140,1,
3746.429, Bid:,1,57,1,Ask:,1,140,1,
3746.714, Bid:,1,57,1,Ask:,2,75,1,140,1,
3748.000, Bid:,1,57,1,Ask:,1,140,1,
3748.714, Bid:,2,57,1,76,1,Ask:,1,140,1,
3749.143, Bid:,2,57,1,76,1,Ask:,0,
3749.429, Bid:,2,57,1,76,1,Ask:,1,122,1,
3750.429, Bid:,1,57,1,Ask:,1,122,1,
3758.000, Bid:,0,Ask:,1,122,1,
3759.286, Bid:,1,63,1,Ask:,1,122,1,
3776.143, Bid:,1,63,1,Ask:,0,
3777.857, Bid:,2,63,1,134,1,Ask:,0,
3778.286, Bid:,1,63,1,Ask:,0,
3779.000, Bid:,1,63,1,Ask:,1,130,1,
3779.714, Bid:,1,63,1,Ask:,2,83,1,130,1,
3791.857, Bid:,1,63,1,Ask:,3,83,1,93,1,130,1,
3803.714, Bid:,1,63,1,Ask:,2,93,1,130,1,
3804.143, Bid:,1,63,1,Ask:,1,130,1,
3806.000, Bid:,0,Ask:,1,130,1,
3806.000, Bid:,0,Ask:,2,40,1,130,1,
3806.857, Bid:,0,Ask:,1,130,1,
3822.714, Bid:,1,88,1,Ask:,1,130,1,
3826.143, Bid:,1,88,1,Ask:,0,
3829.143, Bid:,1,88,1,Ask:,1,160,1,
3834.000, Bid:,2,88,1,130,1,Ask:,1,160,1,
3835.429, Bid:,1,88,1,Ask:,1,160,1,
3836.429, Bid:,0,Ask:,1,160,1,
3836.571, Bid:,0,Ask:,2,74,1,160,1,
3837.429, Bid:,0,Ask:,1,160,1,
3837.714, Bid:,1,72,1,Ask:,1,160,1,
3843.000, Bid:,2,72,1,140,1,Ask:,1,160,1,
3843.143, Bid:,1,72,1,Ask:,1,160,1,
3843.429, Bid:,1,72,1,Ask:,2,119,1,160,1,
3845.143, Bid:,1,72,1,Ask:,3,78,1,119,1,160,1,
3846.143, Bid:,1,72,1,Ask:,2,119,1,160,1,
3859.429, Bid:,2,72,1,115,1,Ask:,2,119,1,160,1,
3859.714, Bid:,1,72,1,Ask:,2,119,1,160,1,
3866.286, Bid:,0,Ask:,1,119,1,
3866.571, Bid:,0,Ask:,2,119,1,126,1,
3867.000, Bid:,1,61,1,Ask:,2,119,1,126,1,
3868.857, Bid:,2,61,1,109,1,Ask:,2,119,1,126,1,
3869.000, Bid:,2,61,1,109,1,Ask:,1,126,1,
3869.000, Bid:,1,61,1,Ask:,1,126,1,
3878.429, Bid:,1,61,1,Ask:,0,
3878.429, Bid:,1,61,1,Ask:,1,130,1,
3885.714, Bid:,0,Ask:,1,130,1,
3886.857, Bid:,1,72,1,Ask:,1,130,1,
3897.143, Bid:,1,72,1,Ask:,0,
3900.000, Bid:,0,Ask:,0,
3906.429, Bid:,1,70,1,Ask:,0,
3911.714, Bid:,2,70,1,140,1,Ask:,0,
3914.143, Bid:,1,70,1,Ask:,0,
3922.143, Bid:,0,Ask:,0,
3927.429, Bid:,1,92,1,Ask:,0,
3927.714, Bid:,1,92,1,Ask:,1,112,1,
3936.714, Bid:,2,55,1,92,1,Ask:,1,112,1,
3941.571, Bid:,1,55,1,Ask:,1,112,1,
3945.857, Bid:,1,55,1,Ask:,0,
3945.857, Bid:,1,55,1,Ask:,1,118,1,
3948.000, Bid:,1,55,1,Ask:,0,
3957.286, Bid:,2,55,1,133,1,Ask:,0,
3958.286, Bid:,1,55,1,Ask:,0,
3966.286, Bid:,1,55,1,Ask:,1,87,1,
3966.857, Bid:,0,Ask:,1,87,1,
3966.857, Bid:,0,Ask:,0,
3967.143, Bid:,1,55,1,Ask:,0,
3974.000, Bid:,2,55,1,90,1,Ask:,0,
3985.143, Bid:,2,55,1,90,1,Ask:,1,150,1,
3987.286, Bid:,1,55,1,Ask:,1,150,1,
3987.714, Bid:,2,55,1,80,1,Ask:,1,150,1,
3988.143, Bid:,2,55,1,80,1,Ask:,2,109,1,150,1,
3988.429, Bid:,2,55,1,80,1,Ask:,1,150,1,
3988.857, Bid:,1,80,1,Ask:,1,150,1,
3989.286, Bid:,2,53,1,80,1,Ask:,1,150,1,
3996.571, Bid:,2,53,1,80,1,Ask:,0,
3996.714, Bid:,2,53,1,80,1,Ask:,1,143,1,
4017.286, Bid:,3,53,1,80,1,134,1,Ask:,1,143,1,
4017.714, Bid:,2,53,1,80,1,Ask:,1,143,1,
4017.857, Bid:,2,53,1,80,1,Ask:,2,94,1,143,1,
4023.143, Bid:,2,53,1,80,1,Ask:,1,143,1,
4027.714, Bid:,2,53,1,80,1,Ask:,2,114,1,143,1,
4029.429, Bid:,2,53,1,80,1,Ask:,1,114,1,
4031.714, Bid:,2,53,1,80,1,Ask:,2,114,1,132,1,
4036.571, Bid:,1,80,1,Ask:,2,114,1,132,1,
4036.857, Bid:,2,51,1,80,1,Ask:,2,114,1,132,1,
4047.143, Bid:,1,51,1,Ask:,2,114,1,132,1,
4047.286, Bid:,0,Ask:,2,114,1,132,1,
4047.571, Bid:,1,104,1,Ask:,2,114,1,132,1,
4053.286, Bid:,0,Ask:,2,114,1,132,1,
4055.571, Bid:,1,55,1,Ask:,2,114,1,132,1,
4069.429, Bid:,1,55,1,Ask:,1,132,1,
4070.714, Bid:,1,55,1,Ask:,0,
4072.857, Bid:,1,55,1,Ask:,1,158,1,
4077.429, Bid:,2,55,1,100,1,Ask:,1,158,1,
4077.714, Bid:,1,55,1,Ask:,1,158,1,
4079.000, Bid:,1,55,1,Ask:,2,84,1,158,1,
4079.429, Bid:,1,55,1,Ask:,1,158,1,
4082.429, Bid:,2,55,1,157,1,Ask:,1,158,1,
4082.714, Bid:,1,55,1,Ask:,1,158,1,
4086.714, Bid:,0,Ask:,1,158,1,
4102.000, Bid:,1,80,1,Ask:,1,158,1,
4107.429, Bid:,1,80,1,Ask:,0,
4107.571, Bid:,1,80,1,Ask:,1,159,1,
4108.571, Bid:,1,80,1,Ask:,0,
4109.143, Bid:,1,80,1,Ask:,1,142,1,
4109.286, Bid:,2,80,1,103,1,Ask:,1,142,1,
4115.714, Bid:,1,80,1,Ask:,1,142,1,
4115.714, Bid:,2,80,1,95,1,Ask:,1,142,1,
4121.571, Bid:,1,95,1,Ask:,1,142,1,
4121.857, Bid:,2,66,1,95,1,Ask:,1,142,1,
4130.286, Bid:,1,66,1,Ask:,1,142,1,
4137.714, Bid:,2,66,1,120,1,Ask:,1,142,1,
4139.000, Bid:,1,66,1,Ask:,1,142,1,
4146.143, Bid:,1,66,1,Ask:,2,70,1,142,1,
4147.143, Bid:,1,66,1,Ask:,1,142,1,
4147.571, Bid:,2,66,1,123,1,Ask:,1,142,1,
4147.714, Bid:,1,66,1,Ask:,1,142,1,
4161.143, Bid:,2,66,1,120,1,Ask:,1,142,1,
4162.571, Bid:,2,66,1,120,1,Ask:,0,
4162.714, Bid:,2,66,1,120,1,Ask:,1,143,1,
4168.000, Bid:,1,120,1,Ask:,1,143,1,
4168.429, Bid:,0,Ask:,1,143,1,
4168.857, Bid:,1,73,1,Ask:,1,143,1,
4174.857, Bid:,1,73,1,Ask:,2,113,1,143,1,
4179.429, Bid:,2,73,1,89,1,Ask:,2,113,1,143,1,
4184.143, Bid:,1,73,1,Ask:,2,113,1,143,1,
4196.571, Bid:,0,Ask:,2,113,1,143,1,
4197.429, Bid:,1,51,1,Ask:,2,113,1,143,1,
4198.286, Bid:,1,51,1,Ask:,1,113,1,
4200.429, Bid:,1,51,1,Ask:,2,113,1,154,1,
4201.000, Bid:,1,51,1,Ask:,1,154,1,
4201.429, Bid:,2,51,1,91,1,Ask:,1,154,1,
4203.571, Bid:,1,51,1,Ask:,1,154,1,
4215.000, Bid:,2,51,1,142,1,Ask:,1,154,1,
4227.286, Bid:,2,51,1,142,1,Ask:,0,
4227.857, Bid:,1,51,1,Ask:,0,
4228.571, Bid:,0,Ask:,0,
4229.000, Bid:,1,76,1,Ask:,0,
4229.714, Bid:,1,76,1,Ask:,1,79,1,
4230.143, Bid:,1,76,1,Ask:,0,
4236.571, Bid:,2,76,1,134,1,Ask:,0,
4237.000, Bid:,1,76,1,Ask:,0,
4243.143, Bid:,0,Ask:,0,
4243.286, Bid:,1,44,1,Ask:,0,
4244.286, Bid:,1,44,1,Ask:,1,48,1,
4244.429, Bid:,1,44,1,Ask:,0,
4251.714, Bid:,1,44,1,Ask:,1,137,1,
4258.857, Bid:,2,44,1,90,1,Ask:,1,137,1,
4261.143, Bid:,1,44,1,Ask:,1,137,1,
4261.286, Bid:,1,44,1,Ask:,2,55,1,137,1,
4262.857, Bid:,1,44,1,Ask:,1,137,1,
4268.000, Bid:,1,44,1,Ask:,2,81,1,137,1,
4271.571, Bid:,1,44,1,Ask:,1,81,1,
4273.857, Bid:,1,44,1,Ask:,2,81,1,133,1,
4282.857, Bid:,0,Ask:,2,81,1,133,1,
4284.429, Bid:,1,45,1,Ask:,2,81,1,133,1,
4289.143, Bid:,1,45,1,Ask:,1,133,1,
4291.000, Bid:,1,45,1,Ask:,2,79,1,133,1,
4305.857, Bid:,0,Ask:,2,79,1,133,1,
4306.429, Bid:,0,Ask:,1,79,1,
4307.429, Bid:,1,64,1,Ask:,1,79,1,
4309.000, Bid:,1,64,1,Ask:,2,79,1,135,1,
4311.000, Bid:,1,64,1,Ask:,3,79,1,104,1,135,1,
4314.143, Bid:,1,64,1,Ask:,2,104,1,135,1,
4319.571, Bid:,1,64,1,Ask:,1,135,1,
4319.714, Bid:,0,Ask:,1,135,1,
4332.000, Bid:,1,106,1,Ask:,1,135,1,
4334.000, Bid:,1,106,1,Ask:,0,
4335.286, Bid:,1,106,1,Ask:,1,120,1,
4337.429, Bid:,0,Ask:,1,120,1,
4348.000, Bid:,0,Ask:,0,
4350.000, Bid:,0,Ask:,1,95,1,
4350.429, Bid:,1,68,1,Ask:,1,95,1,
4355.429, Bid:,1,68,1,Ask:,0,
4355.857, Bid:,1,68,1,Ask:,1,108,1,
4356.571, Bid:,1,68,1,Ask:,0,
4362.000, Bid:,1,68,1,Ask:,1,78,1,
4362.286, Bid:,1,68,1,Ask:,0,
4378.000, Bid:,2,68,1,112,1,Ask:,0,
4378.286, Bid:,1,68,1,Ask:,0,
4380.000, Bid:,0,Ask:,0,
4380.714, Bid:,1,46,1,Ask:,0,
4381.571, Bid:,1,46,1,Ask:,1,155,1,
4391.571, Bid:,1,46,1,Ask:,0,
4395.429, Bid:,1,46,1,Ask:,1,138,1,
4403.857, Bid:,1,46,1,Ask:,0,
4409.714, Bid:,1,46,1,Ask:,1,76,1,
4410.143, Bid:,0,Ask:,1,76,1,
4410.286, Bid:,0,Ask:,0,
4410.571, Bid:,0,Ask:,1,88,1,
4411.143, Bid:,0,Ask:,0,
4411.571, Bid:,1,63,1,Ask:,0,
4412.429, Bid:,2,63,1,141,1,Ask:,0,
4412.857, Bid:,1,63,1,Ask:,0,
4414.000, Bid:,1,63,1,Ask:,1,95,1,
4419.429, Bid:,1,63,1,Ask:,2,95,1,128,1,
4431.286, Bid:,0,Ask:,2,95,1,128,1,
4431.429, Bid:,1,44,1,Ask:,2,95,1,128,1,
4440.714, Bid:,2,44,1,93,1,Ask:,2,95,1,128,1,
4441.857, Bid:,2,44,1,93,1,Ask:,3,95,1,118,1,128,1,
4445.571, Bid:,2,44,1,93,1,Ask:,2,118,1,128,1,
4454.571, Bid:,1,93,1,Ask:,2,118,1,128,1,
4454.571, Bid:,2,76,1,93,1,Ask:,2,118,1,128,1,
4463.714, Bid:,1,76,1,Ask:,2,118,1,128,1,
4469.714, Bid:,1,76,1,Ask:,1,118,1,
4470.857, Bid:,1,76,1,Ask:,0,
4470.857, Bid:,1,76,1,Ask:,1,94,1,
4471.000, Bid:,1,76,1,Ask:,2,94,1,158,1,
4471.143, Bid:,2,76,1,82,1,Ask:,2,94,1,158,1,
4472.429, Bid:,2,76,1,82,1,Ask:,1,158,1,
4475.714, Bid:,1,76,1,Ask:,1,158,1,
4476.286, Bid:,2,76,1,116,1,Ask:,1,158,1,
4477.143, Bid:,1,76,1,Ask:,1,158,1,
4477.429, Bid:,2,76,1,133,1,Ask:,1,158,1,
4481.000, Bid:,2,76,1,133,1,Ask:,0,
4481.286, Bid:,1,76,1,Ask:,0,
4483.000, Bid:,0,Ask:,0,
4501.143, Bid:,0,Ask:,1,108,1,
4501.429, Bid:,1,45,1,Ask:,1,108,1,
4503.714, Bid:,0,Ask:,1,108,1,
4504.000, Bid:,1,59,1,Ask:,1,108,1,
4511.429, Bid:,1,59,1,Ask:,2,108,1,135,1,
4513.857, Bid:,0,Ask:,2,108,1,135,1,
4518.857, Bid:,0,Ask:,1,135,1,
4531.571, Bid:,0,Ask:,2,90,1,135,1,
4532.000, Bid:,0,Ask:,1,135,1,
4534.571, Bid:,1,91,1,Ask:,1,135,1,
4535.857, Bid:,0,Ask:,1,135,1,
4547.286, Bid:,1,96,1,Ask:,1,135,1,
4552.286, Bid:,1,96,1,Ask:,0,
4561.000, Bid:,1,96,1,Ask:,1,146,1,
4562.429, Bid:,2,76,1,96,1,Ask:,1,146,1,
4562.571, Bid:,1,76,1,Ask:,1,146,1,
4569.143, Bid:,2,76,1,100,1,Ask:,1,146,1,
4569.286, Bid:,1,76,1,Ask:,1,146,1,
4576.857, Bid:,1,76,1,Ask:,0,
4579.143, Bid:,1,76,1,Ask:,1,155,1,
4583.429, Bid:,2,76,1,121,1,Ask:,1,155,1,
4585.429, Bid:,1,76,1,Ask:,1,155,1,
4592.000, Bid:,0,Ask:,1,155,1,
4592.143, Bid:,1,80,1,Ask:,1,155,1,
4592.429, Bid:,1,80,1,Ask:,2,96,1,155,1,
4593.714, Bid:,1,80,1,Ask:,1,155,1,
4595.000, Bid:,1,80,1,Ask:,2,97,1,155,1,
4607.286, Bid:,1,80,1,Ask:,1,97,1,
4607.714, Bid:,1,80,1,Ask:,2,97,1,125,1,
4609.000, Bid:,0,Ask:,2,97,1,125,1,
4609.429, Bid:,1,41,1,Ask:,2,97,1,125,1,
4618.857, Bid:,1,41,1,Ask:,1,125,1,
4622.714, Bid:,1,41,1,Ask:,2,80,1,125,1,
4623.286, Bid:,1,41,1,Ask:,1,125,1,
4633.286, Bid:,1,41,1,Ask:,2,68,1,125,1,
4635.857, Bid:,1,41,1,Ask:,1,125,1,
4643.286, Bid:,0,Ask:,1,125,1,
4643.429, Bid:,1,53,1,Ask:,1,125,1,
4651.143, Bid:,1,53,1,Ask:,2,119,1,125,1,
4652.571, Bid:,1,53,1,Ask:,1,119,1,
4652.571, Bid:,1,53,1,Ask:,2,119,1,131,1,
4653.000, Bid:,1,53,1,Ask:,1,131,1,
4655.429, Bid:,1,53,1,Ask:,2,58,1,131,1,
4667.143, Bid:,1,53,1,Ask:,1,58,1,
4668.714, Bid:,1,53,1,Ask:,2,58,1,158,1,
4672.571, Bid:,1,53,1,Ask:,1,158,1,
4682.857, Bid:,0,Ask:,1,158,1,
4683.000, Bid:,1,109,1,Ask:,1,158,1,
4683.286, Bid:,2,53,1,109,1,Ask:,1,158,1,
4683.571, Bid:,2,53,1,109,1,Ask:,2,115,1,158,1,
4684.429, Bid:,1,53,1,Ask:,2,115,1,158,1,
4684.857, Bid:,1,53,1,Ask:,1,158,1,
4685.571, Bid:,1,53,1,Ask:,2,105,1,158,1,
4700.000, Bid:,0,Ask:,2,105,1,158,1,
4708.429, Bid:,0,Ask:,1,158,1,
4711.857, Bid:,1,64,1,Ask:,1,158,1,
4713.143, Bid:,1,64,1,Ask:,0,
4713.429, Bid:,1,64,1,Ask:,1,135,1,
4714.000, Bid:,2,64,1,104,1,Ask:,1,135,1,
4720.000, Bid:,1,104,1,Ask:,1,135,1,
4720.143, Bid:,2,65,1,104,1,Ask:,1,135,1,
4728.143, Bid:,2,65,1,104,1,Ask:,0,
4728.429, Bid:,2,65,1,104,1,Ask:,1,123,1,
4734.429, Bid:,2,65,1,104,1,Ask:,0,
4736.286, Bid:,1,65,1,Ask:,0,
4743.429, Bid:,2,65,1,105,1,Ask:,0,
4744.571, Bid:,2,65,1,105,1,Ask:,1,111,1,
4746.000, Bid:,2,65,1,105,1,Ask:,0,
4748.143, Bid:,2,65,1,105,1,Ask:,1,113,1,
4754.286, Bid:,2,65,1,105,1,Ask:,0,
4766.429, Bid:,1,105,1,Ask:,0,
4767.571, Bid:,2,51,1,105,1,Ask:,0,
4773.714, Bid:,1,51,1,Ask:,0,
4774.143, Bid:,2,51,1,81,1,Ask:,0,
4774.714, Bid:,2,51,1,81,1,Ask:,1,137,1,
4775.286, Bid:,1,51,1,Ask:,1,137,1,
4776.429, Bid:,1,51,1,Ask:,2,119,1,137,1,
4787.429, Bid:,1,51,1,Ask:,3,61,1,119,1,137,1,
4788.286, Bid:,1,51,1,Ask:,2,119,1,137,1,
4791.857, Bid:,1,51,1,Ask:,1,137,1,
4801.143, Bid:,2,51,1,88,1,Ask:,1,137,1,
4801.286, Bid:,1,51,1,Ask:,1,137,1,
4804.000, Bid:,0,Ask:,0,
4804.000, Bid:,0,Ask:,1,138,1,
4804.286, Bid:,1,46,1,Ask:,1,138,1,
4809.857, Bid:,2,46,1,133,1,Ask:,1,138,1,
4811.286, Bid:,1,133,1,Ask:,1,138,1,
4812.286, Bid:,2,57,1,133,1,Ask:,1,138,1,
4819.143, Bid:,1,57,1,Ask:,1,138,1,
4830.429, Bid:,1,57,1,Ask:,2,119,1,138,1,
4834.286, Bid:,1,57,1,Ask:,1,119,1,
4834.429, Bid:,1,57,1,Ask:,2,119,1,154,1,
4835.571, Bid:,2,57,1,89,1,Ask:,2,119,1,154,1,
4835.714, Bid:,1,89,1,Ask:,2,119,1,154,1,
4836.571, Bid:,2,66,1,89,1,Ask:,2,119,1,154,1,
4847.571, Bid:,2,66,1,89,1,Ask:,1,154,1,
4852.857, Bid:,2,66,1,89,1,Ask:,0,
4853.143, Bid:,2,66,1,89,1,Ask:,1,134,1,
4853.857, Bid:,1,66,1,Ask:,1,134,1,
4864.857, Bid:,1,66,1,Ask:,2,89,1,134,1,
4865.429, Bid:,1,66,1,Ask:,1,134,1,
4866.000, Bid:,2,66,1,90,1,Ask:,1,134,1,
4873.143, Bid:,1,66,1,Ask:,1,134,1,
4882.571, Bid:,1,66,1,Ask:,0,
4882.714, Bid:,1,66,1,Ask:,1,153,1,
4884.143, Bid:,2,66,1,141,1,Ask:,1,153,1,
4885.000, Bid:,1,66,1,Ask:,1,153,1,
4891.714, Bid:,0,Ask:,1,153,1,
4892.286, Bid:,1,60,1,Ask:,1,153,1,
4895.143, Bid:,0,Ask:,1,153,1,
4895.714, Bid:,1,101,1,Ask:,1,153,1,
4899.000, Bid:,0,Ask:,1,153,1,
4909.714, Bid:,0,Ask:,0,
4912.714, Bid:,1,64,1,Ask:,0,
4913.571, Bid:,1,64,1,Ask:,1,128,1,
4924.857, Bid:,1,64,1,Ask:,0,
4925.571, Bid:,1,64,1,Ask:,1,117,1,
4925.714, Bid:,2,64,1,83,1,Ask:,1,117,1,
4929.143, Bid:,1,83,1,Ask:,1,117,1,
4930.143, Bid:,2,53,1,83,1,Ask:,1,117,1,
4947.857, Bid:,1,53,1,Ask:,1,117,1,
4949.143, Bid:,2,53,1,84,1,Ask:,1,117,1,
4955.143, Bid:,1,53,1,Ask:,1,117,1,
4955.429, Bid:,1,53,1,Ask:,0,
4955.571, Bid:,1,53,1,Ask:,1,147,1,
4955.857, Bid:,2,53,1,128,1,Ask:,1,147,1,
4956.000, Bid:,3,53,1,83,1,128,1,Ask:,1,147,1,
4956.143, Bid:,2,53,1,83,1,Ask:,1,147,1,
4964.714, Bid:,2,53,1,83,1,Ask:,0,
4976.000, Bid:,1,53,1,Ask:,0,
4976.857, Bid:,1,53,1,Ask:,1,116,1,
4985.714, Bid:,0,Ask:,1,116,1,
4986.571, Bid:,0,Ask:,2,116,1,155,1,
4986.714, Bid:,1,51,1,Ask:,2,116,1,155,1,
4988.429, Bid:,1,51,1,Ask:,1,155,1,
4988.571, Bid:,1,51,1,Ask:,2,93,1,155,1,
4991.429, Bid:,1,51,1,Ask:,1,155,1,
4994.000, Bid:,2,51,1,102,1,Ask:,1,155,1,
4995.286, Bid:,1,51,1,Ask:,1,155,1,
4998.000, Bid:,0,Ask:,1,155,1,
4998.143, Bid:,1,58,1,Ask:,1,155,1,
