bse_controlled_0001, 000030, 42, 117, MOM_QL, 13, 6, 2.166667, PT1, 500, 1, 500.000000, 
bse_controlled_0001, 000030, 42, 137, MOM_QL, 21, 6, 3.500000, PT1, 500, 1, 500.000000, 
bse_controlled_0001, 000054, None, 137, MOM_QL, 40, 6, 6.666667, PT1, 500, 1, 500.000000, 
bse_controlled_0001, 000060, 92, 124, MOM_QL, 85, 6, 14.166667, PT1, 500, 1, 500.000000, 
bse_controlled_0001, 000076, None, 124, MOM_QL, 156, 6, 26.000000, PT1, 500, 1, 500.000000, 
bse_controlled_0001, 000081, None, None, MOM_QL, 168, 6, 28.000000, PT1, 500, 1, 500.000000, 
bse_controlled_0001, 000095, 72, 128, MOM_QL, 199, 6, 33.166667, PT1, 500, 1, 500.000000, 
bse_controlled_0001, 000115, 72, 131, MOM_QL, 248, 6, 41.333333, PT1, 500, 1, 500.000000, 
bse_controlled_0001, 000124, None, 94, MOM_QL, 261, 6, 43.500000, PT1, 500, 1, 500.000000, 
bse_controlled_0001, 000128, None, 131, MOM_QL, 274, 6, 45.666667, PT1, 500, 1, 500.000000, 
bse_controlled_0001, 000152, 74, None, MOM_QL, 314, 6, 52.333333, PT1, 500, 1, 500.000000, 
bse_controlled_0001, 000181, 44, 94, MOM_QL, 376, 6, 62.666667, PT1, 500, 1, 500.000000, 
bse_controlled_0001, 000185, 44, 129, MOM_QL, 376, 6, 62.666667, PT1, 500, 1, 500.000000, 
bse_controlled_0001, 000187, 44, None, MOM_QL, 404, 6, 67.333333, PT1, 500, 1, 500.000000, 
bse_controlled_0001, 000196, 44, None, MOM_QL, 410, 6, 68.333333, PT1, 500, 1, 500.000000, 
bse_controlled_0001, 000231, None, 109, MOM_QL, 415, 6, 69.166667, PT1, 500, 1, 500.000000, 
bse_controlled_0001, 000237, None, None, MOM_QL, 416, 6, 69.333333, PT1, 500, 1, 500.000000, 
bse_controlled_0001, 000243, None, 139, MOM_QL, 457, 6, 76.166667, PT1, 500, 1, 500.000000, 
bse_controlled_0001, 000263, None, 116, MOM_QL, 477, 6, 79.500000, PT1, 500, 1, 500.000000, 
bse_controlled_0001, 000272, 102, None, MOM_QL, 508, 6, 84.666667, PT1, 500, 1, 500.000000, 
bse_controlled_0001, 000280, None, 152, MOM_QL, 526, 6, 87.666667, PT1, 500, 1, 500.000000, 
bse_controlled_0001, 000304, 100, 139, MOM_QL, 583, 6, 97.166667, PT1, 500, 1, 500.000000, 
bse_controlled_0001, 000314, 80, 139, MOM_QL, 613, 6, 102.166667, PT1, 500, 1, 500.000000, 
bse_controlled_0001, 000333, 47, None, MOM_QL, 618, 6, 103.000000, PT1, 500, 1, 500.000000, 
bse_controlled_0001, 000333, 45, None, MOM_QL, 618, 6, 103.000000, PT1, 424, 1, 424.000000, 
bse_controlled_0001, 000334, 45, 158, MOM_QL, 651, 6, 108.500000, PT1, 424, 1, 424.000000, 
bse_controlled_0001, 000363, 49, 158, MOM_QL, 717, 6, 119.500000, PT1, 424, 1, 424.000000, 
bse_controlled_0001, 000388, 49, 158, MOM_QL, 771, 6, 128.500000, PT1, 424, 1, 424.000000, 
bse_controlled_0001, 000390, 49, 140, MOM_QL, 771, 6, 128.500000, PT1, 551, 1, 551.000000, 
bse_controlled_0001, 000399, 55, 90, MOM_QL, 771, 6, 128.500000, PT1, 493, 1, 493.000000, 
bse_controlled_0001, 000414, 62, 138, MOM_QL, 818, 6, 136.333333, PT1, 493, 1, 493.000000, 
bse_controlled_0001, 000423, 62, 138, MOM_QL, 851, 6, 141.833333, PT1, 493, 1, 493.000000, 
bse_controlled_0001, 000426, 62, None, MOM_QL, 861, 6, 143.500000, PT1, 493, 1, 493.000000, 
bse_controlled_0001, 000453, 45, 145, MOM_QL, 892, 6, 148.666667, PT1, 493, 1, 493.000000, 
bse_controlled_0001, 000463, 45, 145, MOM_QL, 931, 6, 155.166667, PT1, 493, 1, 493.000000, 
bse_controlled_0001, 000465, 45, None, MOM_QL, 941, 6, 156.833333, PT1, 493, 1, 493.000000, 
bse_controlled_0001, 000498, None, 103, MOM_QL, 965, 6, 160.833333, PT1, 493, 1, 493.000000, 
bse_controlled_0001, 000513, 46, 120, MOM_QL, 965, 6, 160.833333, PT1, 600, 1, 600.000000, 
bse_controlled_0001, 000514, 46, 137, MOM_QL, 979, 6, 163.166667, PT1, 600, 1, 600.000000, 
bse_controlled_0001, 000521, 46, 105, MOM_QL, 979, 6, 163.166667, PT1, 537, 1, 537.000000, 
bse_controlled_0001, 000526, 46, 137, MOM_QL, 994, 6, 165.666667, PT1, 537, 1, 537.000000, 
bse_controlled_0001, 000535, 46, 137, MOM_QL, 994, 6, 165.666667, PT1, 623, 1, 623.000000, 
bse_controlled_0001, 000573, 46, 157, MOM_QL, 996, 6, 166.000000, PT1, 623, 1, 623.000000, 
bse_controlled_0001, 000574, 46, 157, MOM_QL, 1080, 6, 180.000000, PT1, 623, 1, 623.000000, 
bse_controlled_0001, 000589, 56, 157, MOM_QL, 1153, 6, 192.166667, PT1, 623, 1, 623.000000, 
bse_controlled_0001, 000605, 56, 125, MOM_QL, 1155, 6, 192.500000, PT1, 623, 1, 623.000000, 
bse_controlled_0001, 000607, 45, 125, MOM_QL, 1155, 6, 192.500000, PT1, 554, 1, 554.000000, 
bse_controlled_0001, 000614, 45, None, MOM_QL, 1170, 6, 195.000000, PT1, 554, 1, 554.000000, 
bse_controlled_0001, 000637, 58, 103, MOM_QL, 1170, 6, 195.000000, PT1, 656, 1, 656.000000, 
bse_controlled_0001, 000642, None, 103, MOM_QL, 1171, 6, 195.166667, PT1, 656, 1, 656.000000, 
bse_controlled_0001, 000664, 64, None, MOM_QL, 1230, 6, 205.000000, PT1, 656, 1, 656.000000, 
bse_controlled_0001, 000684, 85, None, MOM_QL, 1241, 6, 206.833333, PT1, 656, 1, 656.000000, 
bse_controlled_0001, 000696, 75, 107, MOM_QL, 1248, 6, 208.000000, PT1, 656, 1, 656.000000, 
bse_controlled_0001, 000708, 75, None, MOM_QL, 1278, 6, 213.000000, PT1, 656, 1, 656.000000, 
bse_controlled_0001, 000726, 68, 143, MOM_QL, 1278, 6, 213.000000, PT1, 585, 1, 585.000000, 
bse_controlled_0001, 000727, 68, 112, MOM_QL, 1278, 6, 213.000000, PT1, 685, 1, 685.000000, 
bse_controlled_0001, 000742, 69, 143, MOM_QL, 1316, 6, 219.333333, PT1, 685, 1, 685.000000, 
bse_controlled_0001, 000742, None, 143, MOM_QL, 1333, 6, 222.166667, PT1, 685, 1, 685.000000, 
bse_controlled_0001, 000764, 69, 127, MOM_QL, 1373, 6, 228.833333, PT1, 685, 1, 685.000000, 
bse_controlled_0001, 000779, 69, None, MOM_QL, 1377, 6, 229.500000, PT1, 685, 1, 685.000000, 
bse_controlled_0001, 000787, 83, None, MOM_QL, 1377, 6, 229.500000, PT1, 599, 1, 599.000000, 
bse_controlled_0001, 000790, 69, None, MOM_QL, 1377, 6, 229.500000, PT1, 700, 1, 700.000000, 
bse_controlled_0001, 000805, None, 117, MOM_QL, 1377, 6, 229.500000, PT1, 700, 1, 700.000000, 
bse_controlled_0001, 000811, None, None, MOM_QL, 1386, 6, 231.000000, PT1, 700, 1, 700.000000, 
bse_controlled_0001, 000840, 60, 134, MOM_QL, 1397, 6, 232.833333, PT1, 700, 1, 700.000000, 
bse_controlled_0001, 000846, 60, None, MOM_QL, 1397, 6, 232.833333, PT1, 700, 1, 700.000000, 
bse_controlled_0001, 000847, None, None, MOM_QL, 1412, 6, 235.333333, PT1, 700, 1, 700.000000, 
bse_controlled_0001, 000864, 48, None, MOM_QL, 1459, 6, 243.166667, PT1, 700, 1, 700.000000, 
bse_controlled_0001, 000878, 95, 157, MOM_QL, 1459, 6, 243.166667, PT1, 601, 1, 601.000000, 
bse_controlled_0001, 000886, 95, None, MOM_QL, 1460, 6, 243.333333, PT1, 601, 1, 601.000000, 
bse_controlled_0001, 000892, 48, None, MOM_QL, 1502, 6, 250.333333, PT1, 601, 1, 601.000000, 
bse_controlled_0001, 000915, None, 158, MOM_QL, 1512, 6, 252.000000, PT1, 601, 1, 601.000000, 
bse_controlled_0001, 000937, 42, 125, MOM_QL, 1574, 6, 262.333333, PT1, 601, 1, 601.000000, 
bse_controlled_0001, 000937, None, 125, MOM_QL, 1576, 6, 262.666667, PT1, 601, 1, 601.000000, 
bse_controlled_0001, 000951, 57, 125, MOM_QL, 1580, 6, 263.333333, PT1, 601, 1, 601.000000, 
bse_controlled_0001, 000963, None, 125, MOM_QL, 1597, 6, 266.166667, PT1, 601, 1, 601.000000, 
bse_controlled_0001, 000969, None, None, MOM_QL, 1606, 6, 267.666667, PT1, 601, 1, 601.000000, 
bse_controlled_0001, 000990, 75, 125, MOM_QL, 1613, 6, 268.833333, PT1, 601, 1, 601.000000, 
bse_controlled_0001, 000998, 75, None, MOM_QL, 1620, 6, 270.000000, PT1, 601, 1, 601.000000, 
bse_controlled_0001, 000998, None, None, MOM_QL, 1641, 6, 273.500000, PT1, 601, 1, 601.000000, 
bse_controlled_0001, 001020, None, None, MOM_QL, 1681, 6, 280.166667, PT1, 601, 1, 601.000000, 
bse_controlled_0001, 001027, None, None, MOM_QL, 1716, 6, 286.000000, PT1, 601, 1, 601.000000, 
bse_controlled_0001, 001052, 83, 144, MOM_QL, 1716, 6, 286.000000, PT1, 742, 1, 742.000000, 
bse_controlled_0001, 001053, 56, 144, MOM_QL, 1719, 6, 286.500000, PT1, 742, 1, 742.000000, 
bse_controlled_0001, 001070, 45, 144, MOM_QL, 1744, 6, 290.666667, PT1, 742, 1, 742.000000, 
bse_controlled_0001, 001079, 45, 116, MOM_QL, 1790, 6, 298.333333, PT1, 742, 1, 742.000000, 
bse_controlled_0001, 001099, 49, 129, MOM_QL, 1790, 6, 298.333333, PT1, 651, 1, 651.000000, 
bse_controlled_0001, 001103, 75, 129, MOM_QL, 1790, 6, 298.333333, PT1, 755, 1, 755.000000, 
bse_controlled_0001, 001116, None, 129, MOM_QL, 1816, 6, 302.666667, PT1, 755, 1, 755.000000, 
bse_controlled_0001, 001140, 43, 129, MOM_QL, 1876, 6, 312.666667, PT1, 755, 1, 755.000000, 
bse_controlled_0001, 001145, 43, None, MOM_QL, 1886, 6, 314.333333, PT1, 755, 1, 755.000000, 
bse_controlled_0001, 001149, 43, None, MOM_QL, 1915, 6, 319.166667, PT1, 755, 1, 755.000000, 
bse_controlled_0001, 001164, 85, None, MOM_QL, 1951, 6, 325.166667, PT1, 755, 1, 755.000000, 
bse_controlled_0001, 001176, 72, None, MOM_QL, 1962, 6, 327.000000, PT1, 670, 1, 670.000000, 
bse_controlled_0001, 001186, 72, 145, MOM_QL, 1962, 6, 327.000000, PT1, 790, 1, 790.000000, 
bse_controlled_0001, 001193, 72, 145, MOM_QL, 1962, 6, 327.000000, PT1, 710, 1, 710.000000, 
bse_controlled_0001, 001210, 70, None, MOM_QL, 2012, 6, 335.333333, PT1, 710, 1, 710.000000, 
bse_controlled_0001, 001230, 70, 136, MOM_QL, 2012, 6, 335.333333, PT1, 817, 1, 817.000000, 
bse_controlled_0001, 001235, 70, 136, MOM_QL, 2012, 6, 335.333333, PT1, 734, 1, 734.000000, 
bse_controlled_0001, 001238, 70, None, MOM_QL, 2016, 6, 336.000000, PT1, 734, 1, 734.000000, 
bse_controlled_0001, 001255, 57, 120, MOM_QL, 2085, 6, 347.500000, PT1, 734, 1, 734.000000, 
bse_controlled_0001, 001265, None, 120, MOM_QL, 2088, 6, 348.000000, PT1, 734, 1, 734.000000, 
bse_controlled_0001, 001272, None, 120, MOM_QL, 2093, 6, 348.833333, PT1, 824, 1, 824.000000, 
bse_controlled_0001, 001285, None, 120, MOM_QL, 2093, 6, 348.833333, PT1, 766, 1, 766.000000, 
bse_controlled_0001, 001290, None, 120, MOM_QL, 2093, 6, 348.833333, PT1, 837, 1, 837.000000, 
bse_controlled_0001, 001301, None, 125, MOM_QL, 2123, 6, 353.833333, PT1, 837, 1, 837.000000, 
bse_controlled_0001, 001315, None, 125, MOM_QL, 2162, 6, 360.333333, PT1, 837, 1, 837.000000, 
bse_controlled_0001, 001326, None, 125, MOM_QL, 2162, 6, 360.333333, PT1, 775, 1, 775.000000, 
bse_controlled_0001, 001331, 60, None, MOM_QL, 2162, 6, 360.333333, PT1, 891, 1, 891.000000, 
bse_controlled_0001, 001340, 60, 143, MOM_QL, 2174, 6, 362.333333, PT1, 891, 1, 891.000000, 
bse_controlled_0001, 001343, 60, None, MOM_QL, 2177, 6, 362.833333, PT1, 891, 1, 891.000000, 
bse_controlled_0001, 001364, None, 126, MOM_QL, 2177, 6, 362.833333, PT1, 811, 1, 811.000000, 
bse_controlled_0001, 001389, 67, 145, MOM_QL, 2183, 6, 363.833333, PT1, 811, 1, 811.000000, 
bse_controlled_0001, 001393, 67, 145, MOM_QL, 2236, 6, 372.666667, PT1, 811, 1, 811.000000, 
bse_controlled_0001, 001417, 67, 92, MOM_QL, 2242, 6, 373.666667, PT1, 898, 1, 898.000000, 
bse_controlled_0001, 001418, 67, 151, MOM_QL, 2242, 6, 373.666667, PT1, 806, 1, 806.000000, 
bse_controlled_0001, 001422, 46, 151, MOM_QL, 2316, 6, 386.000000, PT1, 806, 1, 806.000000, 
bse_controlled_0001, 001444, None, 96, MOM_QL, 2318, 6, 386.333333, PT1, 806, 1, 806.000000, 
bse_controlled_0001, 001449, None, 151, MOM_QL, 2365, 6, 394.166667, PT1, 806, 1, 806.000000, 
bse_controlled_0001, 001465, 89, 155, MOM_QL, 2403, 6, 400.500000, PT1, 806, 1, 806.000000, 
bse_controlled_0001, 001475, None, 155, MOM_QL, 2436, 6, 406.000000, PT1, 806, 1, 806.000000, 
bse_controlled_0001, 001487, 95, 159, MOM_QL, 2436, 6, 406.000000, PT1, 958, 1, 958.000000, 
bse_controlled_0001, 001506, 61, 120, MOM_QL, 2445, 6, 407.500000, PT1, 958, 1, 958.000000, 
bse_controlled_0001, 001531, 72, 153, MOM_QL, 2482, 6, 413.666667, PT1, 958, 1, 958.000000, 
bse_controlled_0001, 001532, None, 153, MOM_QL, 2496, 6, 416.000000, PT1, 958, 1, 958.000000, 
bse_controlled_0001, 001544, None, 146, MOM_QL, 2505, 6, 417.500000, PT1, 958, 1, 958.000000, 
bse_controlled_0001, 001553, None, 146, MOM_QL, 2505, 6, 417.500000, PT1, 905, 1, 905.000000, 
bse_controlled_0001, 001566, 52, 146, MOM_QL, 2505, 6, 417.500000, PT1, 1030, 1, 1030.000000, 
bse_controlled_0001, 001594, 52, 119, MOM_QL, 2552, 6, 425.333333, PT1, 1030, 1, 1030.000000, 
bse_controlled_0001, 001603, 90, None, MOM_QL, 2554, 6, 425.666667, PT1, 1030, 1, 1030.000000, 
bse_controlled_0001, 001614, 45, 154, MOM_QL, 2584, 6, 430.666667, PT1, 1030, 1, 1030.000000, 
bse_controlled_0001, 001620, 45, 154, MOM_QL, 2584, 6, 430.666667, PT1, 950, 1, 950.000000, 
bse_controlled_0001, 001627, 45, 154, MOM_QL, 2584, 6, 430.666667, PT1, 1098, 1, 1098.000000, 
bse_controlled_0001, 001646, 46, 150, MOM_QL, 2584, 6, 430.666667, PT1, 1036, 1, 1036.000000, 
bse_controlled_0001, 001655, 46, 150, MOM_QL, 2584, 6, 430.666667, PT1, 1156, 1, 1156.000000, 
bse_controlled_0001, 001687, 86, 135, MOM_QL, 2635, 6, 439.166667, PT1, 1156, 1, 1156.000000, 
bse_controlled_0001, 001689, 70, 135, MOM_QL, 2669, 6, 444.833333, PT1, 1156, 1, 1156.000000, 
bse_controlled_0001, 001697, 70, 108, MOM_QL, 2702, 6, 450.333333, PT1, 1156, 1, 1156.000000, 
bse_controlled_0001, 001700, 70, 135, MOM_QL, 2740, 6, 456.666667, PT1, 1156, 1, 1156.000000, 
bse_controlled_0001, 001727, 50, 128, MOM_QL, 2747, 6, 457.833333, PT1, 1156, 1, 1156.000000, 
bse_controlled_0001, 001730, None, 128, MOM_QL, 2750, 6, 458.333333, PT1, 1156, 1, 1156.000000, 
bse_controlled_0001, 001738, None, None, MOM_QL, 2762, 6, 460.333333, PT1, 1156, 1, 1156.000000, 
bse_controlled_0001, 001767, 44, 94, MOM_QL, 2777, 6, 462.833333, PT1, 1156, 1, 1156.000000, 
bse_controlled_0001, 001776, 44, 146, MOM_QL, 2811, 6, 468.500000, PT1, 1156, 1, 1156.000000, 
bse_controlled_0001, 001815, 41, 152, MOM_QL, 2819, 6, 469.833333, PT1, 1156, 1, 1156.000000, 
bse_controlled_0001, 001816, 41, 152, MOM_QL, 2867, 6, 477.833333, PT1, 1156, 1, 1156.000000, 
bse_controlled_0001, 001845, 80, 110, MOM_QL, 2905, 6, 484.166667, PT1, 1156, 1, 1156.000000, 
bse_controlled_0001, 001846, 80, 142, MOM_QL, 2934, 6, 489.000000, PT1, 1156, 1, 1156.000000, 
bse_controlled_0001, 001853, 71, 159, MOM_QL, 2957, 6, 492.833333, PT1, 1076, 1, 1076.000000, 
bse_controlled_0001, 001856, 71, 159, MOM_QL, 2957, 6, 492.833333, PT1, 1171, 1, 1171.000000, 
bse_controlled_0001, 001876, None, 159, MOM_QL, 2991, 6, 498.500000, PT1, 1171, 1, 1171.000000, 
bse_controlled_0001, 001883, None, 159, MOM_QL, 2993, 6, 498.833333, PT1, 1171, 1, 1171.000000, 
bse_controlled_0001, 001907, 44, 135, MOM_QL, 3074, 6, 512.333333, PT1, 1171, 1, 1171.000000, 
bse_controlled_0001, 001932, 66, None, MOM_QL, 3079, 6, 513.166667, PT1, 1171, 1, 1171.000000, 
bse_controlled_0001, 001935, 48, None, MOM_QL, 3087, 6, 514.500000, PT1, 1171, 1, 1171.000000, 
bse_controlled_0001, 001964, 108, 131, MOM_QL, 3112, 6, 518.666667, PT1, 1171, 1, 1171.000000, 
bse_controlled_0001, 001968, 48, 131, MOM_QL, 3169, 6, 528.166667, PT1, 1171, 1, 1171.000000, 
bse_controlled_0001, 001974, 49, 131, MOM_QL, 3170, 6, 528.333333, PT1, 1171, 1, 1171.000000, 
bse_controlled_0001, 001997, 48, 143, MOM_QL, 3182, 6, 530.333333, PT1, 1171, 1, 1171.000000, 
bse_controlled_0001, 002000, 48, None, MOM_QL, 3191, 6, 531.833333, PT1, 1171, 1, 1171.000000, 
bse_controlled_0001, 002005, 49, None, MOM_QL, 3191, 6, 531.833333, PT1, 1110, 1, 1110.000000, 
bse_controlled_0001, 002029, 49, 98, MOM_QL, 3191, 6, 531.833333, PT1, 1200, 1, 1200.000000, 
bse_controlled_0001, 002059, 60, 113, MOM_QL, 3215, 6, 535.833333, PT1, 1200, 1, 1200.000000, 
bse_controlled_0001, 002059, 60, 120, MOM_QL, 3231, 6, 538.500000, PT1, 1200, 1, 1200.000000, 
bse_controlled_0001, 002084, 80, 137, MOM_QL, 3295, 6, 549.166667, PT1, 1200, 1, 1200.000000, 
bse_controlled_0001, 002088, 80, 137, MOM_QL, 3354, 6, 559.000000, PT1, 1200, 1, 1200.000000, 
bse_controlled_0001, 002107, 80, 137, MOM_QL, 3362, 6, 560.333333, PT1, 1116, 1, 1116.000000, 
bse_controlled_0001, 002109, 80, None, MOM_QL, 3362, 6, 560.333333, PT1, 1116, 1, 1116.000000, 
bse_controlled_0001, 002119, 71, 138, MOM_QL, 3363, 6, 560.500000, PT1, 1116, 1, 1116.000000, 
bse_controlled_0001, 002142, 43, 131, MOM_QL, 3366, 6, 561.000000, PT1, 1116, 1, 1116.000000, 
bse_controlled_0001, 002148, 43, None, MOM_QL, 3372, 6, 562.000000, PT1, 1116, 1, 1116.000000, 
bse_controlled_0001, 002161, 43, None, MOM_QL, 3414, 6, 569.000000, PT1, 1116, 1, 1116.000000, 
bse_controlled_0001, 002175, 43, None, MOM_QL, 3414, 6, 569.000000, PT1, 1238, 1, 1238.000000, 
bse_controlled_0001, 002185, 40, 102, MOM_QL, 3414, 6, 569.000000, PT1, 1174, 1, 1174.000000, 
bse_controlled_0001, 002199, 40, 102, MOM_QL, 3414, 6, 569.000000, PT1, 1272, 1, 1272.000000, 
bse_controlled_0001, 002204, 40, 120, MOM_QL, 3414, 6, 569.000000, PT1, 1186, 1, 1186.000000, 
bse_controlled_0001, 002210, 70, 149, MOM_QL, 3414, 6, 569.000000, PT1, 1324, 1, 1324.000000, 
bse_controlled_0001, 002233, 102, 149, MOM_QL, 3419, 6, 569.833333, PT1, 1324, 1, 1324.000000, 
bse_controlled_0001, 002236, 70, 149, MOM_QL, 3456, 6, 576.000000, PT1, 1324, 1, 1324.000000, 
bse_controlled_0001, 002258, 64, 142, MOM_QL, 3490, 6, 581.666667, PT1, 1324, 1, 1324.000000, 
bse_controlled_0001, 002268, None, 142, MOM_QL, 3512, 6, 585.333333, PT1, 1324, 1, 1324.000000, 
bse_controlled_0001, 002291, None, 142, MOM_QL, 3518, 6, 586.333333, PT1, 1324, 1, 1324.000000, 
bse_controlled_0001, 002297, None, 142, MOM_QL, 3518, 6, 586.333333, PT1, 1246, 1, 1246.000000, 
bse_controlled_0001, 002300, 54, 153, MOM_QL, 3518, 6, 586.333333, PT1, 1398, 1, 1398.000000, 
bse_controlled_0001, 002303, 54, 153, MOM_QL, 3518, 6, 586.333333, PT1, 1329, 1, 1329.000000, 
bse_controlled_0001, 002305, 54, 153, MOM_QL, 3518, 6, 586.333333, PT1, 1410, 1, 1410.000000, 
bse_controlled_0001, 002329, 71, None, MOM_QL, 3563, 6, 593.833333, PT1, 1410, 1, 1410.000000, 
bse_controlled_0001, 002359, 92, 133, MOM_QL, 3587, 6, 597.833333, PT1, 1410, 1, 1410.000000, 
bse_controlled_0001, 002360, 74, 133, MOM_QL, 3618, 6, 603.000000, PT1, 1410, 1, 1410.000000, 
bse_controlled_0001, 002384, None, 133, MOM_QL, 3665, 6, 610.833333, PT1, 1410, 1, 1410.000000, 
bse_controlled_0001, 002390, None, 133, MOM_QL, 3674, 6, 612.333333, PT1, 1410, 1, 1410.000000, 
bse_controlled_0001, 002419, 110, None, MOM_QL, 3780, 6, 630.000000, PT1, 1410, 1, 1410.000000, 
bse_controlled_0001, 002420, 51, None, MOM_QL, 3805, 6, 634.166667, PT1, 1410, 1, 1410.000000, 
bse_controlled_0001, 002428, None, 146, MOM_QL, 3828, 6, 638.000000, PT1, 1410, 1, 1410.000000, 
bse_controlled_0001, 002440, None, 146, MOM_QL, 3869, 6, 644.833333, PT1, 1410, 1, 1410.000000, 
bse_controlled_0001, 002473, 43, 138, MOM_QL, 3878, 6, 646.333333, PT1, 1410, 1, 1410.000000, 
bse_controlled_0001, 002479, 43, 138, MOM_QL, 3920, 6, 653.333333, PT1, 1410, 1, 1410.000000, 
bse_controlled_0001, 002480, 43, None, MOM_QL, 3920, 6, 653.333333, PT1, 1410, 1, 1410.000000, 
bse_controlled_0001, 002510, 93, 146, MOM_QL, 3991, 6, 665.166667, PT1, 1410, 1, 1410.000000, 
bse_controlled_0001, 002511, None, 146, MOM_QL, 3991, 6, 665.166667, PT1, 1410, 1, 1410.000000, 
bse_controlled_0001, 002516, 65, 146, MOM_QL, 3991, 6, 665.166667, PT1, 1334, 1, 1334.000000, 
bse_controlled_0001, 002526, 65, 146, MOM_QL, 3991, 6, 665.166667, PT1, 1455, 1, 1455.000000, 
bse_controlled_0001, 002552, 98, 139, MOM_QL, 4023, 6, 670.500000, PT1, 1455, 1, 1455.000000, 
bse_controlled_0001, 002563, 40, 139, MOM_QL, 4053, 6, 675.500000, PT1, 1455, 1, 1455.000000, 
bse_controlled_0001, 002580, 100, 160, MOM_QL, 4074, 6, 679.000000, PT1, 1455, 1, 1455.000000, 
bse_controlled_0001, 002588, 40, 160, MOM_QL, 4098, 6, 683.000000, PT1, 1455, 1, 1455.000000, 
bse_controlled_0001, 002598, 40, 160, MOM_QL, 4104, 6, 684.000000, PT1, 1455, 1, 1455.000000, 
bse_controlled_0001, 002606, 76, 160, MOM_QL, 4104, 6, 684.000000, PT1, 1365, 1, 1365.000000, 
bse_controlled_0001, 002615, 50, 160, MOM_QL, 4104, 6, 684.000000, PT1, 1496, 1, 1496.000000, 
bse_controlled_0001, 002626, None, 160, MOM_QL, 4107, 6, 684.500000, PT1, 1496, 1, 1496.000000, 
bse_controlled_0001, 002660, 103, 160, MOM_QL, 4141, 6, 690.166667, PT1, 1496, 1, 1496.000000, 
bse_controlled_0001, 002662, 74, 160, MOM_QL, 4194, 6, 699.000000, PT1, 1496, 1, 1496.000000, 
bse_controlled_0001, 002666, 74, 160, MOM_QL, 4220, 6, 703.333333, PT1, 1496, 1, 1496.000000, 
bse_controlled_0001, 002691, 80, 149, MOM_QL, 4252, 6, 708.666667, PT1, 1496, 1, 1496.000000, 
bse_controlled_0001, 002692, None, 149, MOM_QL, 4266, 6, 711.000000, PT1, 1496, 1, 1496.000000, 
bse_controlled_0001, 002720, 117, None, MOM_QL, 4289, 6, 714.833333, PT1, 1496, 1, 1496.000000, 
bse_controlled_0001, 002721, None, None, MOM_QL, 4336, 6, 722.666667, PT1, 1496, 1, 1496.000000, 
bse_controlled_0001, 002731, None, None, MOM_QL, 4340, 6, 723.333333, PT1, 1496, 1, 1496.000000, 
bse_controlled_0001, 002746, 92, None, MOM_QL, 4374, 6, 729.000000, PT1, 1496, 1, 1496.000000, 
bse_controlled_0001, 002771, 74, 141, MOM_QL, 4386, 6, 731.000000, PT1, 1496, 1, 1496.000000, 
bse_controlled_0001, 002782, 69, 141, MOM_QL, 4417, 6, 736.166667, PT1, 1496, 1, 1496.000000, 
bse_controlled_0001, 002801, 69, 150, MOM_QL, 4451, 6, 741.833333, PT1, 1496, 1, 1496.000000, 
bse_controlled_0001, 002812, 45, 150, MOM_QL, 4451, 6, 741.833333, PT1, 1419, 1, 1419.000000, 
bse_controlled_0001, 002814, 45, 150, MOM_QL, 4451, 6, 741.833333, PT1, 1519, 1, 1519.000000, 
bse_controlled_0001, 002832, None, 131, MOM_QL, 4456, 6, 742.666667, PT1, 1519, 1, 1519.000000, 
bse_controlled_0001, 002844, 54, 131, MOM_QL, 4478, 6, 746.333333, PT1, 1519, 1, 1519.000000, 
bse_controlled_0001, 002848, 54, 131, MOM_QL, 4516, 6, 752.666667, PT1, 1519, 1, 1519.000000, 
bse_controlled_0001, 002850, 54, 131, MOM_QL, 4516, 6, 752.666667, PT1, 1439, 1, 1439.000000, 
bse_controlled_0001, 002876, 81, 137, MOM_QL, 4516, 6, 752.666667, PT1, 1562, 1, 1562.000000, 
bse_controlled_0001, 002895, 75, 152, MOM_QL, 4548, 6, 758.000000, PT1, 1562, 1, 1562.000000, 
bse_controlled_0001, 002902, 75, 152, MOM_QL, 4548, 6, 758.000000, PT1, 1474, 1, 1474.000000, 
bse_controlled_0001, 002905, 81, 152, MOM_QL, 4548, 6, 758.000000, PT1, 1612, 1, 1612.000000, 
bse_controlled_0001, 002923, 44, 152, MOM_QL, 4574, 6, 762.333333, PT1, 1612, 1, 1612.000000, 
bse_controlled_0001, 002933, 44, 108, MOM_QL, 4626, 6, 771.000000, PT1, 1612, 1, 1612.000000, 
bse_controlled_0001, 002938, 44, 120, MOM_QL, 4662, 6, 777.000000, PT1, 1612, 1, 1612.000000, 
bse_controlled_0001, 002963, 81, 160, MOM_QL, 4662, 6, 777.000000, PT1, 1517, 1, 1517.000000, 
bse_controlled_0001, 002968, 81, None, MOM_QL, 4662, 6, 777.000000, PT1, 1517, 1, 1517.000000, 
bse_controlled_0001, 002993, 80, 121, MOM_QL, 4663, 6, 777.166667, PT1, 1517, 1, 1517.000000, 
bse_controlled_0001, 002995, None, 121, MOM_QL, 4688, 6, 781.333333, PT1, 1517, 1, 1517.000000, 
bse_controlled_0001, 002996, None, None, MOM_QL, 4690, 6, 781.666667, PT1, 1517, 1, 1517.000000, 
bse_controlled_0001, 003018, None, 134, MOM_QL, 4690, 6, 781.666667, PT1, 1633, 1, 1633.000000, 
bse_controlled_0001, 003023, 42, 134, MOM_QL, 4690, 6, 781.666667, PT1, 1539, 1, 1539.000000, 
bse_controlled_0001, 003038, 42, 134, MOM_QL, 4730, 6, 788.333333, PT1, 1539, 1, 1539.000000, 
bse_controlled_0001, 003053, None, 135, MOM_QL, 4753, 6, 792.166667, PT1, 1539, 1, 1539.000000, 
bse_controlled_0001, 003055, None, 135, MOM_QL, 4779, 6, 796.500000, PT1, 1539, 1, 1539.000000, 
bse_controlled_0001, 003072, None, 135, MOM_QL, 4779, 6, 796.500000, PT1, 1668, 1, 1668.000000, 
bse_controlled_0001, 003086, None, 122, MOM_QL, 4794, 6, 799.000000, PT1, 1668, 1, 1668.000000, 
bse_controlled_0001, 003112, 72, None, MOM_QL, 4843, 6, 807.166667, PT1, 1668, 1, 1668.000000, 
bse_controlled_0001, 003113, None, 152, MOM_QL, 4847, 6, 807.833333, PT1, 1668, 1, 1668.000000, 
bse_controlled_0001, 003121, 86, None, MOM_QL, 4848, 6, 808.000000, PT1, 1668, 1, 1668.000000, 
bse_controlled_0001, 003128, None, None, MOM_QL, 4851, 6, 808.500000, PT1, 1668, 1, 1668.000000, 
bse_controlled_0001, 003146, 71, None, MOM_QL, 4958, 6, 826.333333, PT1, 1668, 1, 1668.000000, 
bse_controlled_0001, 003167, 71, None, MOM_QL, 5024, 6, 837.333333, PT1, 1668, 1, 1668.000000, 
bse_controlled_0001, 003178, 48, 142, MOM_QL, 5024, 6, 837.333333, PT1, 1577, 1, 1577.000000, 
bse_controlled_0001, 003204, 87, 142, MOM_QL, 5053, 6, 842.166667, PT1, 1577, 1, 1577.000000, 
bse_controlled_0001, 003205, 66, 142, MOM_QL, 5063, 6, 843.833333, PT1, 1577, 1, 1577.000000, 
bse_controlled_0001, 003234, 94, 134, MOM_QL, 5077, 6, 846.166667, PT1, 1577, 1, 1577.000000, 
bse_controlled_0001, 003234, 50, 134, MOM_QL, 5100, 6, 850.000000, PT1, 1577, 1, 1577.000000, 
bse_controlled_0001, 003263, 96, None, MOM_QL, 5117, 6, 852.833333, PT1, 1577, 1, 1577.000000, 
bse_controlled_0001, 003271, 58, 124, MOM_QL, 5117, 6, 852.833333, PT1, 1692, 1, 1692.000000, 
bse_controlled_0001, 003272, 58, 124, MOM_QL, 5117, 6, 852.833333, PT1, 1609, 1, 1609.000000, 
bse_controlled_0001, 003294, 55, None, MOM_QL, 5190, 6, 865.000000, PT1, 1609, 1, 1609.000000, 
bse_controlled_0001, 003297, 55, None, MOM_QL, 5222, 6, 870.333333, PT1, 1609, 1, 1609.000000, 
bse_controlled_0001, 003324, None, 93, MOM_QL, 5226, 6, 871.000000, PT1, 1609, 1, 1609.000000, 
bse_controlled_0001, 003324, None, None, MOM_QL, 5238, 6, 873.000000, PT1, 1609, 1, 1609.000000, 
bse_controlled_0001, 003331, 41, 144, MOM_QL, 5238, 6, 873.000000, PT1, 1724, 1, 1724.000000, 
bse_controlled_0001, 003354, 41, 115, MOM_QL, 5238, 6, 873.000000, PT1, 1679, 1, 1679.000000, 
bse_controlled_0001, 003354, 41, 144, MOM_QL, 5252, 6, 875.333333, PT1, 1679, 1, 1679.000000, 
bse_controlled_0001, 003360, 41, None, MOM_QL, 5252, 6, 875.333333, PT1, 1679, 1, 1679.000000, 
bse_controlled_0001, 003386, 44, 105, MOM_QL, 5317, 6, 886.166667, PT1, 1679, 1, 1679.000000, 
bse_controlled_0001, 003402, None, 105, MOM_QL, 5317, 6, 886.166667, PT1, 1747, 1, 1747.000000, 
bse_controlled_0001, 003406, None, 105, MOM_QL, 5350, 6, 891.666667, PT1, 1747, 1, 1747.000000, 
bse_controlled_0001, 003414, None, None, MOM_QL, 5361, 6, 893.500000, PT1, 1747, 1, 1747.000000, 
bse_controlled_0001, 003438, 60, 135, MOM_QL, 5361, 6, 893.500000, PT1, 1661, 1, 1661.000000, 
bse_controlled_0001, 003442, 60, 135, MOM_QL, 5361, 6, 893.500000, PT1, 1793, 1, 1793.000000, 
bse_controlled_0001, 003444, 60, 135, MOM_QL, 5388, 6, 898.000000, PT1, 1793, 1, 1793.000000, 
bse_controlled_0001, 003471, 85, 133, MOM_QL, 5388, 6, 898.000000, PT1, 1703, 1, 1703.000000, 
bse_controlled_0001, 003474, 79, 133, MOM_QL, 5402, 6, 900.333333, PT1, 1703, 1, 1703.000000, 
bse_controlled_0001, 003476, 79, 133, MOM_QL, 5402, 6, 900.333333, PT1, 1826, 1, 1826.000000, 
bse_controlled_0001, 003490, None, 139, MOM_QL, 5414, 6, 902.333333, PT1, 1826, 1, 1826.000000, 
bse_controlled_0001, 003504, 103, None, MOM_QL, 5427, 6, 904.500000, PT1, 1826, 1, 1826.000000, 
bse_controlled_0001, 003505, None, None, MOM_QL, 5433, 6, 905.500000, PT1, 1826, 1, 1826.000000, 
bse_controlled_0001, 003523, None, None, MOM_QL, 5447, 6, 907.833333, PT1, 1826, 1, 1826.000000, 
bse_controlled_0001, 003535, None, 151, MOM_QL, 5474, 6, 912.333333, PT1, 1826, 1, 1826.000000, 
bse_controlled_0001, 003549, 49, 151, MOM_QL, 5532, 6, 922.000000, PT1, 1826, 1, 1826.000000, 
bse_controlled_0001, 003576, 107, 147, MOM_QL, 5560, 6, 926.666667, PT1, 1826, 1, 1826.000000, 
bse_controlled_0001, 003594, 66, 147, MOM_QL, 5560, 6, 926.666667, PT1, 1826, 1, 1826.000000, 
bse_controlled_0001, 003595, None, 147, MOM_QL, 5569, 6, 928.166667, PT1, 1826, 1, 1826.000000, 
bse_controlled_0001, 003619, 78, 115, MOM_QL, 5614, 6, 935.666667, PT1, 1826, 1, 1826.000000, 
bse_controlled_0001, 003625, 78, None, MOM_QL, 5655, 6, 942.500000, PT1, 1826, 1, 1826.000000, 
bse_controlled_0001, 003654, 65, 152, MOM_QL, 5692, 6, 948.666667, PT1, 1826, 1, 1826.000000, 
bse_controlled_0001, 003655, None, 152, MOM_QL, 5712, 6, 952.000000, PT1, 1826, 1, 1826.000000, 
bse_controlled_0001, 003660, None, 152, MOM_QL, 5726, 6, 954.333333, PT1, 1826, 1, 1826.000000, 
bse_controlled_0001, 003687, 97, 154, MOM_QL, 5769, 6, 961.500000, PT1, 1826, 1, 1826.000000, 
bse_controlled_0001, 003710, 44, 154, MOM_QL, 5809, 6, 968.166667, PT1, 1826, 1, 1826.000000, 
bse_controlled_0001, 003711, 44, 154, MOM_QL, 5825, 6, 970.833333, PT1, 1826, 1, 1826.000000, 
bse_controlled_0001, 003719, 44, 124, MOM_QL, 5827, 6, 971.166667, PT1, 1826, 1, 1826.000000, 
bse_controlled_0001, 003738, 44, None, MOM_QL, 5852, 6, 975.333333, PT1, 1826, 1, 1826.000000, 
bse_controlled_0001, 003748, 57, 140, MOM_QL, 5885, 6, 980.833333, PT1, 1826, 1, 1826.000000, 
bse_controlled_0001, 003750, 57, 122, MOM_QL, 5921, 6, 986.833333, PT1, 1750, 1, 1750.000000, 
bse_controlled_0001, 003776, 63, None, MOM_QL, 5958, 6, 993.000000, PT1, 1750, 1, 1750.000000, 
bse_controlled_0001, 003778, 63, None, MOM_QL, 5974, 6, 995.666667, PT1, 1750, 1, 1750.000000, 
bse_controlled_0001, 003803, 63, 93, MOM_QL, 5994, 6, 999.000000, PT1, 1833, 1, 1833.000000, 
bse_controlled_0001, 003804, 63, 130, MOM_QL, 5994, 6, 999.000000, PT1, 1740, 1, 1740.000000, 
bse_controlled_0001, 003806, None, 130, MOM_QL, 6031, 6, 1005.166667, PT1, 1740, 1, 1740.000000, 
bse_controlled_0001, 003835, 88, 160, MOM_QL, 6031, 6, 1005.166667, PT1, 1870, 1, 1870.000000, 
bse_controlled_0001, 003836, None, 160, MOM_QL, 6031, 6, 1005.166667, PT1, 1870, 1, 1870.000000, 
bse_controlled_0001, 003837, None, 160, MOM_QL, 6031, 6, 1005.166667, PT1, 1796, 1, 1796.000000, 
bse_controlled_0001, 003843, 72, 160, MOM_QL, 6031, 6, 1005.166667, PT1, 1936, 1, 1936.000000, 
bse_controlled_0001, 003846, 72, 119, MOM_QL, 6031, 6, 1005.166667, PT1, 1858, 1, 1858.000000, 
bse_controlled_0001, 003859, 72, 119, MOM_QL, 6031, 6, 1005.166667, PT1, 1973, 1, 1973.000000, 
bse_controlled_0001, 003869, 61, 126, MOM_QL, 6048, 6, 1008.000000, PT1, 1973, 1, 1973.000000, 
bse_controlled_0001, 003897, 72, None, MOM_QL, 6054, 6, 1009.000000, PT1, 1973, 1, 1973.000000, 
bse_controlled_0001, 003900, None, None, MOM_QL, 6055, 6, 1009.166667, PT1, 1973, 1, 1973.000000, 
bse_controlled_0001, 003914, 70, None, MOM_QL, 6074, 6, 1012.333333, PT1, 1973, 1, 1973.000000, 
bse_controlled_0001, 003922, None, None, MOM_QL, 6094, 6, 1015.666667, PT1, 1973, 1, 1973.000000, 
bse_controlled_0001, 003941, 55, 112, MOM_QL, 6139, 6, 1023.166667, PT1, 1973, 1, 1973.000000, 
bse_controlled_0001, 003948, 55, None, MOM_QL, 6141, 6, 1023.500000, PT1, 1973, 1, 1973.000000, 
bse_controlled_0001, 003958, 55, None, MOM_QL, 6149, 6, 1024.833333, PT1, 1973, 1, 1973.000000, 
bse_controlled_0001, 003966, None, None, MOM_QL, 6149, 6, 1024.833333, PT1, 1886, 1, 1886.000000, 
bse_controlled_0001, 003987, 55, 150, MOM_QL, 6188, 6, 1031.333333, PT1, 1886, 1, 1886.000000, 
bse_controlled_0001, 003988, 80, 150, MOM_QL, 6205, 6, 1034.166667, PT1, 1886, 1, 1886.000000, 
bse_controlled_0001, 004017, 80, 143, MOM_QL, 6272, 6, 1045.333333, PT1, 1886, 1, 1886.000000, 
bse_controlled_0001, 004023, 80, 143, MOM_QL, 6318, 6, 1053.000000, PT1, 1980, 1, 1980.000000, 
bse_controlled_0001, 004047, None, 114, MOM_QL, 6329, 6, 1054.833333, PT1, 1980, 1, 1980.000000, 
bse_controlled_0001, 004053, None, 114, MOM_QL, 6374, 6, 1062.333333, PT1, 1980, 1, 1980.000000, 
bse_controlled_0001, 004069, 55, 132, MOM_QL, 6413, 6, 1068.833333, PT1, 1980, 1, 1980.000000, 
bse_controlled_0001, 004077, 55, 158, MOM_QL, 6426, 6, 1071.000000, PT1, 1980, 1, 1980.000000, 
bse_controlled_0001, 004079, 55, 158, MOM_QL, 6426, 6, 1071.000000, PT1, 1896, 1, 1896.000000, 
bse_controlled_0001, 004082, 55, 158, MOM_QL, 6426, 6, 1071.000000, PT1, 2053, 1, 2053.000000, 
bse_controlled_0001, 004086, None, 158, MOM_QL, 6426, 6, 1071.000000, PT1, 2053, 1, 2053.000000, 
bse_controlled_0001, 004130, 66, 142, MOM_QL, 6468, 6, 1078.000000, PT1, 2053, 1, 2053.000000, 
bse_controlled_0001, 004139, 66, 142, MOM_QL, 6506, 6, 1084.333333, PT1, 2053, 1, 2053.000000, 
bse_controlled_0001, 004147, 66, 142, MOM_QL, 6506, 6, 1084.333333, PT1, 1983, 1, 1983.000000, 
bse_controlled_0001, 004147, 66, 142, MOM_QL, 6506, 6, 1084.333333, PT1, 2106, 1, 2106.000000, 
bse_controlled_0001, 004168, None, 143, MOM_QL, 6532, 6, 1088.666667, PT1, 2106, 1, 2106.000000, 
bse_controlled_0001, 004184, 73, 113, MOM_QL, 6562, 6, 1093.666667, PT1, 2106, 1, 2106.000000, 
bse_controlled_0001, 004201, 51, 154, MOM_QL, 6573, 6, 1095.500000, PT1, 2106, 1, 2106.000000, 
bse_controlled_0001, 004203, 51, 154, MOM_QL, 6582, 6, 1097.000000, PT1, 2106, 1, 2106.000000, 
bse_controlled_0001, 004227, 51, None, MOM_QL, 6596, 6, 1099.333333, PT1, 2106, 1, 2106.000000, 
bse_controlled_0001, 004230, 76, None, MOM_QL, 6596, 6, 1099.333333, PT1, 2027, 1, 2027.000000, 
bse_controlled_0001, 004237, 76, None, MOM_QL, 6596, 6, 1099.333333, PT1, 2161, 1, 2161.000000, 
bse_controlled_0001, 004244, 44, None, MOM_QL, 6596, 6, 1099.333333, PT1, 2113, 1, 2113.000000, 
bse_controlled_0001, 004261, 44, 137, MOM_QL, 6606, 6, 1101.000000, PT1, 2113, 1, 2113.000000, 
bse_controlled_0001, 004262, 44, 137, MOM_QL, 6672, 6, 1112.000000, PT1, 2168, 1, 2168.000000, 
bse_controlled_0001, 004289, 45, 133, MOM_QL, 6680, 6, 1113.333333, PT1, 2168, 1, 2168.000000, 
bse_controlled_0001, 004314, 64, 104, MOM_QL, 6681, 6, 1113.500000, PT1, 2168, 1, 2168.000000, 
bse_controlled_0001, 004319, 64, 135, MOM_QL, 6731, 6, 1121.833333, PT1, 2168, 1, 2168.000000, 
bse_controlled_0001, 004319, None, 135, MOM_QL, 6739, 6, 1123.166667, PT1, 2168, 1, 2168.000000, 
bse_controlled_0001, 004337, None, 120, MOM_QL, 6784, 6, 1130.666667, PT1, 2168, 1, 2168.000000, 
bse_controlled_0001, 004348, None, None, MOM_QL, 6798, 6, 1133.000000, PT1, 2168, 1, 2168.000000, 
bse_controlled_0001, 004356, 68, None, MOM_QL, 6834, 6, 1139.000000, PT1, 2168, 1, 2168.000000, 
bse_controlled_0001, 004362, 68, None, MOM_QL, 6834, 6, 1139.000000, PT1, 2090, 1, 2090.000000, 
bse_controlled_0001, 004378, 68, None, MOM_QL, 6834, 6, 1139.000000, PT1, 2202, 1, 2202.000000, 
bse_controlled_0001, 004403, 46, None, MOM_QL, 6849, 6, 1141.500000, PT1, 2202, 1, 2202.000000, 
bse_controlled_0001, 004410, None, None, MOM_QL, 6855, 6, 1142.500000, PT1, 2202, 1, 2202.000000, 
bse_controlled_0001, 004411, None, None, MOM_QL, 6855, 6, 1142.500000, PT1, 2114, 1, 2114.000000, 
bse_controlled_0001, 004412, 63, None, MOM_QL, 6934, 6, 1155.666667, PT1, 2114, 1, 2114.000000, 
bse_controlled_0001, 004445, 93, 118, MOM_QL, 6984, 6, 1164.000000, PT1, 2209, 1, 2209.000000, 
bse_controlled_0001, 004463, 76, 118, MOM_QL, 6999, 6, 1166.500000, PT1, 2209, 1, 2209.000000, 
bse_controlled_0001, 004472, 82, 158, MOM_QL, 6999, 6, 1166.500000, PT1, 2115, 1, 2115.000000, 
bse_controlled_0001, 004477, 76, 158, MOM_QL, 6999, 6, 1166.500000, PT1, 2231, 1, 2231.000000, 
bse_controlled_0001, 004481, 76, None, MOM_QL, 7008, 6, 1168.000000, PT1, 2231, 1, 2231.000000, 
bse_controlled_0001, 004483, None, None, MOM_QL, 7019, 6, 1169.833333, PT1, 2231, 1, 2231.000000, 
bse_controlled_0001, 004513, None, 108, MOM_QL, 7028, 6, 1171.333333, PT1, 2231, 1, 2231.000000, 
bse_controlled_0001, 004518, None, 135, MOM_QL, 7028, 6, 1171.333333, PT1, 2231, 1, 2231.000000, 
bse_controlled_0001, 004532, None, 135, MOM_QL, 7069, 6, 1178.166667, PT1, 2231, 1, 2231.000000, 
bse_controlled_0001, 004535, None, 135, MOM_QL, 7096, 6, 1182.666667, PT1, 2140, 1, 2140.000000, 
bse_controlled_0001, 004552, 96, None, MOM_QL, 7109, 6, 1184.833333, PT1, 2140, 1, 2140.000000, 
bse_controlled_0001, 004562, 76, 146, MOM_QL, 7117, 6, 1186.166667, PT1, 2140, 1, 2140.000000, 
bse_controlled_0001, 004569, 76, 146, MOM_QL, 7117, 6, 1186.166667, PT1, 2240, 1, 2240.000000, 
bse_controlled_0001, 004585, 76, 155, MOM_QL, 7195, 6, 1199.166667, PT1, 2240, 1, 2240.000000, 
bse_controlled_0001, 004593, 80, 155, MOM_QL, 7195, 6, 1199.166667, PT1, 2144, 1, 2144.000000, 
bse_controlled_0001, 004618, 41, 125, MOM_QL, 7247, 6, 1207.833333, PT1, 2144, 1, 2144.000000, 
bse_controlled_0001, 004623, 41, 125, MOM_QL, 7248, 6, 1208.000000, PT1, 2144, 1, 2144.000000, 
bse_controlled_0001, 004635, 41, 125, MOM_QL, 7280, 6, 1213.333333, PT1, 2144, 1, 2144.000000, 
bse_controlled_0001, 004653, 53, 131, MOM_QL, 7316, 6, 1219.333333, PT1, 2144, 1, 2144.000000, 
bse_controlled_0001, 004672, 53, 158, MOM_QL, 7380, 6, 1230.000000, PT1, 2144, 1, 2144.000000, 
bse_controlled_0001, 004684, 53, 115, MOM_QL, 7380, 6, 1230.000000, PT1, 2253, 1, 2253.000000, 
bse_controlled_0001, 004700, None, 105, MOM_QL, 7383, 6, 1230.500000, PT1, 2253, 1, 2253.000000, 
bse_controlled_0001, 004708, None, 158, MOM_QL, 7404, 6, 1234.000000, PT1, 2253, 1, 2253.000000, 
bse_controlled_0001, 004734, 104, None, MOM_QL, 7411, 6, 1235.166667, PT1, 2253, 1, 2253.000000, 
bse_controlled_0001, 004736, 65, None, MOM_QL, 7436, 6, 1239.333333, PT1, 2253, 1, 2253.000000, 
bse_controlled_0001, 004754, 105, None, MOM_QL, 7479, 6, 1246.500000, PT1, 2253, 1, 2253.000000, 
bse_controlled_0001, 004775, 51, 137, MOM_QL, 7509, 6, 1251.500000, PT1, 2253, 1, 2253.000000, 
bse_controlled_0001, 004788, 51, 119, MOM_QL, 7509, 6, 1251.500000, PT1, 2192, 1, 2192.000000, 
bse_controlled_0001, 004791, 51, 137, MOM_QL, 7516, 6, 1252.666667, PT1, 2192, 1, 2192.000000, 
bse_controlled_0001, 004801, 51, 137, MOM_QL, 7516, 6, 1252.666667, PT1, 2280, 1, 2280.000000, 
bse_controlled_0001, 004819, 57, 138, MOM_QL, 7575, 6, 1262.500000, PT1, 2280, 1, 2280.000000, 
bse_controlled_0001, 004847, 89, 154, MOM_QL, 7611, 6, 1268.500000, PT1, 2280, 1, 2280.000000, 
bse_controlled_0001, 004853, 66, 134, MOM_QL, 7631, 6, 1271.833333, PT1, 2280, 1, 2280.000000, 
bse_controlled_0001, 004865, 66, 134, MOM_QL, 7661, 6, 1276.833333, PT1, 2280, 1, 2280.000000, 
bse_controlled_0001, 004873, 66, 134, MOM_QL, 7666, 6, 1277.666667, PT1, 2190, 1, 2190.000000, 
bse_controlled_0001, 004885, 66, 153, MOM_QL, 7666, 6, 1277.666667, PT1, 2331, 1, 2331.000000, 
bse_controlled_0001, 004895, None, 153, MOM_QL, 7678, 6, 1279.666667, PT1, 2331, 1, 2331.000000, 
bse_controlled_0001, 004899, None, 153, MOM_QL, 7731, 6, 1288.500000, PT1, 2331, 1, 2331.000000, 
bse_controlled_0001, 004924, 64, None, MOM_QL, 7760, 6, 1293.333333, PT1, 2331, 1, 2331.000000, 
bse_controlled_0001, 004955, 53, 117, MOM_QL, 7776, 6, 1296.000000, PT1, 2331, 1, 2331.000000, 
bse_controlled_0001, 004956, 83, 147, MOM_QL, 7793, 6, 1298.833333, PT1, 2331, 1, 2331.000000, 
bse_controlled_0001, 004964, 83, None, MOM_QL, 7803, 6, 1300.500000, PT1, 2331, 1, 2331.000000, 
bse_controlled_0001, 004976, 53, None, MOM_QL, 7829, 6, 1304.833333, PT1, 2331, 1, 2331.000000, 
bse_controlled_0001, 004991, 51, 155, MOM_QL, 7829, 6, 1304.833333, PT1, 2238, 1, 2238.000000, 
bse_controlled_0001, 004995, 51, 155, MOM_QL, 7829, 6, 1304.833333, PT1, 2340, 1, 2340.000000, 
bse_controlled_0001, 005000, 58, 155, MOM_QL, 7829, 6, 1304.833333, PT1, 2340, 1, 2340.000000, 
