TRD, 30.142857, 81
TRD, 30.285714, 117
TRD, 54.714286, 55
TRD, 60.571429, 94
TRD, 76.857143, 111
TRD, 81.428571, 124
TRD, 95.428571, 101
TRD, 115.142857, 116
TRD, 124.571429, 67
TRD, 129.000000, 94
TRD, 152.428571, 143
TRD, 182.000000, 74
TRD, 185.428571, 94
TRD, 187.857143, 129
TRD, 196.571429, 106
TRD, 231.571429, 49
TRD, 237.857143, 109
TRD, 243.142857, 80
TRD, 264.000000, 46
TRD, 272.857143, 116
TRD, 280.857143, 102
TRD, 304.428571, 129
TRD, 314.571429, 94
TRD, 333.000000, 143
TRD, 333.428571, 76
TRD, 334.857143, 85
TRD, 363.000000, 82
TRD, 388.000000, 55
TRD, 390.428571, 127
TRD, 399.714286, 58
TRD, 414.000000, 90
TRD, 423.571429, 82
TRD, 426.857143, 138
TRD, 453.000000, 81
TRD, 463.571429, 56
TRD, 465.142857, 145
TRD, 498.571429, 65
TRD, 513.428571, 107
TRD, 514.285714, 120
TRD, 521.714286, 63
TRD, 526.428571, 105
TRD, 535.714286, 86
TRD, 573.000000, 95
TRD, 574.857143, 55
TRD, 589.285714, 128
TRD, 605.428571, 97
TRD, 607.857143, 69
TRD, 614.000000, 125
TRD, 637.714286, 102
TRD, 642.571429, 58
TRD, 664.714286, 91
TRD, 684.142857, 130
TRD, 696.428571, 85
TRD, 708.142857, 107
TRD, 726.428571, 71
TRD, 728.000000, 100
TRD, 742.142857, 112
TRD, 742.857143, 69
TRD, 764.714286, 87
TRD, 779.571429, 122
TRD, 787.142857, 86
TRD, 790.428571, 101
TRD, 805.142857, 69
TRD, 811.571429, 117
TRD, 840.142857, 102
TRD, 847.000000, 134
TRD, 847.428571, 60
TRD, 864.428571, 126
TRD, 878.142857, 99
TRD, 886.285714, 157
TRD, 892.714286, 95
TRD, 915.285714, 108
TRD, 937.285714, 90
TRD, 937.428571, 42
TRD, 951.857143, 95
TRD, 963.714286, 57
TRD, 969.142857, 146
TRD, 990.285714, 103
TRD, 998.142857, 125
TRD, 999.000000, 75
TRD, 1020.571429, 103
TRD, 1027.571429, 79
TRD, 1052.285714, 141
TRD, 1053.142857, 83
TRD, 1070.428571, 120
TRD, 1080.000000, 101
TRD, 1099.857143, 91
TRD, 1103.571429, 104
TRD, 1116.285714, 75
TRD, 1140.571429, 122
TRD, 1145.571429, 129
TRD, 1149.714286, 84
TRD, 1164.142857, 145
TRD, 1176.571429, 85
TRD, 1186.571429, 120
TRD, 1193.142857, 80
TRD, 1210.142857, 74
TRD, 1230.428571, 107
TRD, 1235.857143, 83
TRD, 1238.142857, 136
TRD, 1255.857143, 61
TRD, 1265.857143, 49
TRD, 1272.714286, 90
TRD, 1285.714286, 58
TRD, 1290.428571, 71
TRD, 1301.428571, 95
TRD, 1316.000000, 89
TRD, 1327.000000, 62
TRD, 1331.857143, 116
TRD, 1341.000000, 103
TRD, 1343.571429, 143
TRD, 1364.285714, 80
TRD, 1389.142857, 86
TRD, 1393.571429, 124
TRD, 1417.714286, 87
TRD, 1418.142857, 92
TRD, 1422.142857, 67
TRD, 1444.571429, 57
TRD, 1449.142857, 96
TRD, 1466.000000, 112
TRD, 1475.714286, 89
TRD, 1488.000000, 152
TRD, 1506.714286, 82
TRD, 1531.714286, 120
TRD, 1532.285714, 72
TRD, 1544.571429, 94
TRD, 1553.571429, 53
TRD, 1566.857143, 125
TRD, 1594.428571, 99
TRD, 1603.857143, 119
TRD, 1615.000000, 81
TRD, 1620.142857, 80
TRD, 1628.000000, 148
TRD, 1646.428571, 62
TRD, 1655.142857, 120
TRD, 1687.571429, 106
TRD, 1689.857143, 86
TRD, 1697.714286, 97
TRD, 1700.571429, 108
TRD, 1727.428571, 100
TRD, 1730.714286, 50
TRD, 1739.000000, 128
TRD, 1767.142857, 86
TRD, 1776.142857, 94
TRD, 1815.571429, 110
TRD, 1816.571429, 79
TRD, 1846.000000, 105
TRD, 1846.428571, 110
TRD, 1853.428571, 80
TRD, 1856.285714, 95
TRD, 1876.142857, 122
TRD, 1883.142857, 103
TRD, 1907.142857, 47
TRD, 1932.428571, 135
TRD, 1935.857143, 66
TRD, 1964.857143, 109
TRD, 1968.142857, 108
TRD, 1975.000000, 102
TRD, 1997.714286, 55
TRD, 2000.714286, 143
TRD, 2005.857143, 61
TRD, 2030.000000, 90
TRD, 2059.142857, 80
TRD, 2059.857143, 113
TRD, 2084.285714, 120
TRD, 2089.000000, 83
TRD, 2108.000000, 84
TRD, 2109.714286, 137
TRD, 2119.714286, 81
TRD, 2143.000000, 105
TRD, 2148.142857, 131
TRD, 2161.285714, 67
TRD, 2175.571429, 122
TRD, 2185.571429, 64
TRD, 2199.857143, 98
TRD, 2204.857143, 86
TRD, 2210.571429, 138
TRD, 2233.428571, 124
TRD, 2236.571429, 102
TRD, 2258.571429, 114
TRD, 2269.000000, 64
TRD, 2291.714286, 116
TRD, 2297.285714, 78
TRD, 2300.285714, 152
TRD, 2303.714286, 69
TRD, 2305.571429, 81
TRD, 2329.000000, 98
TRD, 2359.285714, 106
TRD, 2360.571429, 92
TRD, 2384.285714, 109
TRD, 2390.000000, 79
TRD, 2419.714286, 154
TRD, 2420.285714, 110
TRD, 2428.000000, 65
TRD, 2440.571429, 135
TRD, 2473.428571, 110
TRD, 2479.714286, 109
TRD, 2480.000000, 138
TRD, 2510.000000, 133
TRD, 2511.571429, 93
TRD, 2516.714286, 76
TRD, 2526.428571, 121
TRD, 2552.714286, 120
TRD, 2563.000000, 98
TRD, 2580.857143, 101
TRD, 2588.000000, 100
TRD, 2598.857143, 107
TRD, 2606.857143, 90
TRD, 2615.000000, 131
TRD, 2626.857143, 50
TRD, 2660.857143, 120
TRD, 2662.000000, 103
TRD, 2666.428571, 107
TRD, 2691.571429, 121
TRD, 2692.428571, 80
TRD, 2720.857143, 147
TRD, 2721.000000, 117
TRD, 2731.571429, 71
TRD, 2746.000000, 138
TRD, 2771.000000, 92
TRD, 2782.285714, 123
TRD, 2801.142857, 142
TRD, 2812.142857, 77
TRD, 2814.714286, 100
TRD, 2832.285714, 123
TRD, 2844.428571, 93
TRD, 2848.142857, 110
TRD, 2850.142857, 80
TRD, 2876.571429, 123
TRD, 2895.142857, 81
TRD, 2902.428571, 88
TRD, 2905.000000, 138
TRD, 2923.285714, 81
TRD, 2933.000000, 97
TRD, 2938.142857, 108
TRD, 2963.142857, 95
TRD, 2968.571429, 160
TRD, 2993.428571, 105
TRD, 2995.000000, 80
TRD, 2996.428571, 121
TRD, 3018.571429, 116
TRD, 3023.571429, 94
TRD, 3038.857143, 91
TRD, 3053.142857, 97
TRD, 3055.857143, 80
TRD, 3072.142857, 129
TRD, 3086.000000, 97
TRD, 3112.714286, 102
TRD, 3113.142857, 72
TRD, 3121.857143, 133
TRD, 3128.857143, 114
TRD, 3146.857143, 158
TRD, 3167.142857, 113
TRD, 3178.428571, 91
TRD, 3204.285714, 109
TRD, 3205.285714, 87
TRD, 3234.000000, 108
TRD, 3234.857143, 94
TRD, 3263.714286, 113
TRD, 3271.857143, 115
TRD, 3272.857143, 83
TRD, 3294.142857, 79
TRD, 3297.714286, 126
TRD, 3324.000000, 64
TRD, 3324.857143, 93
TRD, 3331.000000, 115
TRD, 3354.285714, 45
TRD, 3354.714286, 115
TRD, 3360.142857, 138
TRD, 3386.857143, 49
TRD, 3402.571429, 68
TRD, 3406.714286, 85
TRD, 3414.857143, 131
TRD, 3438.857143, 86
TRD, 3442.857143, 132
TRD, 3444.714286, 100
TRD, 3471.428571, 90
TRD, 3474.428571, 85
TRD, 3476.571429, 123
TRD, 3490.142857, 53
TRD, 3504.571429, 139
TRD, 3505.142857, 103
TRD, 3523.714286, 129
TRD, 3535.000000, 81
TRD, 3549.714286, 126
TRD, 3576.285714, 117
TRD, 3594.000000, 118
TRD, 3595.571429, 59
TRD, 3619.285714, 114
TRD, 3625.428571, 115
TRD, 3654.857143, 140
TRD, 3655.857143, 65
TRD, 3660.428571, 88
TRD, 3687.857143, 136
TRD, 3710.000000, 97
TRD, 3711.714286, 101
TRD, 3719.000000, 121
TRD, 3738.142857, 124
TRD, 3748.000000, 75
TRD, 3750.428571, 76
TRD, 3776.142857, 122
TRD, 3778.285714, 134
TRD, 3803.714286, 83
TRD, 3804.142857, 93
TRD, 3806.857143, 40
TRD, 3835.428571, 130
TRD, 3836.428571, 88
TRD, 3837.428571, 74
TRD, 3843.142857, 140
TRD, 3846.142857, 78
TRD, 3859.714286, 115
TRD, 3869.000000, 109
TRD, 3897.142857, 130
TRD, 3900.000000, 72
TRD, 3914.142857, 140
TRD, 3922.142857, 70
TRD, 3941.571429, 92
TRD, 3948.000000, 118
TRD, 3958.285714, 133
TRD, 3966.857143, 87
TRD, 3987.285714, 90
TRD, 3988.428571, 109
TRD, 4017.714286, 134
TRD, 4023.142857, 94
TRD, 4047.285714, 51
TRD, 4053.285714, 104
TRD, 4069.428571, 114
TRD, 4077.714286, 100
TRD, 4079.428571, 84
TRD, 4082.714286, 157
TRD, 4086.714286, 55
TRD, 4130.285714, 95
TRD, 4139.000000, 120
TRD, 4147.142857, 70
TRD, 4147.714286, 123
TRD, 4168.428571, 120
TRD, 4184.142857, 89
TRD, 4201.000000, 113
TRD, 4203.571429, 91
TRD, 4227.857143, 142
TRD, 4230.142857, 79
TRD, 4237.000000, 134
TRD, 4244.428571, 48
TRD, 4261.142857, 90
TRD, 4262.857143, 55
TRD, 4289.142857, 81
TRD, 4314.142857, 79
TRD, 4319.571429, 104
TRD, 4319.714286, 64
TRD, 4337.428571, 106
TRD, 4348.000000, 120
TRD, 4356.571429, 108
TRD, 4362.285714, 78
TRD, 4378.285714, 112
TRD, 4403.857143, 138
TRD, 4410.285714, 76
TRD, 4411.142857, 88
TRD, 4412.857143, 141
TRD, 4445.571429, 95
TRD, 4463.714286, 93
TRD, 4472.428571, 94
TRD, 4477.142857, 116
TRD, 4481.285714, 133
TRD, 4483.000000, 76
TRD, 4513.857143, 59
TRD, 4518.857143, 108
TRD, 4532.000000, 90
TRD, 4535.857143, 91
TRD, 4552.285714, 135
TRD, 4562.571429, 96
TRD, 4569.285714, 100
TRD, 4585.428571, 121
TRD, 4593.714286, 96
TRD, 4618.857143, 97
TRD, 4623.285714, 80
TRD, 4635.857143, 68
TRD, 4653.000000, 119
TRD, 4672.571429, 58
TRD, 4684.428571, 109
TRD, 4700.000000, 53
TRD, 4708.428571, 105
TRD, 4734.428571, 123
TRD, 4736.285714, 104
TRD, 4754.285714, 113
TRD, 4775.285714, 81
TRD, 4788.285714, 61
TRD, 4791.857143, 119
TRD, 4801.285714, 88
TRD, 4819.142857, 133
TRD, 4847.571429, 119
TRD, 4853.857143, 89
TRD, 4865.428571, 89
TRD, 4873.142857, 90
TRD, 4885.000000, 141
TRD, 4895.142857, 60
TRD, 4899.000000, 101
TRD, 4924.857143, 128
TRD, 4955.142857, 84
TRD, 4956.142857, 128
TRD, 4964.714286, 147
TRD, 4976.000000, 83
TRD, 4991.428571, 93
TRD, 4995.285714, 102
