TRD, 0.142857, 367
TRD, 0.714286, 113
TRD, 1.285714, 415
TRD, 3.000000, 275
TRD, 16.428571, 105
TRD, 17.285714, 296
TRD, 17.428571, 306
TRD, 17.857143, 94
TRD, 18.142857, 81
TRD, 30.142857, 277
TRD, 30.857143, 92
TRD, 33.000000, 128
TRD, 45.285714, 101
TRD, 61.714286, 108
TRD, 62.285714, 123
TRD, 62.428571, 128
TRD, 63.142857, 240
TRD, 64.000000, 157
TRD, 76.000000, 98
TRD, 91.571429, 89
TRD, 92.142857, 239
TRD, 92.714286, 278
TRD, 106.428571, 109
TRD, 106.571429, 153
TRD, 107.000000, 245
TRD, 108.285714, 204
TRD, 109.428571, 58
TRD, 121.142857, 55
TRD, 121.571429, 93
TRD, 122.285714, 97
TRD, 122.714286, 53
TRD, 123.571429, 117
TRD, 124.142857, 284
TRD, 151.142857, 103
TRD, 151.285714, 109
TRD, 151.571429, 110
TRD, 151.857143, 63
TRD, 152.000000, 241
TRD, 152.857143, 48
TRD, 167.571429, 197
TRD, 168.714286, 213
TRD, 181.714286, 110
TRD, 182.000000, 261
TRD, 182.571429, 283
TRD, 183.571429, 159
TRD, 186.857143, 103
TRD, 197.428571, 233
TRD, 197.714286, 136
TRD, 198.714286, 98
TRD, 205.714286, 272
TRD, 211.714286, 373
TRD, 212.714286, 108
TRD, 213.142857, 93
TRD, 213.857143, 192
TRD, 227.571429, 337
TRD, 242.142857, 211
TRD, 244.571429, 105
TRD, 258.857143, 90
TRD, 272.571429, 98
TRD, 273.285714, 107
TRD, 289.714286, 109
TRD, 302.285714, 108
TRD, 302.714286, 97
TRD, 317.714286, 110
TRD, 333.857143, 95
TRD, 334.714286, 106
TRD, 363.000000, 107
TRD, 363.142857, 110
TRD, 363.714286, 95
TRD, 365.285714, 87
TRD, 366.571429, 148
TRD, 367.285714, 163
TRD, 369.142857, 125
TRD, 379.142857, 108
TRD, 392.714286, 102
TRD, 393.428571, 234
TRD, 394.000000, 112
TRD, 394.285714, 361
TRD, 395.857143, 278
TRD, 398.000000, 230
TRD, 409.571429, 203
TRD, 410.428571, 271
TRD, 410.714286, 285
TRD, 411.285714, 92
TRD, 411.571429, 95
TRD, 411.857143, 357
TRD, 412.142857, 403
TRD, 413.428571, 473
TRD, 423.142857, 288
TRD, 423.285714, 199
TRD, 423.714286, 170
TRD, 424.571429, 236
TRD, 425.000000, 103
TRD, 425.428571, 269
TRD, 427.428571, 432
TRD, 427.714286, 363
TRD, 428.000000, 90
TRD, 428.714286, 275
TRD, 438.714286, 98
TRD, 440.000000, 291
TRD, 440.714286, 197
TRD, 441.714286, 85
TRD, 483.285714, 101
TRD, 483.428571, 102
TRD, 483.571429, 107
TRD, 486.285714, 119
TRD, 499.000000, 107
TRD, 499.142857, 181
TRD, 500.285714, 282
TRD, 501.142857, 218
TRD, 514.142857, 138
TRD, 514.285714, 112
TRD, 529.000000, 290
TRD, 545.142857, 322
TRD, 545.857143, 233
TRD, 560.571429, 159
TRD, 561.571429, 99
TRD, 576.142857, 238
TRD, 578.000000, 289
TRD, 578.571429, 397
TRD, 589.428571, 111
TRD, 604.285714, 330
TRD, 605.285714, 196
TRD, 606.142857, 115
TRD, 606.428571, 106
TRD, 606.714286, 333
TRD, 620.571429, 170
TRD, 621.857143, 116
TRD, 622.571429, 151
TRD, 635.000000, 108
TRD, 635.714286, 107
TRD, 650.571429, 101
TRD, 650.857143, 98
TRD, 652.571429, 429
TRD, 665.000000, 141
TRD, 665.571429, 97
TRD, 666.714286, 95
TRD, 667.571429, 152
TRD, 670.714286, 89
TRD, 671.428571, 208
TRD, 672.285714, 114
TRD, 673.285714, 45
TRD, 673.571429, 238
TRD, 673.857143, 251
TRD, 675.000000, 74
TRD, 677.714286, 210
TRD, 679.571429, 260
TRD, 680.142857, 112
TRD, 681.857143, 71
TRD, 682.428571, 100
TRD, 696.428571, 95
TRD, 725.857143, 100
TRD, 726.571429, 95
TRD, 727.428571, 110
TRD, 728.142857, 111
TRD, 728.285714, 152
TRD, 728.428571, 360
TRD, 728.714286, 396
TRD, 729.428571, 494
TRD, 730.428571, 375
TRD, 730.857143, 284
TRD, 731.428571, 272
TRD, 736.142857, 288
TRD, 740.714286, 212
TRD, 741.857143, 141
TRD, 756.000000, 112
TRD, 756.142857, 214
TRD, 771.714286, 113
TRD, 786.285714, 153
TRD, 801.428571, 98
TRD, 802.428571, 184
TRD, 816.714286, 108
TRD, 821.000000, 115
TRD, 822.285714, 181
TRD, 823.571429, 132
TRD, 824.428571, 245
TRD, 831.428571, 95
TRD, 832.714286, 186
TRD, 833.000000, 334
TRD, 835.142857, 371
TRD, 836.000000, 387
TRD, 836.142857, 190
TRD, 837.428571, 315
TRD, 838.428571, 424
TRD, 838.857143, 185
TRD, 847.428571, 134
TRD, 849.571429, 256
TRD, 850.857143, 315
TRD, 851.000000, 112
TRD, 852.000000, 252
TRD, 862.142857, 235
TRD, 877.571429, 106
TRD, 880.285714, 107
TRD, 892.000000, 99
TRD, 893.428571, 135
TRD, 893.714286, 146
TRD, 894.428571, 149
TRD, 895.142857, 253
TRD, 907.857143, 367
TRD, 923.285714, 191
TRD, 937.857143, 165
TRD, 953.428571, 110
TRD, 955.285714, 103
TRD, 955.428571, 88
TRD, 957.000000, 135
TRD, 967.857143, 104
TRD, 968.142857, 58
TRD, 970.428571, 203
TRD, 984.428571, 111
TRD, 985.285714, 227
TRD, 986.571429, 288
TRD, 987.142857, 353
TRD, 988.142857, 398
TRD, 989.571429, 352
TRD, 998.000000, 258
TRD, 998.428571, 102
TRD, 999.285714, 231
TRD, 999.714286, 303
TRD, 1013.857143, 232
TRD, 1028.857143, 202
TRD, 1029.428571, 282
TRD, 1044.571429, 170
TRD, 1044.714286, 237
TRD, 1048.000000, 171
TRD, 1059.142857, 129
TRD, 1060.285714, 109
TRD, 1060.571429, 142
TRD, 1061.428571, 261
TRD, 1062.000000, 392
TRD, 1063.714286, 107
TRD, 1065.857143, 92
TRD, 1074.714286, 91
TRD, 1088.714286, 98
TRD, 1090.142857, 102
TRD, 1090.285714, 107
TRD, 1090.428571, 206
TRD, 1120.571429, 99
TRD, 1120.714286, 87
TRD, 1121.428571, 36
TRD, 1121.571429, 115
TRD, 1122.285714, 101
TRD, 1122.571429, 74
TRD, 1123.000000, 149
TRD, 1123.285714, 398
TRD, 1123.571429, 335
TRD, 1124.000000, 264
TRD, 1125.000000, 277
TRD, 1126.571429, 42
TRD, 1131.285714, 91
TRD, 1131.857143, 171
TRD, 1150.142857, 109
TRD, 1153.142857, 115
TRD, 1165.285714, 114
TRD, 1166.571429, 172
TRD, 1166.714286, 215
TRD, 1167.285714, 296
TRD, 1179.714286, 374
TRD, 1180.571429, 127
TRD, 1194.857143, 333
TRD, 1195.571429, 288
TRD, 1198.714286, 114
TRD, 1210.142857, 226
TRD, 1210.285714, 462
TRD, 1210.571429, 99
TRD, 1210.857143, 105
TRD, 1225.285714, 111
TRD, 1226.000000, 177
TRD, 1228.714286, 183
TRD, 1240.142857, 112
TRD, 1242.714286, 106
TRD, 1243.142857, 175
TRD, 1244.428571, 107
TRD, 1245.285714, 86
TRD, 1246.571429, 185
TRD, 1247.285714, 374
TRD, 1247.428571, 367
TRD, 1247.857143, 474
TRD, 1248.428571, 345
TRD, 1248.857143, 209
TRD, 1249.000000, 218
TRD, 1250.714286, 286
TRD, 1251.428571, 198
TRD, 1252.142857, 168
TRD, 1255.714286, 174
TRD, 1300.714286, 97
TRD, 1301.142857, 104
TRD, 1301.857143, 109
TRD, 1302.428571, 183
TRD, 1304.714286, 345
TRD, 1306.285714, 121
TRD, 1319.857143, 163
TRD, 1320.571429, 233
TRD, 1320.857143, 274
TRD, 1331.142857, 108
TRD, 1331.428571, 189
TRD, 1332.428571, 112
TRD, 1333.714286, 190
TRD, 1334.285714, 447
TRD, 1334.714286, 106
TRD, 1337.428571, 242
TRD, 1337.714286, 293
TRD, 1346.285714, 258
TRD, 1347.142857, 235
TRD, 1361.714286, 227
TRD, 1362.571429, 105
TRD, 1377.000000, 223
TRD, 1392.000000, 102
TRD, 1392.285714, 106
TRD, 1392.571429, 89
TRD, 1393.285714, 119
TRD, 1407.000000, 67
TRD, 1409.000000, 68
TRD, 1409.714286, 95
TRD, 1414.714286, 126
TRD, 1423.285714, 223
TRD, 1438.428571, 110
TRD, 1439.428571, 259
TRD, 1440.142857, 294
TRD, 1441.000000, 96
TRD, 1441.428571, 191
TRD, 1441.571429, 89
TRD, 1441.857143, 372
TRD, 1442.714286, 94
TRD, 1444.428571, 446
TRD, 1445.142857, 391
TRD, 1445.571429, 77
TRD, 1445.714286, 62
TRD, 1448.428571, 174
TRD, 1448.857143, 199
TRD, 1449.714286, 258
TRD, 1450.142857, 126
TRD, 1450.428571, 44
TRD, 1452.428571, 13
TRD, 1453.714286, 93
TRD, 1467.428571, 73
TRD, 1482.428571, 87
TRD, 1483.428571, 97
TRD, 1483.714286, 108
TRD, 1483.857143, 109
TRD, 1484.142857, 66
TRD, 1484.285714, 99
TRD, 1485.428571, 2
TRD, 1487.142857, 93
TRD, 1497.714286, 42
TRD, 1497.857143, 162
TRD, 1498.714286, 50
TRD, 1501.714286, 53
TRD, 1502.000000, 98
TRD, 1529.714286, 100
TRD, 1530.000000, 98
TRD, 1531.857143, 111
TRD, 1543.571429, 184
TRD, 1545.000000, 243
TRD, 1545.857143, 110
TRD, 1546.428571, 270
TRD, 1547.142857, 256
TRD, 1562.428571, 113
TRD, 1565.000000, 148
TRD, 1574.571429, 99
TRD, 1574.857143, 90
TRD, 1575.571429, 201
TRD, 1576.142857, 91
TRD, 1576.285714, 301
TRD, 1589.285714, 429
TRD, 1605.571429, 226
TRD, 1605.714286, 200
TRD, 1605.857143, 101
TRD, 1606.285714, 311
TRD, 1607.000000, 436
TRD, 1608.142857, 194
TRD, 1609.428571, 217
TRD, 1620.428571, 126
TRD, 1634.285714, 131
TRD, 1635.428571, 105
TRD, 1664.142857, 105
TRD, 1664.285714, 99
TRD, 1664.428571, 86
TRD, 1664.714286, 173
TRD, 1664.857143, 219
TRD, 1665.714286, 141
TRD, 1666.285714, 258
TRD, 1666.857143, 424
TRD, 1667.857143, 439
TRD, 1668.571429, 254
TRD, 1668.857143, 179
TRD, 1669.000000, 101
TRD, 1669.857143, 50
TRD, 1670.285714, 145
TRD, 1680.714286, 112
TRD, 1680.857143, 150
TRD, 1681.142857, 141
TRD, 1681.571429, 197
TRD, 1682.285714, 208
TRD, 1694.714286, 202
TRD, 1710.142857, 109
TRD, 1711.142857, 94
TRD, 1711.571429, 336
TRD, 1724.857143, 93
TRD, 1725.857143, 99
TRD, 1727.857143, 183
TRD, 1729.428571, 64
TRD, 1740.714286, 102
TRD, 1740.857143, 114
TRD, 1742.285714, 145
TRD, 1742.428571, 203
TRD, 1742.571429, 128
TRD, 1742.714286, 209
TRD, 1742.857143, 258
TRD, 1755.428571, 141
TRD, 1756.285714, 274
TRD, 1757.428571, 459
TRD, 1770.285714, 248
TRD, 1771.285714, 167
TRD, 1774.000000, 370
TRD, 1774.857143, 108
TRD, 1775.714286, 446
TRD, 1785.714286, 254
TRD, 1800.857143, 112
TRD, 1802.000000, 411
TRD, 1815.571429, 105
TRD, 1816.571429, 114
TRD, 1819.428571, 217
TRD, 1819.571429, 273
TRD, 1822.428571, 105
TRD, 1822.714286, 245
TRD, 1823.285714, 349
TRD, 1833.571429, 289
TRD, 1834.428571, 283
TRD, 1846.428571, 491
TRD, 1846.571429, 124
TRD, 1848.428571, 470
TRD, 1848.571429, 111
TRD, 1848.714286, 107
TRD, 1851.428571, 486
TRD, 1861.571429, 343
TRD, 1876.714286, 308
TRD, 1877.714286, 231
TRD, 1880.857143, 172
TRD, 1881.285714, 104
TRD, 1882.714286, 224
TRD, 1891.428571, 324
TRD, 1906.571429, 102
TRD, 1907.285714, 90
TRD, 1907.571429, 192
TRD, 1909.285714, 111
TRD, 1923.285714, 106
TRD, 1954.285714, 98
TRD, 1954.428571, 93
TRD, 1967.285714, 102
TRD, 1983.285714, 91
TRD, 1983.428571, 89
TRD, 1984.571429, 105
TRD, 1985.000000, 57
TRD, 1986.000000, 185
TRD, 1987.857143, 254
TRD, 1988.285714, 258
TRD, 1988.857143, 55
TRD, 1989.714286, 66
TRD, 1991.285714, 171
TRD, 1993.428571, 280
TRD, 1993.857143, 412
TRD, 1994.571429, 322
TRD, 1997.000000, 267
TRD, 1997.142857, 430
TRD, 1997.714286, 105
TRD, 1998.142857, 115
TRD, 1999.285714, 189
TRD, 2000.571429, 146
TRD, 2000.714286, 95
TRD, 2001.285714, 59
TRD, 2002.285714, 5
TRD, 2002.714286, 201
TRD, 2004.571429, 236
TRD, 2005.000000, 193
TRD, 2006.571429, 67
TRD, 2006.857143, 256
TRD, 2008.428571, 196
TRD, 2008.714286, 263
TRD, 2009.285714, 342
TRD, 2013.000000, 358
TRD, 2027.857143, 105
TRD, 2028.857143, 114
TRD, 2031.571429, 245
TRD, 2033.714286, 199
TRD, 2035.000000, 391
TRD, 2042.857143, 417
TRD, 2043.142857, 452
TRD, 2058.000000, 157
TRD, 2060.857143, 237
TRD, 2061.142857, 145
TRD, 2063.714286, 323
TRD, 2073.000000, 336
TRD, 2073.285714, 133
TRD, 2073.714286, 372
TRD, 2075.142857, 429
TRD, 2075.857143, 337
TRD, 2076.428571, 434
TRD, 2077.142857, 138
TRD, 2078.857143, 228
TRD, 2088.142857, 111
TRD, 2088.285714, 145
TRD, 2089.000000, 90
TRD, 2103.000000, 104
TRD, 2103.285714, 310
TRD, 2118.714286, 228
TRD, 2119.000000, 111
TRD, 2119.428571, 127
TRD, 2133.285714, 128
TRD, 2164.000000, 105
TRD, 2164.142857, 108
TRD, 2169.428571, 241
TRD, 2171.571429, 260
TRD, 2171.714286, 346
TRD, 2171.857143, 163
TRD, 2179.571429, 105
TRD, 2194.000000, 113
TRD, 2196.428571, 109
TRD, 2209.000000, 90
TRD, 2209.857143, 99
TRD, 2212.428571, 110
TRD, 2212.714286, 109
TRD, 2212.857143, 178
TRD, 2213.428571, 289
TRD, 2215.285714, 166
TRD, 2226.142857, 100
TRD, 2238.571429, 96
TRD, 2238.857143, 102
TRD, 2239.285714, 249
TRD, 2240.000000, 107
TRD, 2253.857143, 89
TRD, 2268.857143, 173
TRD, 2269.142857, 168
TRD, 2270.428571, 115
TRD, 2270.714286, 156
TRD, 2271.714286, 121
TRD, 2283.857143, 122
TRD, 2285.142857, 213
TRD, 2288.142857, 151
TRD, 2298.857143, 126
TRD, 2299.714286, 108
TRD, 2316.000000, 102
TRD, 2317.000000, 152
TRD, 2317.142857, 139
TRD, 2317.714286, 273
TRD, 2318.142857, 288
TRD, 2318.571429, 291
TRD, 2318.714286, 126
TRD, 2318.857143, 371
TRD, 2319.714286, 300
TRD, 2331.428571, 278
TRD, 2344.857143, 437
TRD, 2346.142857, 400
TRD, 2347.428571, 225
TRD, 2348.571429, 448
TRD, 2359.714286, 226
TRD, 2361.857143, 334
TRD, 2374.571429, 225
TRD, 2389.428571, 111
TRD, 2394.857143, 105
TRD, 2399.714286, 381
TRD, 2405.000000, 297
TRD, 2422.000000, 111
TRD, 2422.428571, 280
TRD, 2435.000000, 331
TRD, 2437.285714, 183
TRD, 2438.571429, 300
TRD, 2450.285714, 128
TRD, 2451.428571, 163
TRD, 2465.000000, 136
TRD, 2480.142857, 212
TRD, 2480.714286, 113
TRD, 2498.857143, 106
TRD, 2500.285714, 174
TRD, 2501.857143, 374
TRD, 2510.714286, 340
TRD, 2510.857143, 383
TRD, 2511.571429, 457
TRD, 2525.714286, 461
TRD, 2540.285714, 254
TRD, 2540.571429, 241
TRD, 2540.857143, 350
TRD, 2543.142857, 115
TRD, 2544.142857, 206
TRD, 2555.714286, 126
TRD, 2570.285714, 114
TRD, 2571.142857, 182
TRD, 2585.571429, 359
TRD, 2601.142857, 187
TRD, 2615.428571, 292
TRD, 2615.714286, 114
TRD, 2631.285714, 174
TRD, 2631.714286, 128
TRD, 2631.857143, 96
TRD, 2633.000000, 153
TRD, 2645.571429, 305
TRD, 2661.428571, 281
TRD, 2676.285714, 291
TRD, 2676.428571, 189
TRD, 2677.714286, 321
TRD, 2678.428571, 111
TRD, 2690.857143, 147
TRD, 2691.000000, 121
TRD, 2691.714286, 351
TRD, 2692.714286, 113
TRD, 2695.571429, 254
TRD, 2696.285714, 281
TRD, 2702.714286, 176
TRD, 2704.857143, 217
TRD, 2706.428571, 107
TRD, 2707.285714, 124
TRD, 2707.714286, 283
TRD, 2721.285714, 96
TRD, 2722.428571, 341
TRD, 2723.285714, 131
TRD, 2724.714286, 111
TRD, 2736.142857, 262
TRD, 2751.285714, 124
TRD, 2754.428571, 126
TRD, 2766.571429, 89
TRD, 2767.142857, 276
TRD, 2781.285714, 114
TRD, 2781.571429, 88
TRD, 2785.000000, 108
TRD, 2788.000000, 77
TRD, 2789.857143, 86
TRD, 2791.428571, 187
TRD, 2791.571429, 188
TRD, 2792.000000, 70
TRD, 2796.428571, 124
TRD, 2798.428571, 111
TRD, 2798.857143, 237
TRD, 2799.000000, 83
TRD, 2799.714286, 49
TRD, 2800.142857, 102
TRD, 2802.142857, 126
TRD, 2803.428571, 250
TRD, 2803.857143, 238
TRD, 2812.142857, 87
TRD, 2812.857143, 133
TRD, 2815.000000, 109
TRD, 2826.428571, 59
TRD, 2827.285714, 97
TRD, 2827.714286, 224
TRD, 2829.428571, 61
TRD, 2830.000000, 239
TRD, 2841.428571, 307
TRD, 2842.714286, 105
TRD, 2844.428571, 108
TRD, 2856.857143, 107
TRD, 2857.000000, 87
TRD, 2872.285714, 109
TRD, 2872.428571, 93
TRD, 2887.428571, 105
TRD, 2889.000000, 77
TRD, 2891.000000, 159
TRD, 2891.571429, 77
TRD, 2891.714286, 272
TRD, 2892.285714, 160
TRD, 2892.571429, 333
TRD, 2893.285714, 79
TRD, 2893.714286, 29
TRD, 2894.142857, 39
TRD, 2894.428571, 115
TRD, 2895.285714, 163
TRD, 2896.285714, 168
TRD, 2896.857143, 52
TRD, 2902.000000, 108
TRD, 2918.142857, 59
TRD, 2918.857143, 70
TRD, 2919.714286, 85
TRD, 2920.428571, 238
TRD, 2920.571429, 146
TRD, 2921.142857, 179
TRD, 2922.571429, 83
TRD, 2924.428571, 113
TRD, 2932.571429, 97
TRD, 2934.142857, 354
TRD, 2939.000000, 113
TRD, 2948.000000, 101
TRD, 2949.428571, 317
TRD, 2966.428571, 353
TRD, 2978.000000, 266
TRD, 2992.142857, 107
TRD, 2992.571429, 108
TRD, 2996.142857, 205
TRD, 2997.571429, 110
TRD, 3001.857143, 151
TRD, 3003.714286, 370
TRD, 3004.285714, 124
TRD, 3007.571429, 345
TRD, 3022.714286, 125
TRD, 3023.285714, 115
TRD, 3052.428571, 106
TRD, 3052.571429, 114
TRD, 3052.857143, 104
TRD, 3053.000000, 173
TRD, 3054.428571, 352
TRD, 3058.857143, 286
TRD, 3070.000000, 267
TRD, 3082.857143, 209
TRD, 3083.000000, 100
TRD, 3083.285714, 104
TRD, 3083.428571, 392
TRD, 3084.000000, 184
TRD, 3097.714286, 435
TRD, 3112.714286, 389
TRD, 3113.857143, 340
TRD, 3115.142857, 260
TRD, 3116.142857, 332
TRD, 3118.285714, 230
TRD, 3128.285714, 111
TRD, 3129.571429, 399
TRD, 3130.857143, 129
TRD, 3131.285714, 236
TRD, 3133.428571, 104
TRD, 3133.714286, 351
TRD, 3134.142857, 104
TRD, 3134.285714, 91
TRD, 3135.142857, 136
TRD, 3136.000000, 53
TRD, 3136.428571, 190
TRD, 3143.285714, 105
TRD, 3144.285714, 122
TRD, 3158.142857, 146
TRD, 3158.571429, 388
TRD, 3159.142857, 171
TRD, 3161.000000, 301
TRD, 3163.142857, 325
TRD, 3164.142857, 350
TRD, 3164.285714, 112
TRD, 3165.571429, 217
TRD, 3173.000000, 471
TRD, 3173.285714, 413
TRD, 3173.571429, 89
TRD, 3189.000000, 262
TRD, 3203.285714, 226
TRD, 3204.428571, 167
TRD, 3204.857143, 340
TRD, 3205.428571, 110
TRD, 3205.857143, 90
TRD, 3218.714286, 96
TRD, 3218.857143, 241
TRD, 3219.285714, 359
TRD, 3220.714286, 415
TRD, 3221.714286, 87
TRD, 3222.857143, 98
TRD, 3223.000000, 282
TRD, 3226.857143, 217
TRD, 3234.428571, 97
TRD, 3249.285714, 101
TRD, 3251.000000, 109
TRD, 3251.571429, 89
TRD, 3253.000000, 387
TRD, 3263.428571, 137
TRD, 3264.428571, 108
TRD, 3278.571429, 107
TRD, 3294.285714, 154
TRD, 3294.857143, 299
TRD, 3295.571429, 141
TRD, 3297.428571, 315
TRD, 3309.285714, 218
TRD, 3324.571429, 280
TRD, 3325.142857, 184
TRD, 3325.571429, 114
TRD, 3326.857143, 135
TRD, 3328.142857, 217
TRD, 3329.571429, 218
TRD, 3333.714286, 118
TRD, 3338.000000, 200
TRD, 3341.142857, 111
TRD, 3355.428571, 114
TRD, 3356.285714, 103
TRD, 3356.571429, 351
TRD, 3357.142857, 366
TRD, 3358.571429, 167
TRD, 3369.000000, 131
TRD, 3384.428571, 157
TRD, 3384.857143, 243
TRD, 3401.000000, 101
TRD, 3401.285714, 216
TRD, 3402.428571, 242
TRD, 3415.000000, 186
TRD, 3417.714286, 401
TRD, 3420.571429, 414
TRD, 3430.142857, 164
TRD, 3431.142857, 415
TRD, 3433.142857, 288
TRD, 3444.571429, 114
TRD, 3445.142857, 163
TRD, 3459.571429, 170
TRD, 3462.857143, 114
TRD, 3463.142857, 226
TRD, 3463.714286, 469
TRD, 3463.857143, 433
TRD, 3465.428571, 295
TRD, 3475.000000, 105
TRD, 3476.142857, 113
TRD, 3479.428571, 98
TRD, 3479.857143, 322
TRD, 3489.857143, 330
TRD, 3505.000000, 235
TRD, 3505.714286, 113
TRD, 3520.285714, 143
TRD, 3535.571429, 241
TRD, 3537.000000, 274
TRD, 3539.142857, 135
TRD, 3539.857143, 443
TRD, 3540.714286, 187
TRD, 3542.857143, 208
TRD, 3554.857143, 116
TRD, 3564.857143, 137
TRD, 3580.142857, 110
TRD, 3580.571429, 170
TRD, 3582.714286, 99
TRD, 3584.000000, 85
TRD, 3585.000000, 116
TRD, 3585.285714, 117
TRD, 3587.428571, 204
TRD, 3587.714286, 205
TRD, 3596.428571, 105
TRD, 3597.142857, 311
TRD, 3597.571429, 342
TRD, 3597.857143, 249
TRD, 3611.285714, 113
TRD, 3625.142857, 100
TRD, 3641.000000, 91
TRD, 3656.000000, 91
TRD, 3656.714286, 99
TRD, 3656.857143, 111
TRD, 3686.285714, 100
TRD, 3703.571429, 97
TRD, 3716.571429, 107
TRD, 3730.714286, 105
TRD, 3731.428571, 142
TRD, 3745.714286, 87
TRD, 3748.000000, 104
TRD, 3750.000000, 97
TRD, 3750.571429, 210
TRD, 3750.714286, 212
TRD, 3754.857143, 215
TRD, 3761.142857, 95
TRD, 3776.142857, 105
TRD, 3778.000000, 104
TRD, 3791.571429, 115
TRD, 3806.142857, 99
TRD, 3806.428571, 112
TRD, 3822.428571, 107
TRD, 3838.714286, 101
TRD, 3839.142857, 114
TRD, 3839.857143, 97
TRD, 3851.428571, 113
TRD, 3866.857143, 110
TRD, 3868.142857, 99
TRD, 3869.285714, 104
TRD, 3869.857143, 302
TRD, 3870.142857, 382
TRD, 3870.428571, 85
TRD, 3870.714286, 179
TRD, 3872.428571, 294
TRD, 3882.142857, 206
TRD, 3882.571429, 387
TRD, 3883.000000, 180
TRD, 3883.142857, 388
TRD, 3884.285714, 152
TRD, 3896.714286, 172
TRD, 3899.285714, 102
TRD, 3899.428571, 210
TRD, 3901.428571, 260
TRD, 3902.285714, 187
TRD, 3912.714286, 120
TRD, 3913.857143, 382
TRD, 3926.714286, 254
TRD, 3928.428571, 106
TRD, 3933.142857, 100
TRD, 3933.857143, 93
TRD, 3934.714286, 299
TRD, 3942.571429, 102
TRD, 3956.857143, 96
TRD, 3974.857143, 108
TRD, 3975.000000, 113
TRD, 3987.571429, 103
TRD, 3987.714286, 98
TRD, 3989.714286, 268
TRD, 3990.428571, 85
TRD, 3993.714286, 109
TRD, 3996.285714, 65
TRD, 3996.857143, 160
TRD, 4002.428571, 95
TRD, 4002.857143, 84
TRD, 4017.142857, 121
TRD, 4032.428571, 96
TRD, 4033.428571, 108
TRD, 4034.142857, 257
TRD, 4034.285714, 268
TRD, 4034.571429, 272
TRD, 4035.000000, 336
TRD, 4035.714286, 458
TRD, 4047.571429, 230
TRD, 4047.714286, 219
TRD, 4062.285714, 417
TRD, 4064.000000, 318
TRD, 4064.285714, 296
TRD, 4067.714286, 175
TRD, 4077.714286, 247
TRD, 4078.285714, 311
TRD, 4098.000000, 296
TRD, 4098.857143, 138
TRD, 4101.857143, 303
TRD, 4107.571429, 107
TRD, 4108.142857, 388
TRD, 4108.857143, 153
TRD, 4109.000000, 111
TRD, 4110.000000, 232
TRD, 4111.000000, 103
TRD, 4111.285714, 183
TRD, 4111.571429, 184
TRD, 4113.000000, 187
TRD, 4113.428571, 290
TRD, 4118.142857, 177
TRD, 4123.000000, 173
TRD, 4139.285714, 144
TRD, 4140.285714, 265
TRD, 4153.142857, 154
TRD, 4154.285714, 208
TRD, 4169.142857, 338
TRD, 4170.285714, 356
TRD, 4170.714286, 237
TRD, 4172.285714, 134
TRD, 4173.714286, 117
TRD, 4174.000000, 426
TRD, 4183.857143, 108
TRD, 4198.428571, 106
TRD, 4198.571429, 97
TRD, 4199.000000, 89
TRD, 4201.428571, 189
TRD, 4201.571429, 387
TRD, 4215.000000, 102
TRD, 4228.857143, 112
TRD, 4229.285714, 98
TRD, 4230.000000, 231
TRD, 4244.000000, 95
TRD, 4244.142857, 98
TRD, 4246.285714, 109
TRD, 4247.571429, 89
TRD, 4248.000000, 277
TRD, 4259.571429, 272
TRD, 4260.285714, 101
TRD, 4260.428571, 131
TRD, 4289.285714, 111
TRD, 4289.857143, 100
TRD, 4290.000000, 94
TRD, 4290.571429, 88
TRD, 4290.714286, 287
TRD, 4291.428571, 126
TRD, 4292.000000, 210
TRD, 4305.000000, 62
TRD, 4306.285714, 212
TRD, 4308.714286, 274
TRD, 4309.000000, 310
TRD, 4311.142857, 177
TRD, 4312.857143, 128
TRD, 4313.428571, 301
TRD, 4319.857143, 108
TRD, 4321.000000, 109
TRD, 4350.000000, 104
TRD, 4350.428571, 356
TRD, 4350.571429, 357
TRD, 4350.714286, 103
TRD, 4351.000000, 320
TRD, 4351.142857, 26
TRD, 4353.285714, 116
TRD, 4353.428571, 179
TRD, 4369.428571, 98
TRD, 4371.000000, 164
TRD, 4381.285714, 108
TRD, 4382.285714, 223
TRD, 4396.285714, 115
TRD, 4398.142857, 97
TRD, 4398.714286, 87
TRD, 4399.285714, 70
TRD, 4400.142857, 316
TRD, 4410.857143, 220
TRD, 4412.000000, 243
TRD, 4425.857143, 95
TRD, 4426.000000, 316
TRD, 4426.142857, 95
TRD, 4426.428571, 412
TRD, 4427.000000, 214
TRD, 4442.714286, 109
TRD, 4442.857143, 105
TRD, 4443.000000, 241
TRD, 4456.142857, 108
TRD, 4473.714286, 102
TRD, 4474.000000, 97
TRD, 4474.857143, 85
TRD, 4476.142857, 104
TRD, 4487.857143, 97
TRD, 4489.571429, 113
TRD, 4493.000000, 199
TRD, 4502.428571, 174
TRD, 4503.571429, 264
TRD, 4504.857143, 299
TRD, 4507.142857, 309
TRD, 4509.714286, 314
TRD, 4516.571429, 340
TRD, 4531.857143, 177
TRD, 4532.000000, 154
TRD, 4535.571429, 105
TRD, 4536.571429, 168
TRD, 4546.857143, 109
TRD, 4547.571429, 284
TRD, 4549.714286, 247
TRD, 4562.571429, 192
TRD, 4562.857143, 111
TRD, 4563.857143, 104
TRD, 4578.857143, 113
TRD, 4609.000000, 105
TRD, 4624.142857, 104
TRD, 4638.428571, 104
TRD, 4668.000000, 94
TRD, 4668.571429, 107
TRD, 4669.000000, 90
TRD, 4673.857143, 95
TRD, 4676.714286, 242
TRD, 4678.000000, 149
TRD, 4683.857143, 86
TRD, 4684.000000, 98
TRD, 4685.142857, 129
TRD, 4698.142857, 114
TRD, 4702.142857, 158
TRD, 4717.428571, 168
TRD, 4718.857143, 114
TRD, 4720.428571, 109
TRD, 4728.714286, 98
TRD, 4729.285714, 359
TRD, 4732.571429, 284
TRD, 4743.857143, 209
TRD, 4744.428571, 98
TRD, 4744.857143, 367
TRD, 4745.428571, 411
TRD, 4747.428571, 471
TRD, 4748.142857, 221
TRD, 4748.428571, 95
TRD, 4759.000000, 251
TRD, 4774.428571, 101
TRD, 4774.571429, 462
TRD, 4778.285714, 109
TRD, 4789.714286, 88
TRD, 4804.714286, 105
TRD, 4809.857143, 131
TRD, 4823.142857, 107
TRD, 4824.142857, 105
TRD, 4834.428571, 148
TRD, 4835.142857, 95
TRD, 4849.857143, 113
TRD, 4850.142857, 180
TRD, 4851.000000, 252
TRD, 4865.000000, 284
TRD, 4865.571429, 270
TRD, 4879.857143, 208
TRD, 4896.142857, 163
TRD, 4896.285714, 113
TRD, 4896.714286, 101
TRD, 4897.000000, 187
TRD, 4910.285714, 95
TRD, 4911.714286, 131
TRD, 4913.428571, 201
TRD, 4914.857143, 238
TRD, 4916.285714, 144
TRD, 4925.428571, 172
TRD, 4926.428571, 271
TRD, 4927.142857, 109
TRD, 4927.714286, 194
TRD, 4928.857143, 177
TRD, 4929.000000, 306
TRD, 4942.857143, 243
TRD, 4945.428571, 188
TRD, 4955.428571, 158
TRD, 4957.285714, 106
TRD, 4957.571429, 118
TRD, 4972.285714, 104
TRD, 4972.857143, 97
TRD, 4973.142857, 87
TRD, 4973.571429, 178
TRD, 4974.285714, 399
TRD, 4974.428571, 351
TRD, 4974.857143, 114
TRD, 4975.000000, 268
TRD, 4975.428571, 126
TRD, 4986.000000, 127
TRD, 4987.428571, 235
