TRD, 0.428571, 358
TRD, 1.428571, 491
TRD, 7.714286, 184
TRD, 9.428571, 81
TRD, 30.857143, 68
TRD, 32.571429, 109
TRD, 56.285714, 95
TRD, 57.142857, 42
TRD, 83.428571, 72
TRD, 87.714286, 83
TRD, 91.857143, 106
TRD, 99.857143, 62
TRD, 102.571429, 26
TRD, 105.285714, 115
TRD, 120.857143, 95
TRD, 121.857143, 134
TRD, 134.000000, 80
TRD, 136.428571, 129
TRD, 144.714286, 134
TRD, 152.571429, 98
TRD, 152.857143, 225
TRD, 153.857143, 340
TRD, 154.285714, 66
TRD, 177.857143, 83
TRD, 178.000000, 132
TRD, 178.857143, 255
TRD, 179.142857, 283
TRD, 184.428571, 237
TRD, 185.142857, 328
TRD, 201.142857, 122
TRD, 201.428571, 142
TRD, 201.571429, 272
TRD, 213.000000, 425
TRD, 213.571429, 329
TRD, 214.857143, 437
TRD, 220.571429, 161
TRD, 222.142857, 120
TRD, 222.571429, 103
TRD, 222.857143, 174
TRD, 223.000000, 213
TRD, 223.142857, 65
TRD, 223.714286, 180
TRD, 224.714286, 36
TRD, 225.571429, 78
TRD, 242.000000, 147
TRD, 243.000000, 140
TRD, 246.142857, 181
TRD, 256.428571, 89
TRD, 273.428571, 159
TRD, 280.142857, 136
TRD, 280.285714, 257
TRD, 280.571429, 46
TRD, 288.428571, 35
TRD, 290.714286, 104
TRD, 290.857143, 124
TRD, 291.000000, 360
TRD, 300.142857, 41
TRD, 302.428571, 64
TRD, 303.000000, 103
TRD, 308.571429, 45
TRD, 323.857143, 72
TRD, 332.857143, 56
TRD, 333.142857, 96
TRD, 334.428571, 74
TRD, 337.714286, 66
TRD, 364.428571, 126
TRD, 364.571429, 156
TRD, 369.142857, 80
TRD, 370.285714, 106
TRD, 393.857143, 134
TRD, 394.857143, 155
TRD, 395.571429, 126
TRD, 396.142857, 122
TRD, 396.285714, 166
TRD, 396.428571, 98
TRD, 396.571429, 204
TRD, 397.000000, 95
TRD, 398.000000, 77
TRD, 399.000000, 124
TRD, 402.142857, 102
TRD, 402.428571, 125
TRD, 415.857143, 79
TRD, 417.000000, 156
TRD, 417.285714, 296
TRD, 417.714286, 112
TRD, 420.000000, 129
TRD, 420.714286, 338
TRD, 421.714286, 137
TRD, 422.857143, 154
TRD, 423.000000, 99
TRD, 423.285714, 236
TRD, 424.285714, 139
TRD, 424.857143, 386
TRD, 426.142857, 291
TRD, 430.142857, 257
TRD, 430.428571, 92
TRD, 431.428571, 366
TRD, 432.000000, 379
TRD, 432.571429, 185
TRD, 436.285714, 230
TRD, 436.571429, 155
TRD, 453.428571, 75
TRD, 454.714286, 64
TRD, 454.857143, 116
TRD, 456.428571, 54
TRD, 465.428571, 67
TRD, 484.714286, 59
TRD, 485.000000, 86
TRD, 508.142857, 128
TRD, 513.857143, 125
TRD, 514.142857, 147
TRD, 514.428571, 199
TRD, 515.000000, 188
TRD, 532.285714, 104
TRD, 534.428571, 93
TRD, 536.142857, 115
TRD, 536.285714, 217
TRD, 536.428571, 294
TRD, 536.857143, 59
TRD, 537.000000, 21
TRD, 538.000000, 150
TRD, 538.571429, 78
TRD, 539.000000, 189
TRD, 539.142857, 379
TRD, 540.714286, 365
TRD, 541.428571, 259
TRD, 544.142857, 215
TRD, 546.000000, 340
TRD, 553.571429, 153
TRD, 554.285714, 150
TRD, 554.428571, 397
TRD, 556.285714, 111
TRD, 556.714286, 144
TRD, 562.571429, 145
TRD, 575.142857, 148
TRD, 581.142857, 136
TRD, 582.000000, 199
TRD, 583.285714, 246
TRD, 587.571429, 311
TRD, 589.000000, 221
TRD, 589.714286, 174
TRD, 590.571429, 164
TRD, 590.714286, 158
TRD, 591.857143, 190
TRD, 602.285714, 135
TRD, 604.571429, 213
TRD, 604.714286, 91
TRD, 605.000000, 354
TRD, 606.857143, 197
TRD, 609.714286, 154
TRD, 624.285714, 146
TRD, 635.000000, 89
TRD, 637.285714, 288
TRD, 646.285714, 241
TRD, 647.428571, 116
TRD, 657.571429, 176
TRD, 664.714286, 215
TRD, 672.714286, 191
TRD, 673.142857, 351
TRD, 674.142857, 145
TRD, 696.428571, 140
TRD, 700.571429, 103
TRD, 702.571429, 266
TRD, 703.428571, 103
TRD, 704.000000, 105
TRD, 704.428571, 58
TRD, 705.714286, 381
TRD, 724.857143, 118
TRD, 726.714286, 147
TRD, 727.714286, 199
TRD, 729.000000, 114
TRD, 729.571429, 199
TRD, 729.857143, 222
TRD, 730.428571, 149
TRD, 756.714286, 70
TRD, 757.142857, 154
TRD, 759.285714, 120
TRD, 773.285714, 90
TRD, 773.857143, 297
TRD, 786.000000, 68
TRD, 786.285714, 86
TRD, 787.428571, 92
TRD, 806.571429, 76
TRD, 808.714286, 130
TRD, 810.000000, 53
TRD, 810.857143, 159
TRD, 811.428571, 94
TRD, 811.857143, 121
TRD, 812.000000, 345
TRD, 812.428571, 80
TRD, 816.571429, 103
TRD, 847.285714, 119
TRD, 847.857143, 113
TRD, 848.142857, 52
TRD, 848.571429, 136
TRD, 857.714286, 62
TRD, 862.285714, 42
TRD, 863.428571, 120
TRD, 865.428571, 130
TRD, 865.857143, 203
TRD, 866.285714, 274
TRD, 877.000000, 298
TRD, 897.857143, 314
TRD, 898.142857, 403
TRD, 900.428571, 152
TRD, 908.000000, 376
TRD, 910.428571, 144
TRD, 913.142857, 391
TRD, 914.857143, 120
TRD, 930.000000, 226
TRD, 938.000000, 148
TRD, 938.285714, 316
TRD, 939.142857, 122
TRD, 941.142857, 306
TRD, 941.571429, 184
TRD, 942.142857, 95
TRD, 944.000000, 114
TRD, 958.857143, 113
TRD, 960.285714, 194
TRD, 972.428571, 128
TRD, 973.285714, 154
TRD, 974.142857, 83
TRD, 999.000000, 126
TRD, 999.285714, 133
TRD, 1002.857143, 140
TRD, 1028.285714, 122
TRD, 1028.428571, 109
TRD, 1028.714286, 55
TRD, 1029.142857, 57
TRD, 1037.285714, 77
TRD, 1037.714286, 208
TRD, 1037.857143, 270
TRD, 1039.571429, 58
TRD, 1040.714286, 239
TRD, 1059.714286, 80
TRD, 1060.142857, 159
TRD, 1060.571429, 263
TRD, 1060.857143, 161
TRD, 1061.571429, 269
TRD, 1062.571429, 129
TRD, 1063.571429, 363
TRD, 1064.285714, 459
TRD, 1065.142857, 328
TRD, 1066.142857, 171
TRD, 1067.285714, 252
TRD, 1067.857143, 178
TRD, 1068.142857, 468
TRD, 1069.000000, 398
TRD, 1069.285714, 475
TRD, 1069.571429, 335
TRD, 1070.000000, 142
TRD, 1071.142857, 224
TRD, 1074.285714, 291
TRD, 1075.714286, 197
TRD, 1089.714286, 126
TRD, 1091.285714, 137
TRD, 1105.857143, 116
TRD, 1107.142857, 118
TRD, 1107.285714, 211
TRD, 1107.571429, 214
TRD, 1108.571429, 192
TRD, 1108.714286, 111
TRD, 1109.285714, 437
TRD, 1109.428571, 144
TRD, 1110.142857, 296
TRD, 1119.857143, 303
TRD, 1120.000000, 377
TRD, 1121.142857, 318
TRD, 1134.428571, 386
TRD, 1135.571429, 288
TRD, 1135.857143, 336
TRD, 1149.857143, 365
TRD, 1150.142857, 211
TRD, 1150.428571, 143
TRD, 1151.285714, 180
TRD, 1151.571429, 190
TRD, 1152.714286, 111
TRD, 1152.857143, 83
TRD, 1158.714286, 74
TRD, 1159.571429, 115
TRD, 1191.571429, 85
TRD, 1197.000000, 100
TRD, 1197.285714, 127
TRD, 1221.428571, 86
TRD, 1240.285714, 70
TRD, 1240.571429, 115
TRD, 1242.142857, 130
TRD, 1242.714286, 255
TRD, 1259.714286, 121
TRD, 1270.857143, 88
TRD, 1294.714286, 64
TRD, 1295.000000, 147
TRD, 1296.142857, 202
TRD, 1301.428571, 134
TRD, 1301.714286, 233
TRD, 1302.000000, 251
TRD, 1302.142857, 71
TRD, 1315.428571, 263
TRD, 1317.285714, 203
TRD, 1318.000000, 149
TRD, 1320.000000, 305
TRD, 1333.000000, 147
TRD, 1348.571429, 128
TRD, 1375.428571, 109
TRD, 1375.714286, 119
TRD, 1376.000000, 147
TRD, 1376.428571, 243
TRD, 1379.000000, 191
TRD, 1379.142857, 347
TRD, 1379.857143, 78
TRD, 1380.285714, 111
TRD, 1382.000000, 391
TRD, 1382.285714, 112
TRD, 1382.571429, 62
TRD, 1392.142857, 112
TRD, 1392.428571, 174
TRD, 1393.857143, 155
TRD, 1394.714286, 199
TRD, 1396.285714, 331
TRD, 1398.142857, 163
TRD, 1399.571429, 401
TRD, 1415.428571, 146
TRD, 1415.714286, 127
TRD, 1422.428571, 85
TRD, 1423.142857, 99
TRD, 1425.571429, 42
TRD, 1425.714286, 162
TRD, 1441.000000, 106
TRD, 1441.142857, 265
TRD, 1452.142857, 76
TRD, 1452.571429, 137
TRD, 1452.857143, 174
TRD, 1459.857143, 195
TRD, 1461.285714, 190
TRD, 1465.142857, 138
TRD, 1483.000000, 129
TRD, 1506.142857, 116
TRD, 1506.571429, 116
TRD, 1507.857143, 189
TRD, 1508.571429, 210
TRD, 1512.571429, 128
TRD, 1512.714286, 107
TRD, 1513.000000, 300
TRD, 1530.142857, 307
TRD, 1542.142857, 318
TRD, 1542.714286, 258
TRD, 1543.714286, 129
TRD, 1566.285714, 127
TRD, 1568.428571, 361
TRD, 1570.428571, 147
TRD, 1574.857143, 125
TRD, 1576.714286, 376
TRD, 1577.714286, 110
TRD, 1578.714286, 327
TRD, 1580.857143, 205
TRD, 1582.714286, 339
TRD, 1584.857143, 408
TRD, 1585.714286, 247
TRD, 1597.571429, 144
TRD, 1599.000000, 413
TRD, 1604.428571, 256
TRD, 1605.285714, 91
TRD, 1605.714286, 357
TRD, 1615.714286, 227
TRD, 1618.714286, 189
TRD, 1619.142857, 83
TRD, 1620.142857, 153
TRD, 1620.714286, 202
TRD, 1622.000000, 336
TRD, 1635.285714, 266
TRD, 1647.571429, 351
TRD, 1648.857143, 169
TRD, 1652.000000, 157
TRD, 1664.571429, 246
TRD, 1665.714286, 142
TRD, 1665.857143, 192
TRD, 1666.142857, 225
TRD, 1666.428571, 93
TRD, 1667.857143, 381
TRD, 1668.000000, 93
TRD, 1669.285714, 167
TRD, 1670.142857, 199
TRD, 1689.428571, 223
TRD, 1694.857143, 177
TRD, 1702.000000, 156
TRD, 1702.428571, 254
TRD, 1717.000000, 110
TRD, 1718.000000, 309
TRD, 1718.857143, 324
TRD, 1725.714286, 406
TRD, 1726.285714, 146
TRD, 1727.428571, 179
TRD, 1742.428571, 111
TRD, 1743.000000, 104
TRD, 1743.714286, 340
TRD, 1745.285714, 186
TRD, 1755.571429, 130
TRD, 1756.285714, 241
TRD, 1776.000000, 289
TRD, 1778.142857, 192
TRD, 1781.857143, 158
TRD, 1782.714286, 103
TRD, 1782.857143, 80
TRD, 1783.142857, 260
TRD, 1783.571429, 59
TRD, 1783.857143, 75
TRD, 1784.142857, 308
TRD, 1784.285714, 310
TRD, 1786.142857, 118
TRD, 1809.714286, 130
TRD, 1811.428571, 109
TRD, 1813.428571, 158
TRD, 1814.000000, 316
TRD, 1814.285714, 422
TRD, 1815.714286, 224
TRD, 1818.142857, 207
TRD, 1832.000000, 93
TRD, 1834.000000, 224
TRD, 1834.571429, 299
TRD, 1847.428571, 179
TRD, 1848.428571, 125
TRD, 1850.142857, 141
TRD, 1855.857143, 100
TRD, 1858.285714, 139
TRD, 1878.285714, 140
TRD, 1878.428571, 67
TRD, 1889.857143, 95
TRD, 1892.285714, 58
TRD, 1892.714286, 106
TRD, 1898.571429, 136
TRD, 1899.000000, 155
TRD, 1899.714286, 156
TRD, 1906.857143, 145
TRD, 1908.571429, 148
TRD, 1909.000000, 185
TRD, 1910.857143, 65
TRD, 1937.714286, 64
TRD, 1938.000000, 66
TRD, 1938.714286, 107
TRD, 1940.142857, 59
TRD, 1940.428571, 126
TRD, 1942.285714, 101
TRD, 1958.571429, 105
TRD, 1959.285714, 225
TRD, 1960.571429, 178
TRD, 1967.000000, 283
TRD, 1969.571429, 58
TRD, 1980.285714, 83
TRD, 1980.857143, 144
TRD, 1982.142857, 175
TRD, 1998.428571, 86
TRD, 2013.571429, 96
TRD, 2014.000000, 158
TRD, 2017.000000, 403
TRD, 2017.142857, 311
TRD, 2028.142857, 354
TRD, 2030.142857, 221
TRD, 2031.285714, 215
TRD, 2033.714286, 267
TRD, 2039.285714, 228
TRD, 2039.571429, 190
TRD, 2040.000000, 425
TRD, 2050.285714, 249
TRD, 2057.857143, 178
TRD, 2059.000000, 156
TRD, 2060.571429, 482
TRD, 2071.428571, 467
TRD, 2071.857143, 146
TRD, 2087.857143, 232
TRD, 2105.142857, 204
TRD, 2106.285714, 272
TRD, 2107.285714, 163
TRD, 2119.857143, 127
TRD, 2147.571429, 103
TRD, 2148.142857, 89
TRD, 2148.428571, 141
TRD, 2148.857143, 203
TRD, 2149.428571, 106
TRD, 2150.285714, 371
TRD, 2161.428571, 205
TRD, 2161.571429, 177
TRD, 2162.142857, 279
TRD, 2163.857143, 295
TRD, 2164.285714, 178
TRD, 2165.285714, 310
TRD, 2167.000000, 102
TRD, 2179.000000, 156
TRD, 2180.000000, 111
TRD, 2180.142857, 97
TRD, 2181.714286, 352
TRD, 2182.142857, 348
TRD, 2182.285714, 142
TRD, 2208.857143, 81
TRD, 2209.857143, 116
TRD, 2210.142857, 118
TRD, 2211.714286, 136
TRD, 2212.142857, 367
TRD, 2212.428571, 225
TRD, 2237.142857, 187
TRD, 2238.428571, 220
TRD, 2239.000000, 128
TRD, 2264.714286, 307
TRD, 2266.714286, 126
TRD, 2268.857143, 124
TRD, 2269.000000, 128
TRD, 2286.285714, 117
TRD, 2293.000000, 106
TRD, 2293.571429, 228
TRD, 2294.142857, 72
TRD, 2294.428571, 205
TRD, 2299.285714, 129
TRD, 2300.428571, 156
TRD, 2302.428571, 191
TRD, 2305.000000, 321
TRD, 2321.428571, 156
TRD, 2332.714286, 150
TRD, 2333.142857, 336
TRD, 2334.000000, 200
TRD, 2355.428571, 104
TRD, 2356.142857, 107
TRD, 2357.285714, 295
TRD, 2360.428571, 178
TRD, 2361.285714, 113
TRD, 2389.714286, 91
TRD, 2389.857143, 102
TRD, 2390.142857, 76
TRD, 2390.857143, 142
TRD, 2392.142857, 170
TRD, 2392.285714, 301
TRD, 2394.285714, 46
TRD, 2395.142857, 91
TRD, 2396.000000, 174
TRD, 2396.142857, 16
TRD, 2396.428571, 286
TRD, 2396.571429, 374
TRD, 2397.285714, 157
TRD, 2397.714286, 413
TRD, 2397.857143, 440
TRD, 2398.428571, 457
TRD, 2398.857143, 414
TRD, 2415.428571, 308
TRD, 2417.428571, 467
TRD, 2421.428571, 461
TRD, 2421.571429, 261
TRD, 2421.714286, 174
TRD, 2422.571429, 158
TRD, 2427.285714, 124
TRD, 2430.428571, 106
TRD, 2449.714286, 135
TRD, 2450.571429, 202
TRD, 2451.857143, 165
TRD, 2453.428571, 225
TRD, 2453.857143, 198
TRD, 2460.714286, 391
TRD, 2462.428571, 359
TRD, 2462.857143, 347
TRD, 2464.857143, 393
TRD, 2472.714286, 118
TRD, 2480.285714, 155
TRD, 2489.857143, 244
TRD, 2493.000000, 272
TRD, 2493.142857, 135
TRD, 2494.857143, 164
TRD, 2510.285714, 120
TRD, 2511.285714, 358
TRD, 2511.428571, 391
TRD, 2512.571429, 197
TRD, 2513.142857, 150
TRD, 2526.714286, 187
TRD, 2540.857143, 322
TRD, 2554.142857, 469
TRD, 2556.285714, 453
TRD, 2561.857143, 498
TRD, 2562.142857, 151
TRD, 2564.571429, 337
TRD, 2568.142857, 287
TRD, 2570.571429, 146
TRD, 2572.142857, 456
TRD, 2582.428571, 171
TRD, 2592.285714, 488
TRD, 2592.571429, 157
TRD, 2601.285714, 233
TRD, 2602.571429, 144
TRD, 2603.000000, 366
TRD, 2604.428571, 188
TRD, 2604.857143, 363
TRD, 2610.142857, 215
TRD, 2610.571429, 143
TRD, 2630.428571, 191
TRD, 2632.571429, 147
TRD, 2653.857143, 394
TRD, 2655.428571, 352
TRD, 2657.000000, 223
TRD, 2660.857143, 119
TRD, 2661.285714, 227
TRD, 2661.428571, 229
TRD, 2661.714286, 200
TRD, 2664.142857, 252
TRD, 2664.571429, 434
TRD, 2682.571429, 151
TRD, 2688.571429, 151
TRD, 2691.142857, 333
TRD, 2691.285714, 130
TRD, 2692.428571, 181
TRD, 2693.000000, 159
TRD, 2693.285714, 172
TRD, 2695.571429, 189
TRD, 2696.285714, 104
TRD, 2718.571429, 160
TRD, 2727.000000, 118
TRD, 2734.142857, 89
TRD, 2736.000000, 99
TRD, 2755.000000, 108
TRD, 2756.142857, 119
TRD, 2757.142857, 120
TRD, 2758.142857, 123
TRD, 2759.142857, 186
TRD, 2760.000000, 107
TRD, 2788.571429, 96
TRD, 2789.142857, 99
TRD, 2790.142857, 213
TRD, 2793.285714, 278
TRD, 2796.428571, 349
TRD, 2799.857143, 253
TRD, 2800.428571, 382
TRD, 2811.714286, 382
TRD, 2812.714286, 141
TRD, 2814.285714, 144
TRD, 2831.285714, 110
TRD, 2832.857143, 268
TRD, 2841.142857, 153
TRD, 2841.714286, 68
TRD, 2842.000000, 79
TRD, 2844.142857, 425
TRD, 2844.714286, 146
TRD, 2846.714286, 193
TRD, 2848.000000, 287
TRD, 2865.285714, 266
TRD, 2867.285714, 133
TRD, 2867.571429, 82
TRD, 2868.714286, 177
TRD, 2872.714286, 178
TRD, 2879.857143, 154
TRD, 2880.142857, 134
TRD, 2880.428571, 121
TRD, 2880.571429, 262
TRD, 2882.571429, 81
TRD, 2883.857143, 343
TRD, 2884.428571, 388
TRD, 2885.000000, 404
TRD, 2889.142857, 189
TRD, 2889.285714, 301
TRD, 2890.285714, 270
TRD, 2891.428571, 253
TRD, 2891.714286, 313
TRD, 2892.714286, 271
TRD, 2893.428571, 372
TRD, 2894.285714, 124
TRD, 2894.428571, 399
TRD, 2904.285714, 126
TRD, 2917.857143, 185
TRD, 2918.285714, 189
TRD, 2919.000000, 242
TRD, 2919.571429, 290
TRD, 2921.285714, 141
TRD, 2921.571429, 68
TRD, 2932.142857, 11
TRD, 2933.714286, 73
TRD, 2934.428571, 51
TRD, 2945.000000, 75
TRD, 2945.428571, 205
TRD, 2946.000000, 294
TRD, 2957.428571, 129
TRD, 2958.000000, 139
TRD, 2958.428571, 154
TRD, 2958.857143, 193
TRD, 2959.285714, 158
TRD, 2965.571429, 25
TRD, 2978.857143, 28
TRD, 2979.571429, 92
TRD, 2979.714286, 118
TRD, 2980.142857, 210
TRD, 2993.285714, 80
TRD, 2997.571429, 130
TRD, 3000.428571, 85
TRD, 3001.000000, 86
TRD, 3022.857143, 53
TRD, 3039.857143, 74
TRD, 3040.428571, 92
TRD, 3040.714286, 119
TRD, 3041.714286, 141
TRD, 3042.285714, 177
TRD, 3054.000000, 167
TRD, 3075.000000, 156
TRD, 3076.000000, 108
TRD, 3076.142857, 63
TRD, 3076.428571, 196
TRD, 3076.571429, 238
TRD, 3096.714286, 116
TRD, 3096.857143, 140
TRD, 3113.428571, 114
TRD, 3115.000000, 210
TRD, 3117.714286, 91
TRD, 3119.142857, 300
TRD, 3121.000000, 64
TRD, 3130.285714, 163
TRD, 3132.857143, 51
TRD, 3133.285714, 55
TRD, 3136.571429, 49
TRD, 3136.714286, 299
TRD, 3137.000000, 375
TRD, 3137.857143, 435
TRD, 3138.428571, 156
TRD, 3143.428571, 277
TRD, 3144.714286, 157
TRD, 3145.714286, 254
TRD, 3146.714286, 132
TRD, 3147.000000, 99
TRD, 3147.428571, 454
TRD, 3152.285714, 160
TRD, 3153.285714, 262
TRD, 3156.857143, 110
TRD, 3157.000000, 246
TRD, 3157.428571, 91
TRD, 3159.142857, 206
TRD, 3173.571429, 220
TRD, 3174.142857, 128
TRD, 3175.142857, 211
TRD, 3188.714286, 195
TRD, 3189.714286, 414
TRD, 3190.857143, 119
TRD, 3204.428571, 128
TRD, 3204.571429, 117
TRD, 3205.000000, 104
TRD, 3226.714286, 129
TRD, 3234.285714, 130
TRD, 3235.142857, 350
TRD, 3235.571429, 191
TRD, 3235.857143, 364
TRD, 3236.571429, 367
TRD, 3238.857143, 329
TRD, 3247.142857, 235
TRD, 3249.571429, 100
TRD, 3252.000000, 281
TRD, 3263.857143, 242
TRD, 3285.428571, 186
TRD, 3286.571429, 158
TRD, 3287.000000, 191
TRD, 3288.285714, 128
TRD, 3290.714286, 212
TRD, 3292.142857, 110
TRD, 3293.000000, 208
TRD, 3293.428571, 100
TRD, 3294.000000, 89
TRD, 3295.571429, 181
TRD, 3296.142857, 305
TRD, 3298.000000, 361
TRD, 3298.428571, 50
TRD, 3299.428571, 169
TRD, 3308.857143, 325
TRD, 3320.142857, 141
TRD, 3325.857143, 144
TRD, 3326.000000, 245
TRD, 3326.571429, 339
TRD, 3329.571429, 293
TRD, 3352.571429, 149
TRD, 3353.285714, 145
TRD, 3356.857143, 359
TRD, 3363.000000, 315
TRD, 3365.000000, 368
TRD, 3365.571429, 307
TRD, 3365.857143, 125
TRD, 3366.857143, 436
TRD, 3367.857143, 250
TRD, 3379.571429, 111
TRD, 3380.571429, 120
TRD, 3382.571429, 135
TRD, 3391.142857, 96
TRD, 3413.000000, 109
TRD, 3439.285714, 81
TRD, 3439.571429, 125
TRD, 3440.285714, 180
TRD, 3444.428571, 142
TRD, 3444.571429, 273
TRD, 3445.142857, 140
TRD, 3445.285714, 67
TRD, 3445.714286, 9
TRD, 3446.000000, 169
TRD, 3448.285714, 94
TRD, 3449.000000, 281
TRD, 3474.428571, 82
TRD, 3474.714286, 143
TRD, 3474.857143, 333
TRD, 3475.000000, 336
TRD, 3475.571429, 77
TRD, 3475.714286, 142
TRD, 3476.142857, 146
TRD, 3476.285714, 75
TRD, 3476.571429, 65
TRD, 3477.428571, 67
TRD, 3481.142857, 59
TRD, 3481.857143, 291
TRD, 3482.571429, 55
TRD, 3489.285714, 124
TRD, 3489.857143, 98
TRD, 3505.571429, 98
TRD, 3511.714286, 121
TRD, 3512.142857, 150
TRD, 3520.714286, 225
TRD, 3521.000000, 365
TRD, 3534.714286, 322
TRD, 3539.857143, 132
TRD, 3540.857143, 393
TRD, 3547.000000, 94
TRD, 3547.714286, 120
TRD, 3548.428571, 278
TRD, 3548.857143, 50
TRD, 3549.428571, 320
TRD, 3552.285714, 365
TRD, 3565.714286, 272
TRD, 3565.857143, 153
TRD, 3567.428571, 383
TRD, 3567.571429, 112
TRD, 3568.428571, 168
TRD, 3569.000000, 414
TRD, 3574.142857, 388
TRD, 3575.285714, 338
TRD, 3576.428571, 282
TRD, 3576.571429, 283
TRD, 3577.571429, 461
TRD, 3586.714286, 271
TRD, 3588.428571, 189
TRD, 3598.285714, 159
TRD, 3598.857143, 205
TRD, 3599.428571, 195
TRD, 3607.285714, 117
TRD, 3620.428571, 102
TRD, 3626.571429, 120
TRD, 3630.428571, 159
TRD, 3637.000000, 125
TRD, 3637.428571, 183
TRD, 3638.285714, 115
TRD, 3640.000000, 103
TRD, 3642.142857, 171
TRD, 3650.714286, 158
TRD, 3655.428571, 150
TRD, 3666.000000, 123
TRD, 3669.000000, 255
TRD, 3672.285714, 377
TRD, 3675.857143, 114
TRD, 3677.000000, 382
TRD, 3679.000000, 345
TRD, 3679.857143, 63
TRD, 3682.285714, 109
TRD, 3683.714286, 195
TRD, 3685.714286, 125
TRD, 3686.571429, 261
TRD, 3688.285714, 242
TRD, 3688.714286, 126
TRD, 3690.000000, 108
TRD, 3692.000000, 98
TRD, 3695.571429, 148
TRD, 3696.142857, 435
TRD, 3706.714286, 292
TRD, 3707.428571, 334
TRD, 3710.000000, 156
TRD, 3716.000000, 120
TRD, 3716.428571, 80
TRD, 3734.857143, 103
TRD, 3735.285714, 105
TRD, 3742.857143, 28
TRD, 3743.000000, 157
TRD, 3743.571429, 334
TRD, 3746.000000, 139
TRD, 3746.428571, 129
TRD, 3746.857143, 257
TRD, 3766.142857, 290
TRD, 3768.142857, 252
TRD, 3771.142857, 199
TRD, 3776.857143, 145
TRD, 3777.000000, 147
TRD, 3779.428571, 114
TRD, 3780.714286, 177
TRD, 3781.000000, 77
TRD, 3789.142857, 59
TRD, 3789.285714, 178
TRD, 3790.714286, 196
TRD, 3803.428571, 126
TRD, 3816.428571, 83
TRD, 3817.285714, 152
TRD, 3817.428571, 78
TRD, 3817.857143, 28
TRD, 3818.428571, 54
TRD, 3819.142857, 155
TRD, 3822.571429, 257
TRD, 3834.714286, 153
TRD, 3836.714286, 130
TRD, 3837.285714, 224
TRD, 3838.428571, 351
TRD, 3839.000000, 102
TRD, 3864.857143, 150
TRD, 3866.428571, 157
TRD, 3867.857143, 230
TRD, 3868.428571, 421
TRD, 3869.000000, 157
TRD, 3891.428571, 184
TRD, 3892.000000, 144
TRD, 3895.142857, 244
TRD, 3896.857143, 111
TRD, 3897.000000, 107
TRD, 3897.142857, 303
TRD, 3923.857143, 389
TRD, 3924.000000, 135
TRD, 3924.857143, 488
TRD, 3926.285714, 143
TRD, 3926.571429, 159
TRD, 3926.857143, 342
TRD, 3927.142857, 129
TRD, 3927.714286, 107
TRD, 3928.142857, 123
TRD, 3928.428571, 162
TRD, 3928.571429, 68
TRD, 3929.142857, 441
TRD, 3930.142857, 362
TRD, 3948.000000, 154
TRD, 3949.285714, 124
TRD, 3949.571429, 89
TRD, 3950.285714, 89
TRD, 3950.428571, 97
TRD, 3951.714286, 239
TRD, 3952.000000, 148
TRD, 3952.428571, 65
TRD, 3953.000000, 202
TRD, 3955.714286, 205
TRD, 3956.142857, 83
TRD, 3957.000000, 221
TRD, 3957.142857, 52
TRD, 3958.000000, 108
TRD, 3958.285714, 117
TRD, 3958.571429, 332
TRD, 3960.000000, 145
TRD, 3960.571429, 200
TRD, 3961.285714, 236
TRD, 3962.571429, 268
TRD, 3962.857143, 106
TRD, 3965.428571, 420
TRD, 3986.857143, 243
TRD, 3987.000000, 228
TRD, 4010.714286, 228
TRD, 4011.571429, 437
TRD, 4011.857143, 461
TRD, 4013.000000, 140
TRD, 4014.857143, 98
TRD, 4015.000000, 119
TRD, 4016.428571, 239
TRD, 4017.142857, 143
TRD, 4018.285714, 94
TRD, 4019.000000, 95
TRD, 4020.428571, 308
TRD, 4032.714286, 233
TRD, 4038.714286, 120
TRD, 4038.857143, 386
TRD, 4047.142857, 136
TRD, 4047.571429, 104
TRD, 4047.857143, 194
TRD, 4065.285714, 111
TRD, 4065.857143, 257
TRD, 4066.142857, 131
TRD, 4066.571429, 333
TRD, 4068.428571, 96
TRD, 4068.571429, 126
TRD, 4073.571429, 159
TRD, 4074.714286, 145
TRD, 4076.000000, 210
TRD, 4076.285714, 141
TRD, 4076.571429, 252
TRD, 4077.428571, 162
TRD, 4077.571429, 46
TRD, 4078.142857, 33
TRD, 4078.285714, 64
TRD, 4079.571429, 177
TRD, 4080.285714, 221
TRD, 4080.428571, 165
TRD, 4081.000000, 343
TRD, 4081.714286, 301
TRD, 4106.571429, 349
TRD, 4107.714286, 84
TRD, 4110.428571, 158
TRD, 4110.571429, 265
TRD, 4110.857143, 137
TRD, 4112.000000, 304
TRD, 4112.428571, 328
TRD, 4113.000000, 81
TRD, 4114.000000, 357
TRD, 4114.714286, 295
TRD, 4115.000000, 179
TRD, 4133.285714, 64
TRD, 4134.000000, 132
TRD, 4135.285714, 294
TRD, 4136.428571, 103
TRD, 4138.428571, 220
TRD, 4140.571429, 109
TRD, 4168.000000, 114
TRD, 4168.142857, 108
TRD, 4168.571429, 136
TRD, 4179.428571, 132
TRD, 4183.857143, 80
TRD, 4185.000000, 154
TRD, 4198.571429, 105
TRD, 4198.857143, 55
TRD, 4199.000000, 156
TRD, 4199.714286, 157
TRD, 4199.857143, 201
TRD, 4200.000000, 295
TRD, 4200.285714, 415
TRD, 4201.285714, 32
TRD, 4202.000000, 299
TRD, 4202.142857, 375
TRD, 4203.714286, 173
TRD, 4205.000000, 163
TRD, 4214.428571, 136
TRD, 4214.714286, 154
TRD, 4214.857143, 256
TRD, 4216.000000, 313
TRD, 4217.714286, 82
TRD, 4229.571429, 85
TRD, 4231.285714, 89
TRD, 4231.428571, 99
TRD, 4231.571429, 132
TRD, 4231.857143, 286
TRD, 4232.142857, 86
TRD, 4232.571429, 211
TRD, 4232.857143, 351
TRD, 4233.428571, 324
TRD, 4235.714286, 357
TRD, 4236.000000, 304
TRD, 4236.142857, 281
TRD, 4236.285714, 386
TRD, 4238.571429, 247
TRD, 4240.142857, 339
TRD, 4240.285714, 233
TRD, 4240.428571, 115
TRD, 4240.857143, 121
TRD, 4241.285714, 175
TRD, 4241.857143, 176
TRD, 4242.571429, 269
TRD, 4243.000000, 265
TRD, 4244.142857, 347
TRD, 4249.428571, 334
TRD, 4249.857143, 160
TRD, 4250.428571, 295
TRD, 4259.714286, 445
TRD, 4260.285714, 222
TRD, 4260.571429, 218
TRD, 4260.857143, 333
TRD, 4262.714286, 331
TRD, 4263.571429, 362
TRD, 4263.857143, 208
TRD, 4282.571429, 303
TRD, 4289.142857, 160
TRD, 4306.428571, 110
TRD, 4307.857143, 138
TRD, 4308.428571, 148
TRD, 4308.714286, 207
TRD, 4320.285714, 110
TRD, 4322.000000, 111
TRD, 4327.714286, 77
TRD, 4335.857143, 82
TRD, 4337.000000, 212
TRD, 4347.857143, 159
TRD, 4349.857143, 199
TRD, 4369.428571, 157
TRD, 4369.857143, 204
TRD, 4371.000000, 51
TRD, 4373.428571, 70
TRD, 4377.142857, 91
TRD, 4381.142857, 117
TRD, 4381.714286, 90
TRD, 4384.428571, 118
TRD, 4410.857143, 98
TRD, 4412.428571, 66
TRD, 4414.428571, 90
TRD, 4426.000000, 119
TRD, 4427.857143, 147
TRD, 4432.428571, 263
TRD, 4432.857143, 286
TRD, 4440.714286, 158
TRD, 4441.142857, 99
TRD, 4442.428571, 278
TRD, 4460.571429, 257
TRD, 4472.142857, 284
TRD, 4473.142857, 137
TRD, 4473.571429, 107
TRD, 4473.714286, 195
TRD, 4474.000000, 212
TRD, 4475.428571, 471
TRD, 4475.714286, 418
TRD, 4478.428571, 413
TRD, 4480.285714, 262
TRD, 4491.714286, 162
TRD, 4501.428571, 111
TRD, 4514.142857, 125
TRD, 4514.571429, 256
TRD, 4529.857143, 141
TRD, 4531.428571, 145
TRD, 4531.857143, 159
TRD, 4533.285714, 136
TRD, 4534.000000, 219
TRD, 4535.285714, 275
TRD, 4536.142857, 304
TRD, 4541.714286, 164
TRD, 4544.428571, 131
TRD, 4545.000000, 180
TRD, 4546.000000, 311
TRD, 4546.571429, 115
TRD, 4547.857143, 78
TRD, 4548.142857, 187
TRD, 4549.000000, 364
TRD, 4563.142857, 320
TRD, 4568.000000, 287
TRD, 4580.571429, 270
TRD, 4592.000000, 346
TRD, 4601.285714, 238
TRD, 4601.428571, 186
TRD, 4602.142857, 163
TRD, 4605.285714, 179
TRD, 4608.000000, 253
TRD, 4608.285714, 135
TRD, 4609.142857, 397
TRD, 4611.000000, 197
TRD, 4611.142857, 89
TRD, 4611.714286, 187
TRD, 4611.857143, 77
TRD, 4622.285714, 131
TRD, 4622.571429, 157
TRD, 4640.000000, 101
TRD, 4655.000000, 106
TRD, 4655.142857, 150
TRD, 4671.142857, 144
TRD, 4671.571429, 188
TRD, 4671.857143, 254
TRD, 4673.142857, 291
TRD, 4684.142857, 125
TRD, 4687.857143, 111
TRD, 4688.285714, 178
TRD, 4688.857143, 250
TRD, 4689.285714, 126
TRD, 4705.857143, 124
TRD, 4712.285714, 112
TRD, 4722.000000, 94
TRD, 4745.285714, 104
TRD, 4745.571429, 145
TRD, 4746.000000, 320
TRD, 4748.714286, 120
TRD, 4758.000000, 84
TRD, 4758.571429, 133
TRD, 4759.428571, 158
TRD, 4759.571429, 267
TRD, 4760.857143, 333
TRD, 4761.857143, 223
TRD, 4776.428571, 97
TRD, 4776.571429, 225
TRD, 4777.285714, 210
TRD, 4777.714286, 370
TRD, 4778.000000, 81
TRD, 4780.000000, 107
TRD, 4799.857143, 105
TRD, 4800.714286, 50
TRD, 4804.428571, 114
TRD, 4804.571429, 132
TRD, 4824.571429, 80
TRD, 4836.857143, 67
TRD, 4850.142857, 71
TRD, 4850.571429, 91
TRD, 4864.714286, 66
TRD, 4864.857143, 90
TRD, 4865.285714, 107
TRD, 4865.428571, 122
TRD, 4865.857143, 273
TRD, 4866.000000, 349
TRD, 4866.285714, 389
TRD, 4866.714286, 97
TRD, 4867.000000, 353
TRD, 4867.285714, 391
TRD, 4868.285714, 242
TRD, 4868.571429, 89
TRD, 4869.142857, 186
TRD, 4870.571429, 55
TRD, 4870.857143, 401
TRD, 4871.000000, 344
TRD, 4872.857143, 122
TRD, 4873.142857, 193
TRD, 4874.285714, 158
TRD, 4882.571429, 159
TRD, 4908.000000, 140
TRD, 4908.714286, 144
TRD, 4909.142857, 288
TRD, 4909.285714, 329
TRD, 4910.571429, 118
TRD, 4912.000000, 166
TRD, 4912.857143, 243
TRD, 4913.000000, 353
TRD, 4925.714286, 133
TRD, 4936.000000, 136
TRD, 4936.714286, 205
TRD, 4937.142857, 134
TRD, 4938.142857, 315
TRD, 4941.428571, 118
TRD, 4956.142857, 142
TRD, 4956.714286, 147
TRD, 4956.857143, 325
TRD, 4957.428571, 84
TRD, 4958.142857, 372
TRD, 4968.000000, 153
TRD, 4980.000000, 100
TRD, 4981.571429, 101
TRD, 4982.285714, 249
TRD, 4983.142857, 374
TRD, 4984.000000, 279
TRD, 4984.857143, 295
TRD, 4985.000000, 204
TRD, 4988.571429, 341
TRD, 4993.000000, 274
