B00, 142
B00, Trade, 0.429, 358, B00, S00, 1
B00, Trade, 57.143, 42, B00, S00, 1
B00, Trade, 83.429, 72, B00, S00, 1
B00, Trade, 99.857, 62, B00, S00, 1
B00, Trade, 102.571, 26, S00, B00, 1
B00, Trade, 105.286, 115, B00, S00, 1
B00, Trade, 134.000, 80, B00, S00, 1
B00, Trade, 136.429, 129, B02, B00, 1
B00, Trade, 154.286, 66, B00, S01, 1
B00, Trade, 223.143, 65, B00, S02, 1
B00, Trade, 223.714, 180, B02, B00, 1
B00, Trade, 224.714, 36, S02, B00, 1
B00, Trade, 280.571, 46, B00, B02, 1
B00, Trade, 288.429, 35, B00, B00, 1
B00, Trade, 288.429, 35, B00, B00, 1
B00, Trade, 290.714, 104, B00, B02, 1
B00, Trade, 290.857, 124, S01, B00, 1
B00, Trade, 300.143, 41, B00, P00, 1
B00, Trade, 308.571, 45, B01, B00, 1
B00, Trade, 334.429, 74, B00, P00, 1
B00, Trade, 396.571, 204, B00, S01, 1
B00, Trade, 454.714, 64, B00, S00, 1
B00, Trade, 456.429, 54, B00, S00, 1
B00, Trade, 536.857, 59, B00, B02, 1
B00, Trade, 538.571, 78, S02, B00, 1
B00, Trade, 540.714, 365, B00, B01, 1
B00, Trade, 541.429, 259, B00, B01, 1
B00, Trade, 546.000, 340, B00, S01, 1
B00, Trade, 704.429, 58, B00, B02, 1
B00, Trade, 727.714, 199, B00, B02, 1
B00, Trade, 810.000, 53, B00, B01, 1
B00, Trade, 810.857, 159, S02, B00, 1
B00, Trade, 812.000, 345, B00, B01, 1
B00, Trade, 812.429, 80, B01, B00, 1
B00, Trade, 857.714, 62, B00, S00, 1
B00, Trade, 862.286, 42, B00, B01, 1
B00, Trade, 863.429, 120, S02, B00, 1
B00, Trade, 865.429, 130, B00, P00, 1
B00, Trade, 865.857, 203, S01, B00, 1
B00, Trade, 866.286, 274, B02, B00, 1
B00, Trade, 877.000, 298, B00, S01, 1
B00, Trade, 1302.143, 71, B00, B02, 1
B00, Trade, 1315.429, 263, B00, S01, 1
B00, Trade, 1317.286, 203, B00, S01, 1
B00, Trade, 1878.429, 67, B00, S00, 1
B00, Trade, 1889.857, 95, B00, S01, 1
B00, Trade, 1899.000, 155, B00, S02, 1
B00, Trade, 1899.714, 156, S01, B00, 1
B00, Trade, 1906.857, 145, B00, S00, 1
B00, Trade, 1908.571, 148, P00, B00, 1
B00, Trade, 1909.000, 185, B01, B00, 1
B00, Trade, 1910.857, 65, B00, P00, 1
B00, Trade, 2390.143, 76, B00, B01, 1
B00, Trade, 2392.286, 301, B00, B01, 1
B00, Trade, 2394.286, 46, B00, B02, 1
B00, Trade, 2395.143, 91, B02, B00, 1
B00, Trade, 2396.143, 16, B01, B00, 1
B00, Trade, 2396.429, 286, S01, B00, 1
B00, Trade, 2397.857, 440, B00, B02, 1
B00, Trade, 2398.857, 414, B00, B02, 1
B00, Trade, 2421.714, 174, B00, S02, 1
B00, Trade, 2921.571, 68, B00, S01, 1
B00, Trade, 2932.143, 11, B00, B01, 1
B00, Trade, 2946.000, 294, B00, B01, 1
B00, Trade, 2965.571, 25, B01, B00, 1
B00, Trade, 2979.714, 118, B00, B01, 1
B00, Trade, 3039.857, 74, S00, B00, 1
B00, Trade, 3040.429, 92, B02, B00, 1
B00, Trade, 3040.714, 119, S01, B00, 1
B00, Trade, 3041.714, 141, S02, B00, 1
B00, Trade, 3076.143, 63, B00, B01, 1
B00, Trade, 3076.429, 196, B00, B00, 1
B00, Trade, 3076.429, 196, B00, B00, 1
B00, Trade, 3076.571, 238, B02, B00, 1
B00, Trade, 3115.000, 210, B00, S02, 1
B00, Trade, 3119.143, 300, B00, S02, 1
B00, Trade, 3132.857, 51, S00, B00, 1
B00, Trade, 3133.286, 55, S00, B00, 1
B00, Trade, 3136.571, 49, B00, S00, 1
B00, Trade, 3136.714, 299, S02, B00, 1
B00, Trade, 3137.857, 435, B01, B00, 1
B00, Trade, 3298.429, 50, B00, S00, 1
B00, Trade, 3299.429, 169, B00, S00, 1
B00, Trade, 3365.000, 368, B00, S01, 1
B00, Trade, 3365.571, 307, S02, B00, 1
B00, Trade, 3366.857, 436, S00, B00, 1
B00, Trade, 3367.857, 250, B00, P00, 1
B00, Trade, 3380.571, 120, B00, S00, 1
B00, Trade, 3382.571, 135, B00, S00, 1
B00, Trade, 3444.571, 273, B00, B02, 1
B00, Trade, 3445.143, 140, S01, B00, 1
B00, Trade, 3445.286, 67, B00, S00, 1
B00, Trade, 3446.000, 169, B00, S00, 1
B00, Trade, 3476.571, 65, B00, B01, 1
B00, Trade, 3477.429, 67, B00, S00, 1
B00, Trade, 3716.429, 80, B00, S01, 1
B00, Trade, 3742.857, 28, B01, B00, 1
B00, Trade, 3746.000, 139, B00, S01, 1
B00, Trade, 3746.857, 257, B00, S01, 1
B00, Trade, 3817.429, 78, B00, B01, 1
B00, Trade, 3817.857, 28, B00, B01, 1
B00, Trade, 3818.429, 54, S02, B00, 1
B00, Trade, 3834.714, 153, B00, S02, 1
B00, Trade, 3928.571, 68, B00, B01, 1
B00, Trade, 3952.429, 65, B00, B01, 1
B00, Trade, 4077.571, 46, B00, S01, 1
B00, Trade, 4080.429, 165, B00, S00, 1
B00, Trade, 4198.857, 55, B00, S01, 1
B00, Trade, 4199.714, 157, B02, B00, 1
B00, Trade, 4199.857, 201, S00, B00, 1
B00, Trade, 4202.143, 375, B00, S00, 1
B00, Trade, 4203.714, 173, B01, B00, 1
B00, Trade, 4205.000, 163, B00, P00, 1
B00, Trade, 4214.857, 256, B00, B02, 1
B00, Trade, 4216.000, 313, S00, B00, 1
B00, Trade, 4217.714, 82, B00, S00, 1
B00, Trade, 4231.429, 99, B00, S01, 1
B00, Trade, 4233.429, 324, B00, P00, 1
B00, Trade, 4235.714, 357, B02, B00, 1
B00, Trade, 4236.000, 304, B01, B00, 1
B00, Trade, 4240.286, 233, B00, B01, 1
B00, Trade, 4241.857, 176, P00, B00, 1
B00, Trade, 4243.000, 265, S00, B00, 1
B00, Trade, 4249.857, 160, B00, S00, 1
B00, Trade, 4250.429, 295, S00, B00, 1
B00, Trade, 4260.286, 222, B00, S02, 1
B00, Trade, 4260.571, 218, S02, B00, 1
B00, Trade, 4260.857, 333, S01, B00, 1
B00, Trade, 4263.857, 208, B00, S00, 1
B00, Trade, 4611.857, 77, B00, S02, 1
B00, Trade, 4622.571, 157, B00, B02, 1
B00, Trade, 4777.714, 370, B00, S01, 1
B00, Trade, 4800.714, 50, B00, S00, 1
B00, Trade, 4870.571, 55, B00, S00, 1
B00, Trade, 4870.857, 401, B00, S02, 1
B00, Trade, 4871.000, 344, S00, B00, 1
B00, Trade, 4872.857, 122, S02, B00, 1
B00, Trade, 4873.143, 193, P00, B00, 1
B00, Trade, 4874.286, 158, B00, S02, 1
B00, Trade, 4909.286, 329, B00, B02, 1
B00, Trade, 4983.143, 374, B00, S02, 1
B00, Trade, 4984.000, 279, B00, S02, 1
B01, 353
B01, Trade, 1.429, 491, B01, S01, 1
B01, Trade, 9.429, 81, B01, S00, 1
B01, Trade, 32.571, 109, B01, B02, 1
B01, Trade, 56.286, 95, B01, S00, 1
B01, Trade, 87.714, 83, B01, B01, 1
B01, Trade, 87.714, 83, B01, B01, 1
B01, Trade, 120.857, 95, B01, S01, 1
B01, Trade, 152.571, 98, S01, B01, 1
B01, Trade, 153.857, 340, B01, S01, 1
B01, Trade, 177.857, 83, S01, B01, 1
B01, Trade, 178.000, 132, S02, B01, 1
B01, Trade, 179.143, 283, B01, S02, 1
B01, Trade, 184.429, 237, B01, S00, 1
B01, Trade, 185.143, 328, S01, B01, 1
B01, Trade, 201.571, 272, B01, B02, 1
B01, Trade, 213.000, 425, B01, S00, 1
B01, Trade, 214.857, 437, S02, B01, 1
B01, Trade, 222.857, 174, B01, B02, 1
B01, Trade, 256.429, 89, B01, S00, 1
B01, Trade, 273.429, 159, B01, S02, 1
B01, Trade, 291.000, 360, B01, B02, 1
B01, Trade, 302.429, 64, B02, B01, 1
B01, Trade, 303.000, 103, B02, B01, 1
B01, Trade, 308.571, 45, B01, B00, 1
B01, Trade, 323.857, 72, S00, B01, 1
B01, Trade, 369.143, 80, B01, S00, 1
B01, Trade, 396.286, 166, B01, S01, 1
B01, Trade, 396.429, 98, B01, B02, 1
B01, Trade, 399.000, 124, B01, S00, 1
B01, Trade, 402.143, 102, B01, P00, 1
B01, Trade, 402.429, 125, B01, B01, 1
B01, Trade, 402.429, 125, B01, B01, 1
B01, Trade, 417.000, 156, B01, S00, 1
B01, Trade, 417.286, 296, S02, B01, 1
B01, Trade, 417.714, 112, B01, S00, 1
B01, Trade, 420.714, 338, S02, B01, 1
B01, Trade, 423.000, 99, B01, S01, 1
B01, Trade, 423.286, 236, B02, B01, 1
B01, Trade, 424.857, 386, B01, P00, 1
B01, Trade, 426.143, 291, B01, S01, 1
B01, Trade, 430.143, 257, B01, S02, 1
B01, Trade, 431.429, 366, B02, B01, 1
B01, Trade, 436.286, 230, B01, S02, 1
B01, Trade, 436.571, 155, B02, B01, 1
B01, Trade, 453.429, 75, B02, B01, 1
B01, Trade, 465.429, 67, S00, B01, 1
B01, Trade, 484.714, 59, B01, B02, 1
B01, Trade, 508.143, 128, B01, S00, 1
B01, Trade, 534.429, 93, B01, S00, 1
B01, Trade, 536.143, 115, S01, B01, 1
B01, Trade, 539.000, 189, B01, B02, 1
B01, Trade, 540.714, 365, B00, B01, 1
B01, Trade, 541.429, 259, B00, B01, 1
B01, Trade, 554.286, 150, B01, S02, 1
B01, Trade, 556.714, 144, B01, S02, 1
B01, Trade, 604.714, 91, B01, S02, 1
B01, Trade, 605.000, 354, S00, B01, 1
B01, Trade, 609.714, 154, B01, S01, 1
B01, Trade, 635.000, 89, B01, S00, 1
B01, Trade, 637.286, 288, S02, B01, 1
B01, Trade, 700.571, 103, B01, S00, 1
B01, Trade, 702.571, 266, S02, B01, 1
B01, Trade, 729.000, 114, B01, S01, 1
B01, Trade, 756.714, 70, B01, S00, 1
B01, Trade, 757.143, 154, B02, B01, 1
B01, Trade, 773.286, 90, S01, B01, 1
B01, Trade, 806.571, 76, S00, B01, 1
B01, Trade, 808.714, 130, B02, B01, 1
B01, Trade, 810.000, 53, B00, B01, 1
B01, Trade, 811.429, 94, B01, S02, 1
B01, Trade, 811.857, 121, S02, B01, 1
B01, Trade, 812.000, 345, B00, B01, 1
B01, Trade, 812.429, 80, B01, B00, 1
B01, Trade, 847.857, 113, B01, S00, 1
B01, Trade, 848.571, 136, S02, B01, 1
B01, Trade, 862.286, 42, B00, B01, 1
B01, Trade, 914.857, 120, B01, S01, 1
B01, Trade, 938.286, 316, B01, S02, 1
B01, Trade, 958.857, 113, B01, S00, 1
B01, Trade, 1028.429, 109, B01, S00, 1
B01, Trade, 1028.714, 55, S02, B01, 1
B01, Trade, 1059.714, 80, S01, B01, 1
B01, Trade, 1062.571, 129, B01, S02, 1
B01, Trade, 1063.571, 363, S02, B01, 1
B01, Trade, 1064.286, 459, S02, B01, 1
B01, Trade, 1070.000, 142, B01, S00, 1
B01, Trade, 1075.714, 197, B01, S02, 1
B01, Trade, 1105.857, 116, B01, S00, 1
B01, Trade, 1107.143, 118, B01, S00, 1
B01, Trade, 1107.286, 211, B02, B01, 1
B01, Trade, 1108.571, 192, B01, S02, 1
B01, Trade, 1109.286, 437, B01, S00, 1
B01, Trade, 1109.429, 144, S02, B01, 1
B01, Trade, 1110.143, 296, B01, P00, 1
B01, Trade, 1150.143, 211, B01, S00, 1
B01, Trade, 1151.571, 190, B01, B02, 1
B01, Trade, 1158.714, 74, B01, S00, 1
B01, Trade, 1191.571, 85, B01, S00, 1
B01, Trade, 1221.429, 86, S01, B01, 1
B01, Trade, 1270.857, 88, B01, S01, 1
B01, Trade, 1294.714, 64, S00, B01, 1
B01, Trade, 1375.429, 109, B01, S00, 1
B01, Trade, 1376.429, 243, B01, S02, 1
B01, Trade, 1379.000, 191, B01, P00, 1
B01, Trade, 1379.143, 347, B02, B01, 1
B01, Trade, 1379.857, 78, B02, B01, 1
B01, Trade, 1382.000, 391, S02, B01, 1
B01, Trade, 1392.143, 112, B01, S01, 1
B01, Trade, 1392.429, 174, B01, B01, 1
B01, Trade, 1392.429, 174, B01, B01, 1
B01, Trade, 1422.429, 85, B01, S00, 1
B01, Trade, 1423.143, 99, S01, B01, 1
B01, Trade, 1425.571, 42, B01, B02, 1
B01, Trade, 1441.000, 106, S01, B01, 1
B01, Trade, 1441.143, 265, S00, B01, 1
B01, Trade, 1513.000, 300, B01, S02, 1
B01, Trade, 1577.714, 110, B01, S00, 1
B01, Trade, 1578.714, 327, B01, P00, 1
B01, Trade, 1580.857, 205, B01, P00, 1
B01, Trade, 1582.714, 339, S00, B01, 1
B01, Trade, 1584.857, 408, B01, S00, 1
B01, Trade, 1605.286, 91, B01, S01, 1
B01, Trade, 1668.000, 93, B01, S00, 1
B01, Trade, 1694.857, 177, B01, S02, 1
B01, Trade, 1702.429, 254, B01, S02, 1
B01, Trade, 1717.000, 110, B01, S01, 1
B01, Trade, 1718.000, 309, B01, P00, 1
B01, Trade, 1718.857, 324, S02, B01, 1
B01, Trade, 1725.714, 406, B01, S00, 1
B01, Trade, 1726.286, 146, B02, B01, 1
B01, Trade, 1742.429, 111, B01, S00, 1
B01, Trade, 1743.714, 340, S02, B01, 1
B01, Trade, 1782.714, 103, B01, S00, 1
B01, Trade, 1783.857, 75, B01, S02, 1
B01, Trade, 1811.429, 109, B01, S00, 1
B01, Trade, 1832.000, 93, B01, S00, 1
B01, Trade, 1847.429, 179, B01, S02, 1
B01, Trade, 1848.429, 125, B02, B01, 1
B01, Trade, 1855.857, 100, B01, S01, 1
B01, Trade, 1858.286, 139, S01, B01, 1
B01, Trade, 1892.286, 58, S01, B01, 1
B01, Trade, 1892.714, 106, B02, B01, 1
B01, Trade, 1909.000, 185, B01, B00, 1
B01, Trade, 1938.000, 66, B01, B01, 1
B01, Trade, 1938.000, 66, B01, B01, 1
B01, Trade, 1938.714, 107, S01, B01, 1
B01, Trade, 1980.286, 83, B01, P00, 1
B01, Trade, 1982.143, 175, B01, P00, 1
B01, Trade, 2013.571, 96, B01, S00, 1
B01, Trade, 2017.000, 403, B01, S02, 1
B01, Trade, 2017.143, 311, S00, B01, 1
B01, Trade, 2031.286, 215, B01, S02, 1
B01, Trade, 2147.571, 103, B01, S01, 1
B01, Trade, 2149.429, 106, B01, B02, 1
B01, Trade, 2180.143, 97, B01, S00, 1
B01, Trade, 2181.714, 352, S01, B01, 1
B01, Trade, 2182.143, 348, S00, B01, 1
B01, Trade, 2208.857, 81, B01, S00, 1
B01, Trade, 2210.143, 118, P00, B01, 1
B01, Trade, 2293.000, 106, B01, S00, 1
B01, Trade, 2294.143, 72, S01, B01, 1
B01, Trade, 2294.429, 205, S00, B01, 1
B01, Trade, 2355.429, 104, B01, S00, 1
B01, Trade, 2389.714, 91, B01, S00, 1
B01, Trade, 2390.143, 76, B00, B01, 1
B01, Trade, 2392.286, 301, B00, B01, 1
B01, Trade, 2396.143, 16, B01, B00, 1
B01, Trade, 2396.571, 374, S02, B01, 1
B01, Trade, 2397.286, 157, B02, B01, 1
B01, Trade, 2397.714, 413, S00, B01, 1
B01, Trade, 2398.429, 457, B02, B01, 1
B01, Trade, 2472.714, 118, B01, S01, 1
B01, Trade, 2696.286, 104, B01, S02, 1
B01, Trade, 2734.143, 89, B01, S00, 1
B01, Trade, 2736.000, 99, B01, S00, 1
B01, Trade, 2788.571, 96, B01, S00, 1
B01, Trade, 2800.429, 382, B01, S02, 1
B01, Trade, 2811.714, 382, B01, S00, 1
B01, Trade, 2831.286, 110, B01, S01, 1
B01, Trade, 2832.857, 268, B02, B01, 1
B01, Trade, 2867.571, 82, B01, S00, 1
B01, Trade, 2868.714, 177, B01, B02, 1
B01, Trade, 2880.571, 262, B01, S00, 1
B01, Trade, 2885.000, 404, B01, S01, 1
B01, Trade, 2891.714, 313, B01, S00, 1
B01, Trade, 2893.429, 372, B02, B01, 1
B01, Trade, 2918.286, 189, B01, S02, 1
B01, Trade, 2919.571, 290, S01, B01, 1
B01, Trade, 2932.143, 11, B00, B01, 1
B01, Trade, 2933.714, 73, S00, B01, 1
B01, Trade, 2934.429, 51, S00, B01, 1
B01, Trade, 2945.000, 75, S01, B01, 1
B01, Trade, 2945.429, 205, B01, S01, 1
B01, Trade, 2946.000, 294, B00, B01, 1
B01, Trade, 2958.000, 139, B01, S00, 1
B01, Trade, 2958.857, 193, S00, B01, 1
B01, Trade, 2965.571, 25, B01, B00, 1
B01, Trade, 2978.857, 28, B02, B01, 1
B01, Trade, 2979.714, 118, B00, B01, 1
B01, Trade, 2980.143, 210, B01, S01, 1
B01, Trade, 2993.286, 80, S00, B01, 1
B01, Trade, 3076.000, 108, B01, S00, 1
B01, Trade, 3076.143, 63, B00, B01, 1
B01, Trade, 3117.714, 91, B01, S02, 1
B01, Trade, 3121.000, 64, S02, B01, 1
B01, Trade, 3130.286, 163, B01, S02, 1
B01, Trade, 3137.857, 435, B01, B00, 1
B01, Trade, 3138.429, 156, S00, B01, 1
B01, Trade, 3147.000, 99, B01, S00, 1
B01, Trade, 3190.857, 119, B01, B02, 1
B01, Trade, 3235.857, 364, B01, B02, 1
B01, Trade, 3294.000, 89, B01, S00, 1
B01, Trade, 3295.571, 181, S01, B01, 1
B01, Trade, 3296.143, 305, B01, P00, 1
B01, Trade, 3298.000, 361, S00, B01, 1
B01, Trade, 3308.857, 325, B01, S00, 1
B01, Trade, 3379.571, 111, B01, S00, 1
B01, Trade, 3391.143, 96, B01, S00, 1
B01, Trade, 3439.286, 81, B01, S00, 1
B01, Trade, 3448.286, 94, B01, S01, 1
B01, Trade, 3475.000, 336, B01, S01, 1
B01, Trade, 3475.571, 77, B01, S00, 1
B01, Trade, 3476.143, 146, S01, B01, 1
B01, Trade, 3476.571, 65, B00, B01, 1
B01, Trade, 3505.571, 98, B01, S01, 1
B01, Trade, 3547.000, 94, B01, S01, 1
B01, Trade, 3547.714, 120, S02, B01, 1
B01, Trade, 3548.857, 50, S01, B01, 1
B01, Trade, 3567.571, 112, B01, S01, 1
B01, Trade, 3568.429, 168, B02, B01, 1
B01, Trade, 3574.143, 388, B01, B02, 1
B01, Trade, 3575.286, 338, S00, B01, 1
B01, Trade, 3576.571, 283, B01, P00, 1
B01, Trade, 3577.571, 461, B01, P00, 1
B01, Trade, 3607.286, 117, B01, S00, 1
B01, Trade, 3638.286, 115, B01, S02, 1
B01, Trade, 3642.143, 171, B01, P00, 1
B01, Trade, 3675.857, 114, B01, S00, 1
B01, Trade, 3679.000, 345, B01, S00, 1
B01, Trade, 3679.857, 63, S02, B01, 1
B01, Trade, 3682.286, 109, B01, S00, 1
B01, Trade, 3683.714, 195, S00, B01, 1
B01, Trade, 3686.571, 261, B01, S02, 1
B01, Trade, 3688.286, 242, B01, S02, 1
B01, Trade, 3688.714, 126, P00, B01, 1
B01, Trade, 3692.000, 98, B01, S00, 1
B01, Trade, 3734.857, 103, B01, S00, 1
B01, Trade, 3735.286, 105, B02, B01, 1
B01, Trade, 3742.857, 28, B01, B00, 1
B01, Trade, 3743.000, 157, S00, B01, 1
B01, Trade, 3746.429, 129, S02, B01, 1
B01, Trade, 3779.429, 114, B01, S00, 1
B01, Trade, 3780.714, 177, B01, P00, 1
B01, Trade, 3781.000, 77, B02, B01, 1
B01, Trade, 3789.286, 178, B01, B02, 1
B01, Trade, 3790.714, 196, B02, B01, 1
B01, Trade, 3816.429, 83, B01, S00, 1
B01, Trade, 3817.429, 78, B00, B01, 1
B01, Trade, 3817.857, 28, B00, B01, 1
B01, Trade, 3819.143, 155, B02, B01, 1
B01, Trade, 3838.429, 351, B01, B02, 1
B01, Trade, 3839.000, 102, B01, B01, 1
B01, Trade, 3839.000, 102, B01, B01, 1
B01, Trade, 3927.714, 107, B01, S01, 1
B01, Trade, 3928.571, 68, B00, B01, 1
B01, Trade, 3930.143, 362, B01, P00, 1
B01, Trade, 3951.714, 239, B01, S01, 1
B01, Trade, 3952.429, 65, B00, B01, 1
B01, Trade, 3955.714, 205, B01, B02, 1
B01, Trade, 3956.143, 83, B01, B02, 1
B01, Trade, 3958.000, 108, B01, B02, 1
B01, Trade, 3962.857, 106, B01, S01, 1
B01, Trade, 4011.571, 437, B01, S02, 1
B01, Trade, 4015.000, 119, B01, B02, 1
B01, Trade, 4016.429, 239, B01, P00, 1
B01, Trade, 4047.571, 104, B01, S01, 1
B01, Trade, 4047.857, 194, B01, S01, 1
B01, Trade, 4068.429, 96, B01, B02, 1
B01, Trade, 4076.571, 252, B01, B02, 1
B01, Trade, 4077.429, 162, B01, P00, 1
B01, Trade, 4078.143, 33, S00, B01, 1
B01, Trade, 4080.286, 221, B02, B01, 1
B01, Trade, 4081.000, 343, S01, B01, 1
B01, Trade, 4107.714, 84, B01, S01, 1
B01, Trade, 4110.571, 265, B01, S01, 1
B01, Trade, 4112.000, 304, B01, P00, 1
B01, Trade, 4112.429, 328, S02, B01, 1
B01, Trade, 4114.714, 295, B01, S02, 1
B01, Trade, 4115.000, 179, B01, P00, 1
B01, Trade, 4133.286, 64, B01, S00, 1
B01, Trade, 4134.000, 132, B02, B01, 1
B01, Trade, 4183.857, 80, B01, S00, 1
B01, Trade, 4198.571, 105, B01, S01, 1
B01, Trade, 4200.000, 295, B01, B01, 1
B01, Trade, 4200.000, 295, B01, B01, 1
B01, Trade, 4201.286, 32, B01, P00, 1
B01, Trade, 4203.714, 173, B01, B00, 1
B01, Trade, 4229.571, 85, S00, B01, 1
B01, Trade, 4232.571, 211, S01, B01, 1
B01, Trade, 4232.857, 351, B01, S00, 1
B01, Trade, 4236.000, 304, B01, B00, 1
B01, Trade, 4236.286, 386, B01, S00, 1
B01, Trade, 4238.571, 247, B01, S02, 1
B01, Trade, 4240.286, 233, B00, B01, 1
B01, Trade, 4306.429, 110, B01, S00, 1
B01, Trade, 4308.429, 148, B01, P00, 1
B01, Trade, 4308.714, 207, B01, S00, 1
B01, Trade, 4335.857, 82, S01, B01, 1
B01, Trade, 4337.000, 212, B01, P00, 1
B01, Trade, 4381.143, 117, B01, P00, 1
B01, Trade, 4381.714, 90, B01, P00, 1
B01, Trade, 4410.857, 98, B01, P00, 1
B01, Trade, 4414.429, 90, B01, P00, 1
B01, Trade, 4432.857, 286, B01, S02, 1
B01, Trade, 4441.143, 99, B01, S01, 1
B01, Trade, 4501.429, 111, B01, S01, 1
B01, Trade, 4514.571, 256, B01, B02, 1
B01, Trade, 4531.857, 159, B01, S00, 1
B01, Trade, 4533.286, 136, B02, B01, 1
B01, Trade, 4534.000, 219, B02, B01, 1
B01, Trade, 4535.286, 275, B01, P00, 1
B01, Trade, 4536.143, 304, S00, B01, 1
B01, Trade, 4546.571, 115, B01, B02, 1
B01, Trade, 4611.143, 89, B01, S02, 1
B01, Trade, 4655.000, 106, B01, S00, 1
B01, Trade, 4671.143, 144, B01, S02, 1
B01, Trade, 4673.143, 291, B01, S00, 1
B01, Trade, 4688.857, 250, B01, S01, 1
B01, Trade, 4745.286, 104, B01, S00, 1
B01, Trade, 4776.429, 97, B01, S00, 1
B01, Trade, 4777.286, 210, B01, P00, 1
B01, Trade, 4780.000, 107, B01, S00, 1
B01, Trade, 4799.857, 105, S00, B01, 1
B01, Trade, 4836.857, 67, S00, B01, 1
B01, Trade, 4850.143, 71, B02, B01, 1
B01, Trade, 4864.857, 90, B01, B02, 1
B01, Trade, 4865.286, 107, S01, B01, 1
B01, Trade, 4865.429, 122, S02, B01, 1
B01, Trade, 4865.857, 273, B01, S01, 1
B01, Trade, 4866.286, 389, S00, B01, 1
B01, Trade, 4866.714, 97, B02, B01, 1
B01, Trade, 4867.000, 353, B01, S01, 1
B01, Trade, 4868.286, 242, B02, B01, 1
B01, Trade, 4910.571, 118, B01, S00, 1
B01, Trade, 4912.000, 166, P00, B01, 1
B01, Trade, 4912.857, 243, S02, B01, 1
B01, Trade, 4913.000, 353, B02, B01, 1
B01, Trade, 4957.429, 84, B01, S02, 1
B01, Trade, 4958.143, 372, B01, P00, 1
B01, Trade, 4980.000, 100, S01, B01, 1
B01, Trade, 4981.571, 101, P00, B01, 1
B01, Trade, 4984.857, 295, S01, B01, 1
B01, Trade, 4993.000, 274, B01, S00, 1
B02, 423
B02, Trade, 30.857, 68, S00, B02, 1
B02, Trade, 32.571, 109, B01, B02, 1
B02, Trade, 91.857, 106, S01, B02, 1
B02, Trade, 121.857, 134, S02, B02, 1
B02, Trade, 136.429, 129, B02, B00, 1
B02, Trade, 144.714, 134, S02, B02, 1
B02, Trade, 152.857, 225, B02, S01, 1
B02, Trade, 201.143, 122, B02, S01, 1
B02, Trade, 201.429, 142, S02, B02, 1
B02, Trade, 201.571, 272, B01, B02, 1
B02, Trade, 222.143, 120, B02, S02, 1
B02, Trade, 222.571, 103, S00, B02, 1
B02, Trade, 222.857, 174, B01, B02, 1
B02, Trade, 223.714, 180, B02, B00, 1
B02, Trade, 225.571, 78, S00, B02, 1
B02, Trade, 242.000, 147, B02, S01, 1
B02, Trade, 243.000, 140, S02, B02, 1
B02, Trade, 246.143, 181, B02, S01, 1
B02, Trade, 280.143, 136, B02, S01, 1
B02, Trade, 280.286, 257, B02, S01, 1
B02, Trade, 280.571, 46, B00, B02, 1
B02, Trade, 290.714, 104, B00, B02, 1
B02, Trade, 291.000, 360, B01, B02, 1
B02, Trade, 302.429, 64, B02, B01, 1
B02, Trade, 303.000, 103, B02, B01, 1
B02, Trade, 332.857, 56, S00, B02, 1
B02, Trade, 333.143, 96, S01, B02, 1
B02, Trade, 337.714, 66, B02, S00, 1
B02, Trade, 364.429, 126, B02, S01, 1
B02, Trade, 370.286, 106, S01, B02, 1
B02, Trade, 394.857, 155, B02, S01, 1
B02, Trade, 396.143, 122, S01, B02, 1
B02, Trade, 396.429, 98, B01, B02, 1
B02, Trade, 420.000, 129, B02, P00, 1
B02, Trade, 421.714, 137, B02, P00, 1
B02, Trade, 423.286, 236, B02, B01, 1
B02, Trade, 430.429, 92, B02, S02, 1
B02, Trade, 431.429, 366, B02, B01, 1
B02, Trade, 432.000, 379, S02, B02, 1
B02, Trade, 432.571, 185, B02, P00, 1
B02, Trade, 436.571, 155, B02, B01, 1
B02, Trade, 453.429, 75, B02, B01, 1
B02, Trade, 484.714, 59, B01, B02, 1
B02, Trade, 485.000, 86, S01, B02, 1
B02, Trade, 513.857, 125, B02, S01, 1
B02, Trade, 514.429, 199, B02, P00, 1
B02, Trade, 536.429, 294, B02, S00, 1
B02, Trade, 536.857, 59, B00, B02, 1
B02, Trade, 537.000, 21, B02, S01, 1
B02, Trade, 538.000, 150, B02, P00, 1
B02, Trade, 539.000, 189, B01, B02, 1
B02, Trade, 539.143, 379, S01, B02, 1
B02, Trade, 553.571, 153, B02, S02, 1
B02, Trade, 554.429, 397, S00, B02, 1
B02, Trade, 556.286, 111, S02, B02, 1
B02, Trade, 575.143, 148, B02, S00, 1
B02, Trade, 582.000, 199, B02, S00, 1
B02, Trade, 590.571, 164, B02, S02, 1
B02, Trade, 591.857, 190, B02, P00, 1
B02, Trade, 624.286, 146, B02, S02, 1
B02, Trade, 673.143, 351, B02, S02, 1
B02, Trade, 696.429, 140, B02, S01, 1
B02, Trade, 703.429, 103, B02, S02, 1
B02, Trade, 704.429, 58, B00, B02, 1
B02, Trade, 726.714, 147, S02, B02, 1
B02, Trade, 727.714, 199, B00, B02, 1
B02, Trade, 729.571, 199, B02, S01, 1
B02, Trade, 730.429, 149, B02, P00, 1
B02, Trade, 757.143, 154, B02, B01, 1
B02, Trade, 759.286, 120, B02, P00, 1
B02, Trade, 773.857, 297, B02, S01, 1
B02, Trade, 786.000, 68, S00, B02, 1
B02, Trade, 808.714, 130, B02, B01, 1
B02, Trade, 816.571, 103, S01, B02, 1
B02, Trade, 847.286, 119, S01, B02, 1
B02, Trade, 866.286, 274, B02, B00, 1
B02, Trade, 900.429, 152, B02, S00, 1
B02, Trade, 939.143, 122, B02, S02, 1
B02, Trade, 941.143, 306, B02, P00, 1
B02, Trade, 944.000, 114, B02, S02, 1
B02, Trade, 972.429, 128, B02, S00, 1
B02, Trade, 1028.286, 122, B02, S01, 1
B02, Trade, 1037.286, 77, S00, B02, 1
B02, Trade, 1037.857, 270, B02, S00, 1
B02, Trade, 1069.286, 475, B02, S02, 1
B02, Trade, 1089.714, 126, B02, S01, 1
B02, Trade, 1107.286, 211, B02, B01, 1
B02, Trade, 1108.714, 111, S00, B02, 1
B02, Trade, 1150.429, 143, B02, S00, 1
B02, Trade, 1151.286, 180, B02, P00, 1
B02, Trade, 1151.571, 190, B01, B02, 1
B02, Trade, 1197.000, 100, S01, B02, 1
B02, Trade, 1197.286, 127, S02, B02, 1
B02, Trade, 1240.286, 70, S00, B02, 1
B02, Trade, 1240.571, 115, S01, B02, 1
B02, Trade, 1259.714, 121, B02, S00, 1
B02, Trade, 1301.429, 134, B02, S01, 1
B02, Trade, 1301.714, 233, S00, B02, 1
B02, Trade, 1302.000, 251, B02, S00, 1
B02, Trade, 1302.143, 71, B00, B02, 1
B02, Trade, 1348.571, 128, B02, S00, 1
B02, Trade, 1379.143, 347, B02, B01, 1
B02, Trade, 1379.857, 78, B02, B01, 1
B02, Trade, 1380.286, 111, B02, B02, 1
B02, Trade, 1380.286, 111, B02, B02, 1
B02, Trade, 1393.857, 155, B02, P00, 1
B02, Trade, 1398.143, 163, B02, S00, 1
B02, Trade, 1399.571, 401, B02, S00, 1
B02, Trade, 1425.571, 42, B01, B02, 1
B02, Trade, 1425.714, 162, S01, B02, 1
B02, Trade, 1452.571, 137, S02, B02, 1
B02, Trade, 1483.000, 129, B02, S00, 1
B02, Trade, 1506.143, 116, B02, B02, 1
B02, Trade, 1506.143, 116, B02, B02, 1
B02, Trade, 1506.571, 116, S01, B02, 1
B02, Trade, 1508.571, 210, S01, B02, 1
B02, Trade, 1566.286, 127, B02, S00, 1
B02, Trade, 1568.429, 361, B02, P00, 1
B02, Trade, 1574.857, 125, B02, S01, 1
B02, Trade, 1597.571, 144, B02, S02, 1
B02, Trade, 1599.000, 413, B02, B02, 1
B02, Trade, 1599.000, 413, B02, B02, 1
B02, Trade, 1604.429, 256, B02, S01, 1
B02, Trade, 1605.714, 357, B02, S01, 1
B02, Trade, 1622.000, 336, B02, S02, 1
B02, Trade, 1665.714, 142, B02, S01, 1
B02, Trade, 1666.143, 225, B02, S02, 1
B02, Trade, 1666.429, 93, S02, B02, 1
B02, Trade, 1726.286, 146, B02, B01, 1
B02, Trade, 1727.429, 179, B02, P00, 1
B02, Trade, 1755.571, 130, B02, S01, 1
B02, Trade, 1756.286, 241, S02, B02, 1
B02, Trade, 1781.857, 158, B02, S00, 1
B02, Trade, 1784.286, 310, B02, S00, 1
B02, Trade, 1809.714, 130, S02, B02, 1
B02, Trade, 1848.429, 125, B02, B01, 1
B02, Trade, 1878.286, 140, B02, S00, 1
B02, Trade, 1892.714, 106, B02, B01, 1
B02, Trade, 1937.714, 64, S00, B02, 1
B02, Trade, 1940.143, 59, S01, B02, 1
B02, Trade, 1940.429, 126, S02, B02, 1
B02, Trade, 1959.286, 225, B02, S02, 1
B02, Trade, 1998.429, 86, S01, B02, 1
B02, Trade, 2059.000, 156, B02, S02, 1
B02, Trade, 2071.429, 467, B02, S01, 1
B02, Trade, 2071.857, 146, B02, S01, 1
B02, Trade, 2087.857, 232, B02, S00, 1
B02, Trade, 2119.857, 127, B02, S00, 1
B02, Trade, 2148.143, 89, B02, S00, 1
B02, Trade, 2148.429, 141, S02, B02, 1
B02, Trade, 2148.857, 203, B02, S00, 1
B02, Trade, 2149.429, 106, B01, B02, 1
B02, Trade, 2161.429, 205, B02, S02, 1
B02, Trade, 2163.857, 295, B02, S02, 1
B02, Trade, 2164.286, 178, S00, B02, 1
B02, Trade, 2165.286, 310, S02, B02, 1
B02, Trade, 2167.000, 102, B02, P00, 1
B02, Trade, 2179.000, 156, B02, P00, 1
B02, Trade, 2180.000, 111, B02, P00, 1
B02, Trade, 2182.286, 142, B02, S00, 1
B02, Trade, 2209.857, 116, S01, B02, 1
B02, Trade, 2212.143, 367, B02, P00, 1
B02, Trade, 2239.000, 128, B02, S01, 1
B02, Trade, 2268.857, 124, B02, S01, 1
B02, Trade, 2299.286, 129, B02, S01, 1
B02, Trade, 2302.429, 191, S02, B02, 1
B02, Trade, 2305.000, 321, B02, S02, 1
B02, Trade, 2332.714, 150, B02, S00, 1
B02, Trade, 2333.143, 336, S02, B02, 1
B02, Trade, 2334.000, 200, S00, B02, 1
B02, Trade, 2389.857, 102, S01, B02, 1
B02, Trade, 2390.857, 142, S02, B02, 1
B02, Trade, 2394.286, 46, B00, B02, 1
B02, Trade, 2395.143, 91, B02, B00, 1
B02, Trade, 2396.000, 174, B02, P00, 1
B02, Trade, 2397.286, 157, B02, B01, 1
B02, Trade, 2397.857, 440, B00, B02, 1
B02, Trade, 2398.429, 457, B02, B01, 1
B02, Trade, 2398.857, 414, B00, B02, 1
B02, Trade, 2427.286, 124, B02, S00, 1
B02, Trade, 2430.429, 106, S01, B02, 1
B02, Trade, 2449.714, 135, B02, S02, 1
B02, Trade, 2450.571, 202, B02, S02, 1
B02, Trade, 2451.857, 165, P00, B02, 1
B02, Trade, 2453.429, 225, S00, B02, 1
B02, Trade, 2453.857, 198, S02, B02, 1
B02, Trade, 2462.857, 347, B02, S00, 1
B02, Trade, 2464.857, 393, S00, B02, 1
B02, Trade, 2493.143, 135, B02, S02, 1
B02, Trade, 2510.286, 120, B02, S01, 1
B02, Trade, 2511.286, 358, B02, S01, 1
B02, Trade, 2512.571, 197, B02, S01, 1
B02, Trade, 2513.143, 150, S02, B02, 1
B02, Trade, 2526.714, 187, B02, S01, 1
B02, Trade, 2570.571, 146, B02, S01, 1
B02, Trade, 2582.429, 171, B02, S01, 1
B02, Trade, 2592.571, 157, B02, S02, 1
B02, Trade, 2632.571, 147, B02, S00, 1
B02, Trade, 2655.429, 352, B02, S01, 1
B02, Trade, 2682.571, 151, B02, S00, 1
B02, Trade, 2691.286, 130, B02, S01, 1
B02, Trade, 2693.000, 159, B02, S02, 1
B02, Trade, 2695.571, 189, B02, S02, 1
B02, Trade, 2718.571, 160, B02, S00, 1
B02, Trade, 2727.000, 118, S01, B02, 1
B02, Trade, 2755.000, 108, B02, B02, 1
B02, Trade, 2755.000, 108, B02, B02, 1
B02, Trade, 2756.143, 119, S01, B02, 1
B02, Trade, 2757.143, 120, S02, B02, 1
B02, Trade, 2758.143, 123, S02, B02, 1
B02, Trade, 2790.143, 213, B02, S00, 1
B02, Trade, 2793.286, 278, B02, S00, 1
B02, Trade, 2799.857, 253, B02, S02, 1
B02, Trade, 2812.714, 141, B02, S00, 1
B02, Trade, 2832.857, 268, B02, B01, 1
B02, Trade, 2841.143, 153, B02, P00, 1
B02, Trade, 2842.000, 79, B02, S02, 1
B02, Trade, 2844.143, 425, S00, B02, 1
B02, Trade, 2867.286, 133, B02, S00, 1
B02, Trade, 2868.714, 177, B01, B02, 1
B02, Trade, 2879.857, 154, B02, S02, 1
B02, Trade, 2880.143, 134, S01, B02, 1
B02, Trade, 2880.429, 121, S00, B02, 1
B02, Trade, 2884.429, 388, B02, S01, 1
B02, Trade, 2893.429, 372, B02, B01, 1
B02, Trade, 2894.286, 124, S01, B02, 1
B02, Trade, 2921.286, 141, B02, S01, 1
B02, Trade, 2957.429, 129, B02, S00, 1
B02, Trade, 2958.429, 154, S02, B02, 1
B02, Trade, 2959.286, 158, S02, B02, 1
B02, Trade, 2978.857, 28, B02, B01, 1
B02, Trade, 2979.571, 92, S01, B02, 1
B02, Trade, 2997.571, 130, B02, S00, 1
B02, Trade, 3000.429, 85, B02, S00, 1
B02, Trade, 3001.000, 86, B02, S00, 1
B02, Trade, 3022.857, 53, B02, B02, 1
B02, Trade, 3022.857, 53, B02, B02, 1
B02, Trade, 3040.429, 92, B02, B00, 1
B02, Trade, 3075.000, 156, B02, S00, 1
B02, Trade, 3076.571, 238, B02, B00, 1
B02, Trade, 3096.714, 116, S01, B02, 1
B02, Trade, 3146.714, 132, B02, S00, 1
B02, Trade, 3147.429, 454, B02, S00, 1
B02, Trade, 3153.286, 262, B02, S02, 1
B02, Trade, 3157.000, 246, B02, S02, 1
B02, Trade, 3174.143, 128, B02, S01, 1
B02, Trade, 3175.143, 211, B02, S01, 1
B02, Trade, 3188.714, 195, B02, S00, 1
B02, Trade, 3189.714, 414, S01, B02, 1
B02, Trade, 3190.857, 119, B01, B02, 1
B02, Trade, 3204.429, 128, B02, S02, 1
B02, Trade, 3235.143, 350, B02, S01, 1
B02, Trade, 3235.571, 191, B02, P00, 1
B02, Trade, 3235.857, 364, B01, B02, 1
B02, Trade, 3238.857, 329, B02, S02, 1
B02, Trade, 3286.571, 158, B02, S00, 1
B02, Trade, 3325.857, 144, B02, S01, 1
B02, Trade, 3326.000, 245, S02, B02, 1
B02, Trade, 3352.571, 149, B02, S02, 1
B02, Trade, 3365.857, 125, B02, S02, 1
B02, Trade, 3413.000, 109, S01, B02, 1
B02, Trade, 3444.429, 142, S00, B02, 1
B02, Trade, 3444.571, 273, B00, B02, 1
B02, Trade, 3449.000, 281, B02, S01, 1
B02, Trade, 3474.429, 82, S01, B02, 1
B02, Trade, 3474.714, 143, S02, B02, 1
B02, Trade, 3474.857, 333, B02, S01, 1
B02, Trade, 3475.714, 142, S02, B02, 1
B02, Trade, 3476.286, 75, S02, B02, 1
B02, Trade, 3489.286, 124, S02, B02, 1
B02, Trade, 3489.857, 98, B02, P00, 1
B02, Trade, 3511.714, 121, B02, S02, 1
B02, Trade, 3512.143, 150, B02, S02, 1
B02, Trade, 3520.714, 225, B02, S00, 1
B02, Trade, 3521.000, 365, S00, B02, 1
B02, Trade, 3565.857, 153, B02, S00, 1
B02, Trade, 3567.429, 383, B02, S01, 1
B02, Trade, 3568.429, 168, B02, B01, 1
B02, Trade, 3569.000, 414, B02, B02, 1
B02, Trade, 3569.000, 414, B02, B02, 1
B02, Trade, 3574.143, 388, B01, B02, 1
B02, Trade, 3598.286, 159, B02, S02, 1
B02, Trade, 3598.857, 205, B02, P00, 1
B02, Trade, 3599.429, 195, S02, B02, 1
B02, Trade, 3626.571, 120, B02, P00, 1
B02, Trade, 3630.429, 159, S02, B02, 1
B02, Trade, 3650.714, 158, B02, S00, 1
B02, Trade, 3669.000, 255, B02, S02, 1
B02, Trade, 3685.714, 125, S02, B02, 1
B02, Trade, 3695.571, 148, B02, P00, 1
B02, Trade, 3696.143, 435, B02, B02, 1
B02, Trade, 3696.143, 435, B02, B02, 1
B02, Trade, 3706.714, 292, B02, S00, 1
B02, Trade, 3707.429, 334, S00, B02, 1
B02, Trade, 3716.000, 120, B02, S01, 1
B02, Trade, 3735.286, 105, B02, B01, 1
B02, Trade, 3776.857, 145, B02, S01, 1
B02, Trade, 3781.000, 77, B02, B01, 1
B02, Trade, 3789.143, 59, B02, P00, 1
B02, Trade, 3789.286, 178, B01, B02, 1
B02, Trade, 3790.714, 196, B02, B01, 1
B02, Trade, 3803.429, 126, B02, P00, 1
B02, Trade, 3819.143, 155, B02, B01, 1
B02, Trade, 3822.571, 257, S01, B02, 1
B02, Trade, 3836.714, 130, B02, S00, 1
B02, Trade, 3837.286, 224, B02, S01, 1
B02, Trade, 3838.429, 351, B01, B02, 1
B02, Trade, 3866.429, 157, B02, S01, 1
B02, Trade, 3867.857, 230, B02, S00, 1
B02, Trade, 3868.429, 421, B02, S00, 1
B02, Trade, 3869.000, 157, P00, B02, 1
B02, Trade, 3892.000, 144, B02, S02, 1
B02, Trade, 3895.143, 244, S01, B02, 1
B02, Trade, 3897.000, 107, B02, S02, 1
B02, Trade, 3897.143, 303, B02, S02, 1
B02, Trade, 3924.000, 135, B02, S00, 1
B02, Trade, 3924.857, 488, B02, S00, 1
B02, Trade, 3926.571, 159, S00, B02, 1
B02, Trade, 3926.857, 342, B02, P00, 1
B02, Trade, 3929.143, 441, S02, B02, 1
B02, Trade, 3949.286, 124, B02, S01, 1
B02, Trade, 3949.571, 89, S01, B02, 1
B02, Trade, 3950.286, 89, B02, P00, 1
B02, Trade, 3950.429, 97, S01, B02, 1
B02, Trade, 3952.000, 148, B02, P00, 1
B02, Trade, 3953.000, 202, S01, B02, 1
B02, Trade, 3955.714, 205, B01, B02, 1
B02, Trade, 3956.143, 83, B01, B02, 1
B02, Trade, 3957.000, 221, S01, B02, 1
B02, Trade, 3958.000, 108, B01, B02, 1
B02, Trade, 3960.000, 145, S02, B02, 1
B02, Trade, 4011.857, 461, B02, S02, 1
B02, Trade, 4013.000, 140, B02, S00, 1
B02, Trade, 4014.857, 98, B02, P00, 1
B02, Trade, 4015.000, 119, B01, B02, 1
B02, Trade, 4038.714, 120, B02, S00, 1
B02, Trade, 4038.857, 386, S01, B02, 1
B02, Trade, 4047.143, 136, B02, S01, 1
B02, Trade, 4066.143, 131, B02, S01, 1
B02, Trade, 4066.571, 333, S01, B02, 1
B02, Trade, 4068.429, 96, B01, B02, 1
B02, Trade, 4073.571, 159, B02, P00, 1
B02, Trade, 4074.714, 145, S02, B02, 1
B02, Trade, 4076.000, 210, S01, B02, 1
B02, Trade, 4076.286, 141, B02, P00, 1
B02, Trade, 4076.571, 252, B01, B02, 1
B02, Trade, 4080.286, 221, B02, B01, 1
B02, Trade, 4081.714, 301, B02, S01, 1
B02, Trade, 4110.429, 158, B02, S02, 1
B02, Trade, 4113.000, 81, B02, S02, 1
B02, Trade, 4114.000, 357, B02, S02, 1
B02, Trade, 4134.000, 132, B02, B01, 1
B02, Trade, 4136.429, 103, S01, B02, 1
B02, Trade, 4168.000, 114, S01, B02, 1
B02, Trade, 4179.429, 132, B02, P00, 1
B02, Trade, 4185.000, 154, B02, S00, 1
B02, Trade, 4199.714, 157, B02, B00, 1
B02, Trade, 4200.286, 415, S01, B02, 1
B02, Trade, 4214.429, 136, B02, S00, 1
B02, Trade, 4214.714, 154, S02, B02, 1
B02, Trade, 4214.857, 256, B00, B02, 1
B02, Trade, 4235.714, 357, B02, B00, 1
B02, Trade, 4240.143, 339, B02, S02, 1
B02, Trade, 4241.286, 175, B02, S02, 1
B02, Trade, 4244.143, 347, B02, S02, 1
B02, Trade, 4289.143, 160, B02, S01, 1
B02, Trade, 4320.286, 110, S01, B02, 1
B02, Trade, 4322.000, 111, P00, B02, 1
B02, Trade, 4347.857, 159, B02, S01, 1
B02, Trade, 4369.429, 157, B02, S00, 1
B02, Trade, 4369.857, 204, B02, S00, 1
B02, Trade, 4371.000, 51, B02, P00, 1
B02, Trade, 4373.429, 70, B02, P00, 1
B02, Trade, 4384.429, 118, S01, B02, 1
B02, Trade, 4426.000, 119, S01, B02, 1
B02, Trade, 4473.143, 137, B02, S00, 1
B02, Trade, 4473.714, 195, B02, S00, 1
B02, Trade, 4474.000, 212, S02, B02, 1
B02, Trade, 4475.429, 471, B02, S00, 1
B02, Trade, 4478.429, 413, B02, S02, 1
B02, Trade, 4480.286, 262, B02, P00, 1
B02, Trade, 4514.143, 125, B02, S02, 1
B02, Trade, 4514.571, 256, B01, B02, 1
B02, Trade, 4533.286, 136, B02, B01, 1
B02, Trade, 4534.000, 219, B02, B01, 1
B02, Trade, 4541.714, 164, B02, S02, 1
B02, Trade, 4546.000, 311, B02, S01, 1
B02, Trade, 4546.571, 115, B01, B02, 1
B02, Trade, 4547.857, 78, S01, B02, 1
B02, Trade, 4563.143, 320, B02, S01, 1
B02, Trade, 4622.286, 131, B02, S02, 1
B02, Trade, 4622.571, 157, B00, B02, 1
B02, Trade, 4640.000, 101, S01, B02, 1
B02, Trade, 4655.143, 150, B02, S00, 1
B02, Trade, 4684.143, 125, B02, S00, 1
B02, Trade, 4705.857, 124, S02, B02, 1
B02, Trade, 4722.000, 94, S01, B02, 1
B02, Trade, 4746.000, 320, B02, S02, 1
B02, Trade, 4758.000, 84, S01, B02, 1
B02, Trade, 4758.571, 133, B02, B02, 1
B02, Trade, 4758.571, 133, B02, B02, 1
B02, Trade, 4759.429, 158, S02, B02, 1
B02, Trade, 4804.429, 114, S01, B02, 1
B02, Trade, 4824.571, 80, S00, B02, 1
B02, Trade, 4850.143, 71, B02, B01, 1
B02, Trade, 4850.571, 91, S01, B02, 1
B02, Trade, 4864.714, 66, S00, B02, 1
B02, Trade, 4864.857, 90, B01, B02, 1
B02, Trade, 4866.000, 349, B02, S02, 1
B02, Trade, 4866.714, 97, B02, B01, 1
B02, Trade, 4868.286, 242, B02, B01, 1
B02, Trade, 4868.571, 89, S01, B02, 1
B02, Trade, 4869.143, 186, B02, P00, 1
B02, Trade, 4908.000, 140, B02, S00, 1
B02, Trade, 4908.714, 144, S02, B02, 1
B02, Trade, 4909.286, 329, B00, B02, 1
B02, Trade, 4913.000, 353, B02, B01, 1
B02, Trade, 4936.000, 136, B02, S00, 1
B02, Trade, 4936.714, 205, B02, S00, 1
B02, Trade, 4937.143, 134, B02, S00, 1
B02, Trade, 4956.143, 142, B02, P00, 1
B02, Trade, 4956.857, 325, B02, B02, 1
B02, Trade, 4956.857, 325, B02, B02, 1
S00, 462
S00, Trade, 0.429, 358, B00, S00, 1
S00, Trade, 7.714, 184, S00, S02, 1
S00, Trade, 9.429, 81, B01, S00, 1
S00, Trade, 30.857, 68, S00, B02, 1
S00, Trade, 56.286, 95, B01, S00, 1
S00, Trade, 57.143, 42, B00, S00, 1
S00, Trade, 83.429, 72, B00, S00, 1
S00, Trade, 99.857, 62, B00, S00, 1
S00, Trade, 102.571, 26, S00, B00, 1
S00, Trade, 105.286, 115, B00, S00, 1
S00, Trade, 134.000, 80, B00, S00, 1
S00, Trade, 184.429, 237, B01, S00, 1
S00, Trade, 213.000, 425, B01, S00, 1
S00, Trade, 213.571, 329, S02, S00, 1
S00, Trade, 222.571, 103, S00, B02, 1
S00, Trade, 223.000, 213, S00, S00, 1
S00, Trade, 223.000, 213, S00, S00, 1
S00, Trade, 225.571, 78, S00, B02, 1
S00, Trade, 256.429, 89, B01, S00, 1
S00, Trade, 323.857, 72, S00, B01, 1
S00, Trade, 332.857, 56, S00, B02, 1
S00, Trade, 337.714, 66, B02, S00, 1
S00, Trade, 369.143, 80, B01, S00, 1
S00, Trade, 397.000, 95, S00, S01, 1
S00, Trade, 398.000, 77, S00, P00, 1
S00, Trade, 399.000, 124, B01, S00, 1
S00, Trade, 415.857, 79, S00, P00, 1
S00, Trade, 417.000, 156, B01, S00, 1
S00, Trade, 417.714, 112, B01, S00, 1
S00, Trade, 454.714, 64, B00, S00, 1
S00, Trade, 454.857, 116, S01, S00, 1
S00, Trade, 456.429, 54, B00, S00, 1
S00, Trade, 465.429, 67, S00, B01, 1
S00, Trade, 508.143, 128, B01, S00, 1
S00, Trade, 534.429, 93, B01, S00, 1
S00, Trade, 536.429, 294, B02, S00, 1
S00, Trade, 554.429, 397, S00, B02, 1
S00, Trade, 575.143, 148, B02, S00, 1
S00, Trade, 581.143, 136, S00, S01, 1
S00, Trade, 582.000, 199, B02, S00, 1
S00, Trade, 583.286, 246, S02, S00, 1
S00, Trade, 589.000, 221, S00, S02, 1
S00, Trade, 590.714, 158, S00, S02, 1
S00, Trade, 602.286, 135, S00, S00, 1
S00, Trade, 602.286, 135, S00, S00, 1
S00, Trade, 604.571, 213, S00, S02, 1
S00, Trade, 605.000, 354, S00, B01, 1
S00, Trade, 635.000, 89, B01, S00, 1
S00, Trade, 646.286, 241, S00, S02, 1
S00, Trade, 647.429, 116, S02, S00, 1
S00, Trade, 664.714, 215, S02, S00, 1
S00, Trade, 674.143, 145, S01, S00, 1
S00, Trade, 700.571, 103, B01, S00, 1
S00, Trade, 756.714, 70, B01, S00, 1
S00, Trade, 786.000, 68, S00, B02, 1
S00, Trade, 786.286, 86, S01, S00, 1
S00, Trade, 787.429, 92, S01, S00, 1
S00, Trade, 806.571, 76, S00, B01, 1
S00, Trade, 847.857, 113, B01, S00, 1
S00, Trade, 848.143, 52, S00, S00, 1
S00, Trade, 848.143, 52, S00, S00, 1
S00, Trade, 857.714, 62, B00, S00, 1
S00, Trade, 898.143, 403, S00, S01, 1
S00, Trade, 900.429, 152, B02, S00, 1
S00, Trade, 908.000, 376, S00, S00, 1
S00, Trade, 908.000, 376, S00, S00, 1
S00, Trade, 930.000, 226, S01, S00, 1
S00, Trade, 958.857, 113, B01, S00, 1
S00, Trade, 960.286, 194, S00, P00, 1
S00, Trade, 972.429, 128, B02, S00, 1
S00, Trade, 973.286, 154, S02, S00, 1
S00, Trade, 1028.429, 109, B01, S00, 1
S00, Trade, 1037.286, 77, S00, B02, 1
S00, Trade, 1037.714, 208, S02, S00, 1
S00, Trade, 1037.857, 270, B02, S00, 1
S00, Trade, 1039.571, 58, S00, S02, 1
S00, Trade, 1040.714, 239, S02, S00, 1
S00, Trade, 1060.571, 263, S00, S01, 1
S00, Trade, 1061.571, 269, S00, S02, 1
S00, Trade, 1065.143, 328, S00, S02, 1
S00, Trade, 1066.143, 171, S00, P00, 1
S00, Trade, 1067.286, 252, S00, S02, 1
S00, Trade, 1067.857, 178, P00, S00, 1
S00, Trade, 1068.143, 468, S02, S00, 1
S00, Trade, 1069.000, 398, S02, S00, 1
S00, Trade, 1069.571, 335, S00, S02, 1
S00, Trade, 1070.000, 142, B01, S00, 1
S00, Trade, 1071.143, 224, S00, P00, 1
S00, Trade, 1074.286, 291, S00, P00, 1
S00, Trade, 1105.857, 116, B01, S00, 1
S00, Trade, 1107.143, 118, B01, S00, 1
S00, Trade, 1107.571, 214, S02, S00, 1
S00, Trade, 1108.714, 111, S00, B02, 1
S00, Trade, 1109.286, 437, B01, S00, 1
S00, Trade, 1119.857, 303, S00, S01, 1
S00, Trade, 1121.143, 318, S02, S00, 1
S00, Trade, 1134.429, 386, S00, S01, 1
S00, Trade, 1135.857, 336, S00, S01, 1
S00, Trade, 1150.143, 211, B01, S00, 1
S00, Trade, 1150.429, 143, B02, S00, 1
S00, Trade, 1152.714, 111, S00, S01, 1
S00, Trade, 1158.714, 74, B01, S00, 1
S00, Trade, 1159.571, 115, S02, S00, 1
S00, Trade, 1191.571, 85, B01, S00, 1
S00, Trade, 1240.286, 70, S00, B02, 1
S00, Trade, 1259.714, 121, B02, S00, 1
S00, Trade, 1294.714, 64, S00, B01, 1
S00, Trade, 1295.000, 147, S02, S00, 1
S00, Trade, 1301.714, 233, S00, B02, 1
S00, Trade, 1302.000, 251, B02, S00, 1
S00, Trade, 1318.000, 149, S01, S00, 1
S00, Trade, 1320.000, 305, S02, S00, 1
S00, Trade, 1348.571, 128, B02, S00, 1
S00, Trade, 1375.429, 109, B01, S00, 1
S00, Trade, 1375.714, 119, S01, S00, 1
S00, Trade, 1382.571, 62, S00, S02, 1
S00, Trade, 1396.286, 331, S00, S02, 1
S00, Trade, 1398.143, 163, B02, S00, 1
S00, Trade, 1399.571, 401, B02, S00, 1
S00, Trade, 1422.429, 85, B01, S00, 1
S00, Trade, 1441.143, 265, S00, B01, 1
S00, Trade, 1452.143, 76, S01, S00, 1
S00, Trade, 1461.286, 190, S00, S01, 1
S00, Trade, 1483.000, 129, B02, S00, 1
S00, Trade, 1512.714, 107, S02, S00, 1
S00, Trade, 1530.143, 307, S00, S02, 1
S00, Trade, 1542.143, 318, S00, S01, 1
S00, Trade, 1542.714, 258, S02, S00, 1
S00, Trade, 1543.714, 129, P00, S00, 1
S00, Trade, 1566.286, 127, B02, S00, 1
S00, Trade, 1576.714, 376, S00, S01, 1
S00, Trade, 1577.714, 110, B01, S00, 1
S00, Trade, 1582.714, 339, S00, B01, 1
S00, Trade, 1584.857, 408, B01, S00, 1
S00, Trade, 1585.714, 247, S00, P00, 1
S00, Trade, 1619.143, 83, S00, S00, 1
S00, Trade, 1619.143, 83, S00, S00, 1
S00, Trade, 1620.143, 153, S00, S02, 1
S00, Trade, 1635.286, 266, S00, S01, 1
S00, Trade, 1648.857, 169, S00, S01, 1
S00, Trade, 1652.000, 157, S00, S00, 1
S00, Trade, 1652.000, 157, S00, S00, 1
S00, Trade, 1664.571, 246, S00, S02, 1
S00, Trade, 1665.857, 192, S00, P00, 1
S00, Trade, 1667.857, 381, S00, S02, 1
S00, Trade, 1668.000, 93, B01, S00, 1
S00, Trade, 1689.429, 223, S01, S00, 1
S00, Trade, 1725.714, 406, B01, S00, 1
S00, Trade, 1742.429, 111, B01, S00, 1
S00, Trade, 1743.000, 104, S02, S00, 1
S00, Trade, 1781.857, 158, B02, S00, 1
S00, Trade, 1782.714, 103, B01, S00, 1
S00, Trade, 1782.857, 80, S01, S00, 1
S00, Trade, 1783.143, 260, S02, S00, 1
S00, Trade, 1783.571, 59, S02, S00, 1
S00, Trade, 1784.286, 310, B02, S00, 1
S00, Trade, 1811.429, 109, B01, S00, 1
S00, Trade, 1813.429, 158, S02, S00, 1
S00, Trade, 1814.000, 316, S00, P00, 1
S00, Trade, 1814.286, 422, S01, S00, 1
S00, Trade, 1818.143, 207, S00, S01, 1
S00, Trade, 1832.000, 93, B01, S00, 1
S00, Trade, 1834.000, 224, S00, P00, 1
S00, Trade, 1834.571, 299, S00, P00, 1
S00, Trade, 1878.286, 140, B02, S00, 1
S00, Trade, 1878.429, 67, B00, S00, 1
S00, Trade, 1906.857, 145, B00, S00, 1
S00, Trade, 1937.714, 64, S00, B02, 1
S00, Trade, 1967.000, 283, S02, S00, 1
S00, Trade, 1969.571, 58, S00, P00, 1
S00, Trade, 1980.857, 144, S00, P00, 1
S00, Trade, 2013.571, 96, B01, S00, 1
S00, Trade, 2014.000, 158, S02, S00, 1
S00, Trade, 2017.143, 311, S00, B01, 1
S00, Trade, 2028.143, 354, S00, S02, 1
S00, Trade, 2030.143, 221, S02, S00, 1
S00, Trade, 2039.286, 228, S02, S00, 1
S00, Trade, 2039.571, 190, S00, S02, 1
S00, Trade, 2050.286, 249, S00, S02, 1
S00, Trade, 2087.857, 232, B02, S00, 1
S00, Trade, 2107.286, 163, S00, S01, 1
S00, Trade, 2119.857, 127, B02, S00, 1
S00, Trade, 2148.143, 89, B02, S00, 1
S00, Trade, 2148.857, 203, B02, S00, 1
S00, Trade, 2150.286, 371, S00, S02, 1
S00, Trade, 2161.571, 177, S00, S01, 1
S00, Trade, 2164.286, 178, S00, B02, 1
S00, Trade, 2180.143, 97, B01, S00, 1
S00, Trade, 2182.143, 348, S00, B01, 1
S00, Trade, 2182.286, 142, B02, S00, 1
S00, Trade, 2208.857, 81, B01, S00, 1
S00, Trade, 2212.429, 225, S01, S00, 1
S00, Trade, 2237.143, 187, S00, S02, 1
S00, Trade, 2266.714, 126, S00, S00, 1
S00, Trade, 2266.714, 126, S00, S00, 1
S00, Trade, 2269.000, 128, S00, P00, 1
S00, Trade, 2293.000, 106, B01, S00, 1
S00, Trade, 2293.571, 228, S00, P00, 1
S00, Trade, 2294.429, 205, S00, B01, 1
S00, Trade, 2332.714, 150, B02, S00, 1
S00, Trade, 2334.000, 200, S00, B02, 1
S00, Trade, 2355.429, 104, B01, S00, 1
S00, Trade, 2356.143, 107, S02, S00, 1
S00, Trade, 2360.429, 178, S00, S02, 1
S00, Trade, 2389.714, 91, B01, S00, 1
S00, Trade, 2392.143, 170, S01, S00, 1
S00, Trade, 2397.714, 413, S00, B01, 1
S00, Trade, 2417.429, 467, S02, S00, 1
S00, Trade, 2421.429, 461, S00, S02, 1
S00, Trade, 2427.286, 124, B02, S00, 1
S00, Trade, 2453.429, 225, S00, B02, 1
S00, Trade, 2460.714, 391, S02, S00, 1
S00, Trade, 2462.429, 359, S02, S00, 1
S00, Trade, 2462.857, 347, B02, S00, 1
S00, Trade, 2464.857, 393, S00, B02, 1
S00, Trade, 2494.857, 164, S02, S00, 1
S00, Trade, 2511.429, 391, S00, S01, 1
S00, Trade, 2540.857, 322, S01, S00, 1
S00, Trade, 2556.286, 453, S01, S00, 1
S00, Trade, 2601.286, 233, S02, S00, 1
S00, Trade, 2603.000, 366, S00, P00, 1
S00, Trade, 2604.429, 188, S00, P00, 1
S00, Trade, 2604.857, 363, S00, S01, 1
S00, Trade, 2610.571, 143, S00, S01, 1
S00, Trade, 2630.429, 191, S00, S00, 1
S00, Trade, 2630.429, 191, S00, S00, 1
S00, Trade, 2632.571, 147, B02, S00, 1
S00, Trade, 2653.857, 394, S00, S02, 1
S00, Trade, 2660.857, 119, S01, S00, 1
S00, Trade, 2664.143, 252, S00, P00, 1
S00, Trade, 2664.571, 434, S01, S00, 1
S00, Trade, 2682.571, 151, B02, S00, 1
S00, Trade, 2688.571, 151, S00, S02, 1
S00, Trade, 2691.143, 333, S00, S01, 1
S00, Trade, 2692.429, 181, S00, S02, 1
S00, Trade, 2693.286, 172, S00, P00, 1
S00, Trade, 2718.571, 160, B02, S00, 1
S00, Trade, 2734.143, 89, B01, S00, 1
S00, Trade, 2736.000, 99, B01, S00, 1
S00, Trade, 2788.571, 96, B01, S00, 1
S00, Trade, 2789.143, 99, S01, S00, 1
S00, Trade, 2790.143, 213, B02, S00, 1
S00, Trade, 2793.286, 278, B02, S00, 1
S00, Trade, 2796.429, 349, S00, P00, 1
S00, Trade, 2811.714, 382, B01, S00, 1
S00, Trade, 2812.714, 141, B02, S00, 1
S00, Trade, 2841.714, 68, S02, S00, 1
S00, Trade, 2844.143, 425, S00, B02, 1
S00, Trade, 2846.714, 193, S00, S02, 1
S00, Trade, 2865.286, 266, S02, S00, 1
S00, Trade, 2867.286, 133, B02, S00, 1
S00, Trade, 2867.571, 82, B01, S00, 1
S00, Trade, 2880.429, 121, S00, B02, 1
S00, Trade, 2880.571, 262, B01, S00, 1
S00, Trade, 2889.143, 189, S02, S00, 1
S00, Trade, 2890.286, 270, S02, S00, 1
S00, Trade, 2891.429, 253, S02, S00, 1
S00, Trade, 2891.714, 313, B01, S00, 1
S00, Trade, 2892.714, 271, P00, S00, 1
S00, Trade, 2894.429, 399, S00, S01, 1
S00, Trade, 2919.000, 242, S00, S02, 1
S00, Trade, 2933.714, 73, S00, B01, 1
S00, Trade, 2934.429, 51, S00, B01, 1
S00, Trade, 2957.429, 129, B02, S00, 1
S00, Trade, 2958.000, 139, B01, S00, 1
S00, Trade, 2958.857, 193, S00, B01, 1
S00, Trade, 2993.286, 80, S00, B01, 1
S00, Trade, 2997.571, 130, B02, S00, 1
S00, Trade, 3000.429, 85, B02, S00, 1
S00, Trade, 3001.000, 86, B02, S00, 1
S00, Trade, 3039.857, 74, S00, B00, 1
S00, Trade, 3075.000, 156, B02, S00, 1
S00, Trade, 3076.000, 108, B01, S00, 1
S00, Trade, 3113.429, 114, S02, S00, 1
S00, Trade, 3132.857, 51, S00, B00, 1
S00, Trade, 3133.286, 55, S00, B00, 1
S00, Trade, 3136.571, 49, B00, S00, 1
S00, Trade, 3137.000, 375, S00, P00, 1
S00, Trade, 3138.429, 156, S00, B01, 1
S00, Trade, 3143.429, 277, S00, S01, 1
S00, Trade, 3145.714, 254, S00, P00, 1
S00, Trade, 3146.714, 132, B02, S00, 1
S00, Trade, 3147.000, 99, B01, S00, 1
S00, Trade, 3147.429, 454, B02, S00, 1
S00, Trade, 3173.571, 220, S01, S00, 1
S00, Trade, 3188.714, 195, B02, S00, 1
S00, Trade, 3204.571, 117, S00, S00, 1
S00, Trade, 3204.571, 117, S00, S00, 1
S00, Trade, 3247.143, 235, S02, S00, 1
S00, Trade, 3252.000, 281, S00, P00, 1
S00, Trade, 3285.429, 186, S00, S01, 1
S00, Trade, 3286.571, 158, B02, S00, 1
S00, Trade, 3287.000, 191, S02, S00, 1
S00, Trade, 3288.286, 128, S02, S00, 1
S00, Trade, 3290.714, 212, S01, S00, 1
S00, Trade, 3292.143, 110, S00, S01, 1
S00, Trade, 3293.000, 208, S00, S01, 1
S00, Trade, 3293.429, 100, S00, S01, 1
S00, Trade, 3294.000, 89, B01, S00, 1
S00, Trade, 3298.000, 361, S00, B01, 1
S00, Trade, 3298.429, 50, B00, S00, 1
S00, Trade, 3299.429, 169, B00, S00, 1
S00, Trade, 3308.857, 325, B01, S00, 1
S00, Trade, 3356.857, 359, S02, S00, 1
S00, Trade, 3366.857, 436, S00, B00, 1
S00, Trade, 3379.571, 111, B01, S00, 1
S00, Trade, 3380.571, 120, B00, S00, 1
S00, Trade, 3382.571, 135, B00, S00, 1
S00, Trade, 3391.143, 96, B01, S00, 1
S00, Trade, 3439.286, 81, B01, S00, 1
S00, Trade, 3439.571, 125, S02, S00, 1
S00, Trade, 3440.286, 180, S01, S00, 1
S00, Trade, 3444.429, 142, S00, B02, 1
S00, Trade, 3445.286, 67, B00, S00, 1
S00, Trade, 3445.714, 9, S00, S01, 1
S00, Trade, 3446.000, 169, B00, S00, 1
S00, Trade, 3475.571, 77, B01, S00, 1
S00, Trade, 3477.429, 67, B00, S00, 1
S00, Trade, 3481.143, 59, S02, S00, 1
S00, Trade, 3520.714, 225, B02, S00, 1
S00, Trade, 3521.000, 365, S00, B02, 1
S00, Trade, 3534.714, 322, S00, S01, 1
S00, Trade, 3539.857, 132, S00, P00, 1
S00, Trade, 3540.857, 393, S01, S00, 1
S00, Trade, 3548.429, 278, S00, S01, 1
S00, Trade, 3565.714, 272, S01, S00, 1
S00, Trade, 3565.857, 153, B02, S00, 1
S00, Trade, 3575.286, 338, S00, B01, 1
S00, Trade, 3586.714, 271, S00, S00, 1
S00, Trade, 3586.714, 271, S00, S00, 1
S00, Trade, 3588.429, 189, S00, P00, 1
S00, Trade, 3607.286, 117, B01, S00, 1
S00, Trade, 3650.714, 158, B02, S00, 1
S00, Trade, 3655.429, 150, S00, S01, 1
S00, Trade, 3672.286, 377, S00, S02, 1
S00, Trade, 3675.857, 114, B01, S00, 1
S00, Trade, 3677.000, 382, S02, S00, 1
S00, Trade, 3679.000, 345, B01, S00, 1
S00, Trade, 3682.286, 109, B01, S00, 1
S00, Trade, 3683.714, 195, S00, B01, 1
S00, Trade, 3690.000, 108, S00, S02, 1
S00, Trade, 3692.000, 98, B01, S00, 1
S00, Trade, 3706.714, 292, B02, S00, 1
S00, Trade, 3707.429, 334, S00, B02, 1
S00, Trade, 3734.857, 103, B01, S00, 1
S00, Trade, 3743.000, 157, S00, B01, 1
S00, Trade, 3743.571, 334, S00, P00, 1
S00, Trade, 3766.143, 290, S02, S00, 1
S00, Trade, 3768.143, 252, S01, S00, 1
S00, Trade, 3779.429, 114, B01, S00, 1
S00, Trade, 3816.429, 83, B01, S00, 1
S00, Trade, 3817.286, 152, S02, S00, 1
S00, Trade, 3836.714, 130, B02, S00, 1
S00, Trade, 3867.857, 230, B02, S00, 1
S00, Trade, 3868.429, 421, B02, S00, 1
S00, Trade, 3891.429, 184, S00, S02, 1
S00, Trade, 3924.000, 135, B02, S00, 1
S00, Trade, 3924.857, 488, B02, S00, 1
S00, Trade, 3926.571, 159, S00, B02, 1
S00, Trade, 3927.143, 129, S01, S00, 1
S00, Trade, 3948.000, 154, S01, S00, 1
S00, Trade, 3958.571, 332, S00, S02, 1
S00, Trade, 3961.286, 236, S02, S00, 1
S00, Trade, 3962.571, 268, S00, S02, 1
S00, Trade, 3986.857, 243, S00, S02, 1
S00, Trade, 3987.000, 228, S01, S00, 1
S00, Trade, 4010.714, 228, S02, S00, 1
S00, Trade, 4013.000, 140, B02, S00, 1
S00, Trade, 4038.714, 120, B02, S00, 1
S00, Trade, 4065.857, 257, S00, S01, 1
S00, Trade, 4068.571, 126, S00, P00, 1
S00, Trade, 4078.143, 33, S00, B01, 1
S00, Trade, 4078.286, 64, S00, S01, 1
S00, Trade, 4079.571, 177, S01, S00, 1
S00, Trade, 4080.429, 165, B00, S00, 1
S00, Trade, 4133.286, 64, B01, S00, 1
S00, Trade, 4135.286, 294, S00, P00, 1
S00, Trade, 4168.143, 108, S02, S00, 1
S00, Trade, 4183.857, 80, B01, S00, 1
S00, Trade, 4185.000, 154, B02, S00, 1
S00, Trade, 4199.857, 201, S00, B00, 1
S00, Trade, 4202.143, 375, B00, S00, 1
S00, Trade, 4214.429, 136, B02, S00, 1
S00, Trade, 4216.000, 313, S00, B00, 1
S00, Trade, 4217.714, 82, B00, S00, 1
S00, Trade, 4229.571, 85, S00, B01, 1
S00, Trade, 4231.286, 89, S01, S00, 1
S00, Trade, 4231.857, 286, S00, S01, 1
S00, Trade, 4232.143, 86, S01, S00, 1
S00, Trade, 4232.857, 351, B01, S00, 1
S00, Trade, 4236.143, 281, S02, S00, 1
S00, Trade, 4236.286, 386, B01, S00, 1
S00, Trade, 4240.429, 115, S00, S02, 1
S00, Trade, 4240.857, 121, S00, S02, 1
S00, Trade, 4243.000, 265, S00, B00, 1
S00, Trade, 4249.429, 334, S00, S02, 1
S00, Trade, 4249.857, 160, B00, S00, 1
S00, Trade, 4250.429, 295, S00, B00, 1
S00, Trade, 4263.571, 362, S02, S00, 1
S00, Trade, 4263.857, 208, B00, S00, 1
S00, Trade, 4306.429, 110, B01, S00, 1
S00, Trade, 4308.714, 207, B01, S00, 1
S00, Trade, 4327.714, 77, S01, S00, 1
S00, Trade, 4369.429, 157, B02, S00, 1
S00, Trade, 4369.857, 204, B02, S00, 1
S00, Trade, 4412.429, 66, S00, P00, 1
S00, Trade, 4440.714, 158, S02, S00, 1
S00, Trade, 4442.429, 278, S00, S02, 1
S00, Trade, 4473.143, 137, B02, S00, 1
S00, Trade, 4473.571, 107, S02, S00, 1
S00, Trade, 4473.714, 195, B02, S00, 1
S00, Trade, 4475.429, 471, B02, S00, 1
S00, Trade, 4475.714, 418, S02, S00, 1
S00, Trade, 4491.714, 162, S02, S00, 1
S00, Trade, 4531.429, 145, S02, S00, 1
S00, Trade, 4531.857, 159, B01, S00, 1
S00, Trade, 4536.143, 304, S00, B01, 1
S00, Trade, 4544.429, 131, S01, S00, 1
S00, Trade, 4549.000, 364, S00, S01, 1
S00, Trade, 4580.571, 270, S01, S00, 1
S00, Trade, 4601.429, 186, S00, S01, 1
S00, Trade, 4605.286, 179, S00, P00, 1
S00, Trade, 4608.000, 253, S00, P00, 1
S00, Trade, 4608.286, 135, S01, S00, 1
S00, Trade, 4609.143, 397, S02, S00, 1
S00, Trade, 4611.000, 197, S02, S00, 1
S00, Trade, 4655.000, 106, B01, S00, 1
S00, Trade, 4655.143, 150, B02, S00, 1
S00, Trade, 4671.571, 188, S00, S02, 1
S00, Trade, 4671.857, 254, S01, S00, 1
S00, Trade, 4673.143, 291, B01, S00, 1
S00, Trade, 4684.143, 125, B02, S00, 1
S00, Trade, 4687.857, 111, S01, S00, 1
S00, Trade, 4688.286, 178, S02, S00, 1
S00, Trade, 4689.286, 126, S02, S00, 1
S00, Trade, 4712.286, 112, S02, S00, 1
S00, Trade, 4745.286, 104, B01, S00, 1
S00, Trade, 4745.571, 145, S02, S00, 1
S00, Trade, 4748.714, 120, S02, S00, 1
S00, Trade, 4759.571, 267, S00, S01, 1
S00, Trade, 4776.429, 97, B01, S00, 1
S00, Trade, 4776.571, 225, S01, S00, 1
S00, Trade, 4778.000, 81, S02, S00, 1
S00, Trade, 4780.000, 107, B01, S00, 1
S00, Trade, 4799.857, 105, S00, B01, 1
S00, Trade, 4800.714, 50, B00, S00, 1
S00, Trade, 4824.571, 80, S00, B02, 1
S00, Trade, 4836.857, 67, S00, B01, 1
S00, Trade, 4864.714, 66, S00, B02, 1
S00, Trade, 4866.286, 389, S00, B01, 1
S00, Trade, 4867.286, 391, S00, P00, 1
S00, Trade, 4870.571, 55, B00, S00, 1
S00, Trade, 4871.000, 344, S00, B00, 1
S00, Trade, 4908.000, 140, B02, S00, 1
S00, Trade, 4909.143, 288, S00, S01, 1
S00, Trade, 4910.571, 118, B01, S00, 1
S00, Trade, 4936.000, 136, B02, S00, 1
S00, Trade, 4936.714, 205, B02, S00, 1
S00, Trade, 4937.143, 134, B02, S00, 1
S00, Trade, 4938.143, 315, S00, P00, 1
S00, Trade, 4988.571, 341, S01, S00, 1
S00, Trade, 4993.000, 274, B01, S00, 1
S01, 407
S01, Trade, 1.429, 491, B01, S01, 1
S01, Trade, 91.857, 106, S01, B02, 1
S01, Trade, 120.857, 95, B01, S01, 1
S01, Trade, 152.571, 98, S01, B01, 1
S01, Trade, 152.857, 225, B02, S01, 1
S01, Trade, 153.857, 340, B01, S01, 1
S01, Trade, 154.286, 66, B00, S01, 1
S01, Trade, 177.857, 83, S01, B01, 1
S01, Trade, 178.857, 255, S01, S02, 1
S01, Trade, 185.143, 328, S01, B01, 1
S01, Trade, 201.143, 122, B02, S01, 1
S01, Trade, 242.000, 147, B02, S01, 1
S01, Trade, 246.143, 181, B02, S01, 1
S01, Trade, 280.143, 136, B02, S01, 1
S01, Trade, 280.286, 257, B02, S01, 1
S01, Trade, 290.857, 124, S01, B00, 1
S01, Trade, 333.143, 96, S01, B02, 1
S01, Trade, 364.429, 126, B02, S01, 1
S01, Trade, 364.571, 156, S02, S01, 1
S01, Trade, 370.286, 106, S01, B02, 1
S01, Trade, 393.857, 134, S01, S02, 1
S01, Trade, 394.857, 155, B02, S01, 1
S01, Trade, 395.571, 126, S02, S01, 1
S01, Trade, 396.143, 122, S01, B02, 1
S01, Trade, 396.286, 166, B01, S01, 1
S01, Trade, 396.571, 204, B00, S01, 1
S01, Trade, 397.000, 95, S00, S01, 1
S01, Trade, 423.000, 99, B01, S01, 1
S01, Trade, 426.143, 291, B01, S01, 1
S01, Trade, 454.857, 116, S01, S00, 1
S01, Trade, 485.000, 86, S01, B02, 1
S01, Trade, 513.857, 125, B02, S01, 1
S01, Trade, 514.143, 147, S02, S01, 1
S01, Trade, 515.000, 188, S01, S02, 1
S01, Trade, 532.286, 104, S01, P00, 1
S01, Trade, 536.143, 115, S01, B01, 1
S01, Trade, 536.286, 217, S02, S01, 1
S01, Trade, 537.000, 21, B02, S01, 1
S01, Trade, 539.143, 379, S01, B02, 1
S01, Trade, 544.143, 215, S01, S02, 1
S01, Trade, 546.000, 340, B00, S01, 1
S01, Trade, 562.571, 145, P00, S01, 1
S01, Trade, 581.143, 136, S00, S01, 1
S01, Trade, 589.714, 174, S01, S02, 1
S01, Trade, 609.714, 154, B01, S01, 1
S01, Trade, 657.571, 176, S02, S01, 1
S01, Trade, 674.143, 145, S01, S00, 1
S01, Trade, 696.429, 140, B02, S01, 1
S01, Trade, 724.857, 118, S01, P00, 1
S01, Trade, 729.000, 114, B01, S01, 1
S01, Trade, 729.571, 199, B02, S01, 1
S01, Trade, 729.857, 222, S02, S01, 1
S01, Trade, 773.286, 90, S01, B01, 1
S01, Trade, 773.857, 297, B02, S01, 1
S01, Trade, 786.286, 86, S01, S00, 1
S01, Trade, 787.429, 92, S01, S00, 1
S01, Trade, 816.571, 103, S01, B02, 1
S01, Trade, 847.286, 119, S01, B02, 1
S01, Trade, 865.857, 203, S01, B00, 1
S01, Trade, 877.000, 298, B00, S01, 1
S01, Trade, 897.857, 314, S01, S01, 1
S01, Trade, 897.857, 314, S01, S01, 1
S01, Trade, 898.143, 403, S00, S01, 1
S01, Trade, 914.857, 120, B01, S01, 1
S01, Trade, 930.000, 226, S01, S00, 1
S01, Trade, 941.571, 184, S02, S01, 1
S01, Trade, 974.143, 83, S01, S02, 1
S01, Trade, 999.286, 133, S01, S02, 1
S01, Trade, 1028.286, 122, B02, S01, 1
S01, Trade, 1059.714, 80, S01, B01, 1
S01, Trade, 1060.143, 159, S02, S01, 1
S01, Trade, 1060.571, 263, S00, S01, 1
S01, Trade, 1089.714, 126, B02, S01, 1
S01, Trade, 1119.857, 303, S00, S01, 1
S01, Trade, 1120.000, 377, S02, S01, 1
S01, Trade, 1134.429, 386, S00, S01, 1
S01, Trade, 1135.571, 288, S02, S01, 1
S01, Trade, 1135.857, 336, S00, S01, 1
S01, Trade, 1149.857, 365, S01, S02, 1
S01, Trade, 1152.714, 111, S00, S01, 1
S01, Trade, 1152.857, 83, S02, S01, 1
S01, Trade, 1197.000, 100, S01, B02, 1
S01, Trade, 1221.429, 86, S01, B01, 1
S01, Trade, 1240.571, 115, S01, B02, 1
S01, Trade, 1242.143, 130, S02, S01, 1
S01, Trade, 1242.714, 255, S02, S01, 1
S01, Trade, 1270.857, 88, B01, S01, 1
S01, Trade, 1301.429, 134, B02, S01, 1
S01, Trade, 1315.429, 263, B00, S01, 1
S01, Trade, 1317.286, 203, B00, S01, 1
S01, Trade, 1318.000, 149, S01, S00, 1
S01, Trade, 1375.714, 119, S01, S00, 1
S01, Trade, 1376.000, 147, S02, S01, 1
S01, Trade, 1392.143, 112, B01, S01, 1
S01, Trade, 1394.714, 199, S02, S01, 1
S01, Trade, 1423.143, 99, S01, B01, 1
S01, Trade, 1425.714, 162, S01, B02, 1
S01, Trade, 1441.000, 106, S01, B01, 1
S01, Trade, 1452.143, 76, S01, S00, 1
S01, Trade, 1459.857, 195, S02, S01, 1
S01, Trade, 1461.286, 190, S00, S01, 1
S01, Trade, 1506.571, 116, S01, B02, 1
S01, Trade, 1507.857, 189, S01, P00, 1
S01, Trade, 1508.571, 210, S01, B02, 1
S01, Trade, 1512.571, 128, S02, S01, 1
S01, Trade, 1542.143, 318, S00, S01, 1
S01, Trade, 1574.857, 125, B02, S01, 1
S01, Trade, 1576.714, 376, S00, S01, 1
S01, Trade, 1604.429, 256, B02, S01, 1
S01, Trade, 1605.286, 91, B01, S01, 1
S01, Trade, 1605.714, 357, B02, S01, 1
S01, Trade, 1615.714, 227, S01, S02, 1
S01, Trade, 1635.286, 266, S00, S01, 1
S01, Trade, 1647.571, 351, S01, S01, 1
S01, Trade, 1647.571, 351, S01, S01, 1
S01, Trade, 1648.857, 169, S00, S01, 1
S01, Trade, 1665.714, 142, B02, S01, 1
S01, Trade, 1669.286, 167, S02, S01, 1
S01, Trade, 1670.143, 199, P00, S01, 1
S01, Trade, 1689.429, 223, S01, S00, 1
S01, Trade, 1717.000, 110, B01, S01, 1
S01, Trade, 1755.571, 130, B02, S01, 1
S01, Trade, 1776.000, 289, S01, S02, 1
S01, Trade, 1778.143, 192, S01, P00, 1
S01, Trade, 1782.857, 80, S01, S00, 1
S01, Trade, 1784.143, 308, S01, P00, 1
S01, Trade, 1786.143, 118, S01, P00, 1
S01, Trade, 1814.286, 422, S01, S00, 1
S01, Trade, 1815.714, 224, S01, S01, 1
S01, Trade, 1815.714, 224, S01, S01, 1
S01, Trade, 1818.143, 207, S00, S01, 1
S01, Trade, 1855.857, 100, B01, S01, 1
S01, Trade, 1858.286, 139, S01, B01, 1
S01, Trade, 1889.857, 95, B00, S01, 1
S01, Trade, 1892.286, 58, S01, B01, 1
S01, Trade, 1898.571, 136, S01, S02, 1
S01, Trade, 1899.714, 156, S01, B00, 1
S01, Trade, 1938.714, 107, S01, B01, 1
S01, Trade, 1940.143, 59, S01, B02, 1
S01, Trade, 1958.571, 105, S02, S01, 1
S01, Trade, 1960.571, 178, S01, S02, 1
S01, Trade, 1998.429, 86, S01, B02, 1
S01, Trade, 2040.000, 425, S01, S02, 1
S01, Trade, 2057.857, 178, S02, S01, 1
S01, Trade, 2071.429, 467, B02, S01, 1
S01, Trade, 2071.857, 146, B02, S01, 1
S01, Trade, 2105.143, 204, S01, S02, 1
S01, Trade, 2106.286, 272, S01, P00, 1
S01, Trade, 2107.286, 163, S00, S01, 1
S01, Trade, 2147.571, 103, B01, S01, 1
S01, Trade, 2161.571, 177, S00, S01, 1
S01, Trade, 2181.714, 352, S01, B01, 1
S01, Trade, 2209.857, 116, S01, B02, 1
S01, Trade, 2212.429, 225, S01, S00, 1
S01, Trade, 2238.429, 220, S01, S02, 1
S01, Trade, 2239.000, 128, B02, S01, 1
S01, Trade, 2264.714, 307, S01, S02, 1
S01, Trade, 2268.857, 124, B02, S01, 1
S01, Trade, 2286.286, 117, S02, S01, 1
S01, Trade, 2294.143, 72, S01, B01, 1
S01, Trade, 2299.286, 129, B02, S01, 1
S01, Trade, 2300.429, 156, S02, S01, 1
S01, Trade, 2361.286, 113, S01, P00, 1
S01, Trade, 2389.857, 102, S01, B02, 1
S01, Trade, 2392.143, 170, S01, S00, 1
S01, Trade, 2396.429, 286, S01, B00, 1
S01, Trade, 2415.429, 308, S02, S01, 1
S01, Trade, 2421.571, 261, S01, S02, 1
S01, Trade, 2422.571, 158, P00, S01, 1
S01, Trade, 2430.429, 106, S01, B02, 1
S01, Trade, 2472.714, 118, B01, S01, 1
S01, Trade, 2480.286, 155, S01, S02, 1
S01, Trade, 2489.857, 244, S01, S02, 1
S01, Trade, 2493.000, 272, S02, S01, 1
S01, Trade, 2510.286, 120, B02, S01, 1
S01, Trade, 2511.286, 358, B02, S01, 1
S01, Trade, 2511.429, 391, S00, S01, 1
S01, Trade, 2512.571, 197, B02, S01, 1
S01, Trade, 2526.714, 187, B02, S01, 1
S01, Trade, 2540.857, 322, S01, S00, 1
S01, Trade, 2554.143, 469, S01, S02, 1
S01, Trade, 2556.286, 453, S01, S00, 1
S01, Trade, 2561.857, 498, S02, S01, 1
S01, Trade, 2564.571, 337, S01, P00, 1
S01, Trade, 2568.143, 287, S01, P00, 1
S01, Trade, 2570.571, 146, B02, S01, 1
S01, Trade, 2572.143, 456, S01, P00, 1
S01, Trade, 2582.429, 171, B02, S01, 1
S01, Trade, 2592.286, 488, S01, S02, 1
S01, Trade, 2604.857, 363, S00, S01, 1
S01, Trade, 2610.143, 215, S01, P00, 1
S01, Trade, 2610.571, 143, S00, S01, 1
S01, Trade, 2655.429, 352, B02, S01, 1
S01, Trade, 2660.857, 119, S01, S00, 1
S01, Trade, 2661.286, 227, S02, S01, 1
S01, Trade, 2661.429, 229, S01, S02, 1
S01, Trade, 2661.714, 200, S02, S01, 1
S01, Trade, 2664.571, 434, S01, S00, 1
S01, Trade, 2691.143, 333, S00, S01, 1
S01, Trade, 2691.286, 130, B02, S01, 1
S01, Trade, 2727.000, 118, S01, B02, 1
S01, Trade, 2756.143, 119, S01, B02, 1
S01, Trade, 2760.000, 107, S01, P00, 1
S01, Trade, 2789.143, 99, S01, S00, 1
S01, Trade, 2831.286, 110, B01, S01, 1
S01, Trade, 2872.714, 178, P00, S01, 1
S01, Trade, 2880.143, 134, S01, B02, 1
S01, Trade, 2882.571, 81, S02, S01, 1
S01, Trade, 2884.429, 388, B02, S01, 1
S01, Trade, 2885.000, 404, B01, S01, 1
S01, Trade, 2889.286, 301, S01, S02, 1
S01, Trade, 2894.286, 124, S01, B02, 1
S01, Trade, 2894.429, 399, S00, S01, 1
S01, Trade, 2904.286, 126, S01, S01, 1
S01, Trade, 2904.286, 126, S01, S01, 1
S01, Trade, 2917.857, 185, S01, S02, 1
S01, Trade, 2919.571, 290, S01, B01, 1
S01, Trade, 2921.286, 141, B02, S01, 1
S01, Trade, 2921.571, 68, B00, S01, 1
S01, Trade, 2945.000, 75, S01, B01, 1
S01, Trade, 2945.429, 205, B01, S01, 1
S01, Trade, 2979.571, 92, S01, B02, 1
S01, Trade, 2980.143, 210, B01, S01, 1
S01, Trade, 3040.714, 119, S01, B00, 1
S01, Trade, 3042.286, 177, S01, S02, 1
S01, Trade, 3054.000, 167, S01, S01, 1
S01, Trade, 3054.000, 167, S01, S01, 1
S01, Trade, 3096.714, 116, S01, B02, 1
S01, Trade, 3096.857, 140, S02, S01, 1
S01, Trade, 3143.429, 277, S00, S01, 1
S01, Trade, 3144.714, 157, P00, S01, 1
S01, Trade, 3156.857, 110, S01, S02, 1
S01, Trade, 3157.429, 91, S01, S02, 1
S01, Trade, 3159.143, 206, S01, P00, 1
S01, Trade, 3173.571, 220, S01, S00, 1
S01, Trade, 3174.143, 128, B02, S01, 1
S01, Trade, 3175.143, 211, B02, S01, 1
S01, Trade, 3189.714, 414, S01, B02, 1
S01, Trade, 3205.000, 104, S01, S02, 1
S01, Trade, 3234.286, 130, S02, S01, 1
S01, Trade, 3235.143, 350, B02, S01, 1
S01, Trade, 3236.571, 367, S02, S01, 1
S01, Trade, 3249.571, 100, S01, S02, 1
S01, Trade, 3263.857, 242, S02, S01, 1
S01, Trade, 3285.429, 186, S00, S01, 1
S01, Trade, 3290.714, 212, S01, S00, 1
S01, Trade, 3292.143, 110, S00, S01, 1
S01, Trade, 3293.000, 208, S00, S01, 1
S01, Trade, 3293.429, 100, S00, S01, 1
S01, Trade, 3295.571, 181, S01, B01, 1
S01, Trade, 3325.857, 144, B02, S01, 1
S01, Trade, 3329.571, 293, S02, S01, 1
S01, Trade, 3353.286, 145, S01, S02, 1
S01, Trade, 3363.000, 315, S01, S02, 1
S01, Trade, 3365.000, 368, B00, S01, 1
S01, Trade, 3413.000, 109, S01, B02, 1
S01, Trade, 3440.286, 180, S01, S00, 1
S01, Trade, 3445.143, 140, S01, B00, 1
S01, Trade, 3445.714, 9, S00, S01, 1
S01, Trade, 3448.286, 94, B01, S01, 1
S01, Trade, 3449.000, 281, B02, S01, 1
S01, Trade, 3474.429, 82, S01, B02, 1
S01, Trade, 3474.857, 333, B02, S01, 1
S01, Trade, 3475.000, 336, B01, S01, 1
S01, Trade, 3476.143, 146, S01, B01, 1
S01, Trade, 3505.571, 98, B01, S01, 1
S01, Trade, 3534.714, 322, S00, S01, 1
S01, Trade, 3540.857, 393, S01, S00, 1
S01, Trade, 3547.000, 94, B01, S01, 1
S01, Trade, 3548.429, 278, S00, S01, 1
S01, Trade, 3548.857, 50, S01, B01, 1
S01, Trade, 3549.429, 320, S02, S01, 1
S01, Trade, 3552.286, 365, S01, P00, 1
S01, Trade, 3565.714, 272, S01, S00, 1
S01, Trade, 3567.429, 383, B02, S01, 1
S01, Trade, 3567.571, 112, B01, S01, 1
S01, Trade, 3576.429, 282, S01, S01, 1
S01, Trade, 3576.429, 282, S01, S01, 1
S01, Trade, 3620.429, 102, S01, P00, 1
S01, Trade, 3655.429, 150, S00, S01, 1
S01, Trade, 3666.000, 123, S02, S01, 1
S01, Trade, 3716.000, 120, B02, S01, 1
S01, Trade, 3716.429, 80, B00, S01, 1
S01, Trade, 3746.000, 139, B00, S01, 1
S01, Trade, 3746.857, 257, B00, S01, 1
S01, Trade, 3768.143, 252, S01, S00, 1
S01, Trade, 3771.143, 199, S02, S01, 1
S01, Trade, 3776.857, 145, B02, S01, 1
S01, Trade, 3822.571, 257, S01, B02, 1
S01, Trade, 3837.286, 224, B02, S01, 1
S01, Trade, 3866.429, 157, B02, S01, 1
S01, Trade, 3895.143, 244, S01, B02, 1
S01, Trade, 3896.857, 111, S02, S01, 1
S01, Trade, 3923.857, 389, S02, S01, 1
S01, Trade, 3926.286, 143, S01, P00, 1
S01, Trade, 3927.143, 129, S01, S00, 1
S01, Trade, 3927.714, 107, B01, S01, 1
S01, Trade, 3928.143, 123, S02, S01, 1
S01, Trade, 3948.000, 154, S01, S00, 1
S01, Trade, 3949.286, 124, B02, S01, 1
S01, Trade, 3949.571, 89, S01, B02, 1
S01, Trade, 3950.429, 97, S01, B02, 1
S01, Trade, 3951.714, 239, B01, S01, 1
S01, Trade, 3953.000, 202, S01, B02, 1
S01, Trade, 3957.000, 221, S01, B02, 1
S01, Trade, 3957.143, 52, S02, S01, 1
S01, Trade, 3958.286, 117, S01, P00, 1
S01, Trade, 3962.857, 106, B01, S01, 1
S01, Trade, 3965.429, 420, S01, S01, 1
S01, Trade, 3965.429, 420, S01, S01, 1
S01, Trade, 3987.000, 228, S01, S00, 1
S01, Trade, 4018.286, 94, S01, S02, 1
S01, Trade, 4019.000, 95, S01, S01, 1
S01, Trade, 4019.000, 95, S01, S01, 1
S01, Trade, 4020.429, 308, S01, P00, 1
S01, Trade, 4038.857, 386, S01, B02, 1
S01, Trade, 4047.143, 136, B02, S01, 1
S01, Trade, 4047.571, 104, B01, S01, 1
S01, Trade, 4047.857, 194, B01, S01, 1
S01, Trade, 4065.286, 111, S01, S01, 1
S01, Trade, 4065.286, 111, S01, S01, 1
S01, Trade, 4065.857, 257, S00, S01, 1
S01, Trade, 4066.143, 131, B02, S01, 1
S01, Trade, 4066.571, 333, S01, B02, 1
S01, Trade, 4076.000, 210, S01, B02, 1
S01, Trade, 4077.571, 46, B00, S01, 1
S01, Trade, 4078.286, 64, S00, S01, 1
S01, Trade, 4079.571, 177, S01, S00, 1
S01, Trade, 4081.000, 343, S01, B01, 1
S01, Trade, 4081.714, 301, B02, S01, 1
S01, Trade, 4106.571, 349, S01, S01, 1
S01, Trade, 4106.571, 349, S01, S01, 1
S01, Trade, 4107.714, 84, B01, S01, 1
S01, Trade, 4110.571, 265, B01, S01, 1
S01, Trade, 4136.429, 103, S01, B02, 1
S01, Trade, 4138.429, 220, S01, S02, 1
S01, Trade, 4168.000, 114, S01, B02, 1
S01, Trade, 4168.571, 136, S02, S01, 1
S01, Trade, 4198.571, 105, B01, S01, 1
S01, Trade, 4198.857, 55, B00, S01, 1
S01, Trade, 4199.000, 156, S02, S01, 1
S01, Trade, 4200.286, 415, S01, B02, 1
S01, Trade, 4231.286, 89, S01, S00, 1
S01, Trade, 4231.429, 99, B00, S01, 1
S01, Trade, 4231.571, 132, S02, S01, 1
S01, Trade, 4231.857, 286, S00, S01, 1
S01, Trade, 4232.143, 86, S01, S00, 1
S01, Trade, 4232.571, 211, S01, B01, 1
S01, Trade, 4259.714, 445, S02, S01, 1
S01, Trade, 4260.857, 333, S01, B00, 1
S01, Trade, 4262.714, 331, S01, S02, 1
S01, Trade, 4289.143, 160, B02, S01, 1
S01, Trade, 4320.286, 110, S01, B02, 1
S01, Trade, 4327.714, 77, S01, S00, 1
S01, Trade, 4335.857, 82, S01, B01, 1
S01, Trade, 4347.857, 159, B02, S01, 1
S01, Trade, 4349.857, 199, S01, S02, 1
S01, Trade, 4377.143, 91, S01, P00, 1
S01, Trade, 4384.429, 118, S01, B02, 1
S01, Trade, 4426.000, 119, S01, B02, 1
S01, Trade, 4427.857, 147, S02, S01, 1
S01, Trade, 4441.143, 99, B01, S01, 1
S01, Trade, 4460.571, 257, S01, S02, 1
S01, Trade, 4472.143, 284, S01, S02, 1
S01, Trade, 4501.429, 111, B01, S01, 1
S01, Trade, 4529.857, 141, S02, S01, 1
S01, Trade, 4544.429, 131, S01, S00, 1
S01, Trade, 4545.000, 180, S01, P00, 1
S01, Trade, 4546.000, 311, B02, S01, 1
S01, Trade, 4547.857, 78, S01, B02, 1
S01, Trade, 4548.143, 187, P00, S01, 1
S01, Trade, 4549.000, 364, S00, S01, 1
S01, Trade, 4563.143, 320, B02, S01, 1
S01, Trade, 4568.000, 287, S01, S01, 1
S01, Trade, 4568.000, 287, S01, S01, 1
S01, Trade, 4580.571, 270, S01, S00, 1
S01, Trade, 4592.000, 346, S01, S02, 1
S01, Trade, 4601.286, 238, S01, S01, 1
S01, Trade, 4601.286, 238, S01, S01, 1
S01, Trade, 4601.429, 186, S00, S01, 1
S01, Trade, 4602.143, 163, S02, S01, 1
S01, Trade, 4608.286, 135, S01, S00, 1
S01, Trade, 4640.000, 101, S01, B02, 1
S01, Trade, 4671.857, 254, S01, S00, 1
S01, Trade, 4687.857, 111, S01, S00, 1
S01, Trade, 4688.857, 250, B01, S01, 1
S01, Trade, 4722.000, 94, S01, B02, 1
S01, Trade, 4758.000, 84, S01, B02, 1
S01, Trade, 4759.571, 267, S00, S01, 1
S01, Trade, 4760.857, 333, S01, P00, 1
S01, Trade, 4761.857, 223, S02, S01, 1
S01, Trade, 4776.571, 225, S01, S00, 1
S01, Trade, 4777.714, 370, B00, S01, 1
S01, Trade, 4804.429, 114, S01, B02, 1
S01, Trade, 4804.571, 132, S02, S01, 1
S01, Trade, 4850.571, 91, S01, B02, 1
S01, Trade, 4865.286, 107, S01, B01, 1
S01, Trade, 4865.857, 273, B01, S01, 1
S01, Trade, 4867.000, 353, B01, S01, 1
S01, Trade, 4868.571, 89, S01, B02, 1
S01, Trade, 4882.571, 159, P00, S01, 1
S01, Trade, 4909.143, 288, S00, S01, 1
S01, Trade, 4941.429, 118, S01, P00, 1
S01, Trade, 4980.000, 100, S01, B01, 1
S01, Trade, 4982.286, 249, S02, S01, 1
S01, Trade, 4984.857, 295, S01, B01, 1
S01, Trade, 4988.571, 341, S01, S00, 1
S02, 443
S02, Trade, 7.714, 184, S00, S02, 1
S02, Trade, 121.857, 134, S02, B02, 1
S02, Trade, 144.714, 134, S02, B02, 1
S02, Trade, 178.000, 132, S02, B01, 1
S02, Trade, 178.857, 255, S01, S02, 1
S02, Trade, 179.143, 283, B01, S02, 1
S02, Trade, 201.429, 142, S02, B02, 1
S02, Trade, 213.571, 329, S02, S00, 1
S02, Trade, 214.857, 437, S02, B01, 1
S02, Trade, 220.571, 161, S02, S02, 1
S02, Trade, 220.571, 161, S02, S02, 1
S02, Trade, 222.143, 120, B02, S02, 1
S02, Trade, 223.143, 65, B00, S02, 1
S02, Trade, 224.714, 36, S02, B00, 1
S02, Trade, 243.000, 140, S02, B02, 1
S02, Trade, 273.429, 159, B01, S02, 1
S02, Trade, 364.571, 156, S02, S01, 1
S02, Trade, 393.857, 134, S01, S02, 1
S02, Trade, 395.571, 126, S02, S01, 1
S02, Trade, 417.286, 296, S02, B01, 1
S02, Trade, 420.714, 338, S02, B01, 1
S02, Trade, 422.857, 154, S02, P00, 1
S02, Trade, 424.286, 139, S02, P00, 1
S02, Trade, 430.143, 257, B01, S02, 1
S02, Trade, 430.429, 92, B02, S02, 1
S02, Trade, 432.000, 379, S02, B02, 1
S02, Trade, 436.286, 230, B01, S02, 1
S02, Trade, 514.143, 147, S02, S01, 1
S02, Trade, 515.000, 188, S01, S02, 1
S02, Trade, 536.286, 217, S02, S01, 1
S02, Trade, 538.571, 78, S02, B00, 1
S02, Trade, 544.143, 215, S01, S02, 1
S02, Trade, 553.571, 153, B02, S02, 1
S02, Trade, 554.286, 150, B01, S02, 1
S02, Trade, 556.286, 111, S02, B02, 1
S02, Trade, 556.714, 144, B01, S02, 1
S02, Trade, 583.286, 246, S02, S00, 1
S02, Trade, 587.571, 311, S02, P00, 1
S02, Trade, 589.000, 221, S00, S02, 1
S02, Trade, 589.714, 174, S01, S02, 1
S02, Trade, 590.571, 164, B02, S02, 1
S02, Trade, 590.714, 158, S00, S02, 1
S02, Trade, 604.571, 213, S00, S02, 1
S02, Trade, 604.714, 91, B01, S02, 1
S02, Trade, 606.857, 197, P00, S02, 1
S02, Trade, 624.286, 146, B02, S02, 1
S02, Trade, 637.286, 288, S02, B01, 1
S02, Trade, 646.286, 241, S00, S02, 1
S02, Trade, 647.429, 116, S02, S00, 1
S02, Trade, 657.571, 176, S02, S01, 1
S02, Trade, 664.714, 215, S02, S00, 1
S02, Trade, 672.714, 191, S02, S02, 1
S02, Trade, 672.714, 191, S02, S02, 1
S02, Trade, 673.143, 351, B02, S02, 1
S02, Trade, 702.571, 266, S02, B01, 1
S02, Trade, 703.429, 103, B02, S02, 1
S02, Trade, 704.000, 105, S02, P00, 1
S02, Trade, 705.714, 381, S02, P00, 1
S02, Trade, 726.714, 147, S02, B02, 1
S02, Trade, 729.857, 222, S02, S01, 1
S02, Trade, 810.857, 159, S02, B00, 1
S02, Trade, 811.429, 94, B01, S02, 1
S02, Trade, 811.857, 121, S02, B01, 1
S02, Trade, 848.571, 136, S02, B01, 1
S02, Trade, 863.429, 120, S02, B00, 1
S02, Trade, 910.429, 144, S02, P00, 1
S02, Trade, 913.143, 391, S02, P00, 1
S02, Trade, 938.000, 148, S02, P00, 1
S02, Trade, 938.286, 316, B01, S02, 1
S02, Trade, 939.143, 122, B02, S02, 1
S02, Trade, 941.571, 184, S02, S01, 1
S02, Trade, 942.143, 95, S02, P00, 1
S02, Trade, 944.000, 114, B02, S02, 1
S02, Trade, 973.286, 154, S02, S00, 1
S02, Trade, 974.143, 83, S01, S02, 1
S02, Trade, 999.000, 126, S02, P00, 1
S02, Trade, 999.286, 133, S01, S02, 1
S02, Trade, 1002.857, 140, S02, P00, 1
S02, Trade, 1028.714, 55, S02, B01, 1
S02, Trade, 1029.143, 57, S02, P00, 1
S02, Trade, 1037.714, 208, S02, S00, 1
S02, Trade, 1039.571, 58, S00, S02, 1
S02, Trade, 1040.714, 239, S02, S00, 1
S02, Trade, 1060.143, 159, S02, S01, 1
S02, Trade, 1060.857, 161, S02, P00, 1
S02, Trade, 1061.571, 269, S00, S02, 1
S02, Trade, 1062.571, 129, B01, S02, 1
S02, Trade, 1063.571, 363, S02, B01, 1
S02, Trade, 1064.286, 459, S02, B01, 1
S02, Trade, 1065.143, 328, S00, S02, 1
S02, Trade, 1067.286, 252, S00, S02, 1
S02, Trade, 1068.143, 468, S02, S00, 1
S02, Trade, 1069.000, 398, S02, S00, 1
S02, Trade, 1069.286, 475, B02, S02, 1
S02, Trade, 1069.571, 335, S00, S02, 1
S02, Trade, 1075.714, 197, B01, S02, 1
S02, Trade, 1091.286, 137, S02, P00, 1
S02, Trade, 1107.571, 214, S02, S00, 1
S02, Trade, 1108.571, 192, B01, S02, 1
S02, Trade, 1109.429, 144, S02, B01, 1
S02, Trade, 1120.000, 377, S02, S01, 1
S02, Trade, 1121.143, 318, S02, S00, 1
S02, Trade, 1135.571, 288, S02, S01, 1
S02, Trade, 1149.857, 365, S01, S02, 1
S02, Trade, 1152.857, 83, S02, S01, 1
S02, Trade, 1159.571, 115, S02, S00, 1
S02, Trade, 1197.286, 127, S02, B02, 1
S02, Trade, 1242.143, 130, S02, S01, 1
S02, Trade, 1242.714, 255, S02, S01, 1
S02, Trade, 1295.000, 147, S02, S00, 1
S02, Trade, 1296.143, 202, S02, P00, 1
S02, Trade, 1320.000, 305, S02, S00, 1
S02, Trade, 1333.000, 147, S02, P00, 1
S02, Trade, 1376.000, 147, S02, S01, 1
S02, Trade, 1376.429, 243, B01, S02, 1
S02, Trade, 1382.000, 391, S02, B01, 1
S02, Trade, 1382.286, 112, P00, S02, 1
S02, Trade, 1382.571, 62, S00, S02, 1
S02, Trade, 1394.714, 199, S02, S01, 1
S02, Trade, 1396.286, 331, S00, S02, 1
S02, Trade, 1415.429, 146, S02, P00, 1
S02, Trade, 1415.714, 127, S02, S02, 1
S02, Trade, 1415.714, 127, S02, S02, 1
S02, Trade, 1452.571, 137, S02, B02, 1
S02, Trade, 1452.857, 174, S02, P00, 1
S02, Trade, 1459.857, 195, S02, S01, 1
S02, Trade, 1465.143, 138, S02, P00, 1
S02, Trade, 1512.571, 128, S02, S01, 1
S02, Trade, 1512.714, 107, S02, S00, 1
S02, Trade, 1513.000, 300, B01, S02, 1
S02, Trade, 1530.143, 307, S00, S02, 1
S02, Trade, 1542.714, 258, S02, S00, 1
S02, Trade, 1570.429, 147, S02, P00, 1
S02, Trade, 1597.571, 144, B02, S02, 1
S02, Trade, 1615.714, 227, S01, S02, 1
S02, Trade, 1618.714, 189, S02, P00, 1
S02, Trade, 1620.143, 153, S00, S02, 1
S02, Trade, 1620.714, 202, S02, P00, 1
S02, Trade, 1622.000, 336, B02, S02, 1
S02, Trade, 1664.571, 246, S00, S02, 1
S02, Trade, 1666.143, 225, B02, S02, 1
S02, Trade, 1666.429, 93, S02, B02, 1
S02, Trade, 1667.857, 381, S00, S02, 1
S02, Trade, 1669.286, 167, S02, S01, 1
S02, Trade, 1694.857, 177, B01, S02, 1
S02, Trade, 1702.000, 156, S02, P00, 1
S02, Trade, 1702.429, 254, B01, S02, 1
S02, Trade, 1718.857, 324, S02, B01, 1
S02, Trade, 1743.000, 104, S02, S00, 1
S02, Trade, 1743.714, 340, S02, B01, 1
S02, Trade, 1745.286, 186, P00, S02, 1
S02, Trade, 1756.286, 241, S02, B02, 1
S02, Trade, 1776.000, 289, S01, S02, 1
S02, Trade, 1783.143, 260, S02, S00, 1
S02, Trade, 1783.571, 59, S02, S00, 1
S02, Trade, 1783.857, 75, B01, S02, 1
S02, Trade, 1809.714, 130, S02, B02, 1
S02, Trade, 1813.429, 158, S02, S00, 1
S02, Trade, 1847.429, 179, B01, S02, 1
S02, Trade, 1850.143, 141, S02, P00, 1
S02, Trade, 1898.571, 136, S01, S02, 1
S02, Trade, 1899.000, 155, B00, S02, 1
S02, Trade, 1940.429, 126, S02, B02, 1
S02, Trade, 1942.286, 101, S02, P00, 1
S02, Trade, 1958.571, 105, S02, S01, 1
S02, Trade, 1959.286, 225, B02, S02, 1
S02, Trade, 1960.571, 178, S01, S02, 1
S02, Trade, 1967.000, 283, S02, S00, 1
S02, Trade, 2014.000, 158, S02, S00, 1
S02, Trade, 2017.000, 403, B01, S02, 1
S02, Trade, 2028.143, 354, S00, S02, 1
S02, Trade, 2030.143, 221, S02, S00, 1
S02, Trade, 2031.286, 215, B01, S02, 1
S02, Trade, 2033.714, 267, S02, P00, 1
S02, Trade, 2039.286, 228, S02, S00, 1
S02, Trade, 2039.571, 190, S00, S02, 1
S02, Trade, 2040.000, 425, S01, S02, 1
S02, Trade, 2050.286, 249, S00, S02, 1
S02, Trade, 2057.857, 178, S02, S01, 1
S02, Trade, 2059.000, 156, B02, S02, 1
S02, Trade, 2060.571, 482, S02, P00, 1
S02, Trade, 2105.143, 204, S01, S02, 1
S02, Trade, 2148.429, 141, S02, B02, 1
S02, Trade, 2150.286, 371, S00, S02, 1
S02, Trade, 2161.429, 205, B02, S02, 1
S02, Trade, 2162.143, 279, P00, S02, 1
S02, Trade, 2163.857, 295, B02, S02, 1
S02, Trade, 2165.286, 310, S02, B02, 1
S02, Trade, 2211.714, 136, S02, P00, 1
S02, Trade, 2237.143, 187, S00, S02, 1
S02, Trade, 2238.429, 220, S01, S02, 1
S02, Trade, 2264.714, 307, S01, S02, 1
S02, Trade, 2286.286, 117, S02, S01, 1
S02, Trade, 2300.429, 156, S02, S01, 1
S02, Trade, 2302.429, 191, S02, B02, 1
S02, Trade, 2305.000, 321, B02, S02, 1
S02, Trade, 2321.429, 156, S02, P00, 1
S02, Trade, 2333.143, 336, S02, B02, 1
S02, Trade, 2356.143, 107, S02, S00, 1
S02, Trade, 2357.286, 295, S02, P00, 1
S02, Trade, 2360.429, 178, S00, S02, 1
S02, Trade, 2390.857, 142, S02, B02, 1
S02, Trade, 2396.571, 374, S02, B01, 1
S02, Trade, 2415.429, 308, S02, S01, 1
S02, Trade, 2417.429, 467, S02, S00, 1
S02, Trade, 2421.429, 461, S00, S02, 1
S02, Trade, 2421.571, 261, S01, S02, 1
S02, Trade, 2421.714, 174, B00, S02, 1
S02, Trade, 2449.714, 135, B02, S02, 1
S02, Trade, 2450.571, 202, B02, S02, 1
S02, Trade, 2453.857, 198, S02, B02, 1
S02, Trade, 2460.714, 391, S02, S00, 1
S02, Trade, 2462.429, 359, S02, S00, 1
S02, Trade, 2480.286, 155, S01, S02, 1
S02, Trade, 2489.857, 244, S01, S02, 1
S02, Trade, 2493.000, 272, S02, S01, 1
S02, Trade, 2493.143, 135, B02, S02, 1
S02, Trade, 2494.857, 164, S02, S00, 1
S02, Trade, 2513.143, 150, S02, B02, 1
S02, Trade, 2554.143, 469, S01, S02, 1
S02, Trade, 2561.857, 498, S02, S01, 1
S02, Trade, 2562.143, 151, P00, S02, 1
S02, Trade, 2592.286, 488, S01, S02, 1
S02, Trade, 2592.571, 157, B02, S02, 1
S02, Trade, 2601.286, 233, S02, S00, 1
S02, Trade, 2602.571, 144, S02, P00, 1
S02, Trade, 2653.857, 394, S00, S02, 1
S02, Trade, 2657.000, 223, S02, P00, 1
S02, Trade, 2661.286, 227, S02, S01, 1
S02, Trade, 2661.429, 229, S01, S02, 1
S02, Trade, 2661.714, 200, S02, S01, 1
S02, Trade, 2688.571, 151, S00, S02, 1
S02, Trade, 2692.429, 181, S00, S02, 1
S02, Trade, 2693.000, 159, B02, S02, 1
S02, Trade, 2695.571, 189, B02, S02, 1
S02, Trade, 2696.286, 104, B01, S02, 1
S02, Trade, 2757.143, 120, S02, B02, 1
S02, Trade, 2758.143, 123, S02, B02, 1
S02, Trade, 2759.143, 186, S02, P00, 1
S02, Trade, 2799.857, 253, B02, S02, 1
S02, Trade, 2800.429, 382, B01, S02, 1
S02, Trade, 2814.286, 144, S02, P00, 1
S02, Trade, 2841.714, 68, S02, S00, 1
S02, Trade, 2842.000, 79, B02, S02, 1
S02, Trade, 2844.714, 146, S02, P00, 1
S02, Trade, 2846.714, 193, S00, S02, 1
S02, Trade, 2848.000, 287, S02, P00, 1
S02, Trade, 2865.286, 266, S02, S00, 1
S02, Trade, 2879.857, 154, B02, S02, 1
S02, Trade, 2882.571, 81, S02, S01, 1
S02, Trade, 2883.857, 343, S02, P00, 1
S02, Trade, 2889.143, 189, S02, S00, 1
S02, Trade, 2889.286, 301, S01, S02, 1
S02, Trade, 2890.286, 270, S02, S00, 1
S02, Trade, 2891.429, 253, S02, S00, 1
S02, Trade, 2917.857, 185, S01, S02, 1
S02, Trade, 2918.286, 189, B01, S02, 1
S02, Trade, 2919.000, 242, S00, S02, 1
S02, Trade, 2958.429, 154, S02, B02, 1
S02, Trade, 2959.286, 158, S02, B02, 1
S02, Trade, 3041.714, 141, S02, B00, 1
S02, Trade, 3042.286, 177, S01, S02, 1
S02, Trade, 3096.857, 140, S02, S01, 1
S02, Trade, 3113.429, 114, S02, S00, 1
S02, Trade, 3115.000, 210, B00, S02, 1
S02, Trade, 3117.714, 91, B01, S02, 1
S02, Trade, 3119.143, 300, B00, S02, 1
S02, Trade, 3121.000, 64, S02, B01, 1
S02, Trade, 3130.286, 163, B01, S02, 1
S02, Trade, 3136.714, 299, S02, B00, 1
S02, Trade, 3152.286, 160, S02, P00, 1
S02, Trade, 3153.286, 262, B02, S02, 1
S02, Trade, 3156.857, 110, S01, S02, 1
S02, Trade, 3157.000, 246, B02, S02, 1
S02, Trade, 3157.429, 91, S01, S02, 1
S02, Trade, 3204.429, 128, B02, S02, 1
S02, Trade, 3205.000, 104, S01, S02, 1
S02, Trade, 3226.714, 129, S02, P00, 1
S02, Trade, 3234.286, 130, S02, S01, 1
S02, Trade, 3236.571, 367, S02, S01, 1
S02, Trade, 3238.857, 329, B02, S02, 1
S02, Trade, 3247.143, 235, S02, S00, 1
S02, Trade, 3249.571, 100, S01, S02, 1
S02, Trade, 3263.857, 242, S02, S01, 1
S02, Trade, 3287.000, 191, S02, S00, 1
S02, Trade, 3288.286, 128, S02, S00, 1
S02, Trade, 3320.143, 141, S02, P00, 1
S02, Trade, 3326.000, 245, S02, B02, 1
S02, Trade, 3326.571, 339, S02, P00, 1
S02, Trade, 3329.571, 293, S02, S01, 1
S02, Trade, 3352.571, 149, B02, S02, 1
S02, Trade, 3353.286, 145, S01, S02, 1
S02, Trade, 3356.857, 359, S02, S00, 1
S02, Trade, 3363.000, 315, S01, S02, 1
S02, Trade, 3365.571, 307, S02, B00, 1
S02, Trade, 3365.857, 125, B02, S02, 1
S02, Trade, 3439.571, 125, S02, S00, 1
S02, Trade, 3474.714, 143, S02, B02, 1
S02, Trade, 3475.714, 142, S02, B02, 1
S02, Trade, 3476.286, 75, S02, B02, 1
S02, Trade, 3481.143, 59, S02, S00, 1
S02, Trade, 3481.857, 291, S02, P00, 1
S02, Trade, 3482.571, 55, S02, P00, 1
S02, Trade, 3489.286, 124, S02, B02, 1
S02, Trade, 3511.714, 121, B02, S02, 1
S02, Trade, 3512.143, 150, B02, S02, 1
S02, Trade, 3547.714, 120, S02, B01, 1
S02, Trade, 3549.429, 320, S02, S01, 1
S02, Trade, 3598.286, 159, B02, S02, 1
S02, Trade, 3599.429, 195, S02, B02, 1
S02, Trade, 3630.429, 159, S02, B02, 1
S02, Trade, 3637.000, 125, S02, P00, 1
S02, Trade, 3637.429, 183, S02, P00, 1
S02, Trade, 3638.286, 115, B01, S02, 1
S02, Trade, 3640.000, 103, S02, P00, 1
S02, Trade, 3666.000, 123, S02, S01, 1
S02, Trade, 3669.000, 255, B02, S02, 1
S02, Trade, 3672.286, 377, S00, S02, 1
S02, Trade, 3677.000, 382, S02, S00, 1
S02, Trade, 3679.857, 63, S02, B01, 1
S02, Trade, 3685.714, 125, S02, B02, 1
S02, Trade, 3686.571, 261, B01, S02, 1
S02, Trade, 3688.286, 242, B01, S02, 1
S02, Trade, 3690.000, 108, S00, S02, 1
S02, Trade, 3710.000, 156, S02, P00, 1
S02, Trade, 3746.429, 129, S02, B01, 1
S02, Trade, 3766.143, 290, S02, S00, 1
S02, Trade, 3771.143, 199, S02, S01, 1
S02, Trade, 3777.000, 147, S02, P00, 1
S02, Trade, 3817.286, 152, S02, S00, 1
S02, Trade, 3818.429, 54, S02, B00, 1
S02, Trade, 3834.714, 153, B00, S02, 1
S02, Trade, 3864.857, 150, S02, P00, 1
S02, Trade, 3891.429, 184, S00, S02, 1
S02, Trade, 3892.000, 144, B02, S02, 1
S02, Trade, 3896.857, 111, S02, S01, 1
S02, Trade, 3897.000, 107, B02, S02, 1
S02, Trade, 3897.143, 303, B02, S02, 1
S02, Trade, 3923.857, 389, S02, S01, 1
S02, Trade, 3928.143, 123, S02, S01, 1
S02, Trade, 3928.429, 162, S02, P00, 1
S02, Trade, 3929.143, 441, S02, B02, 1
S02, Trade, 3957.143, 52, S02, S01, 1
S02, Trade, 3958.571, 332, S00, S02, 1
S02, Trade, 3960.000, 145, S02, B02, 1
S02, Trade, 3960.571, 200, S02, P00, 1
S02, Trade, 3961.286, 236, S02, S00, 1
S02, Trade, 3962.571, 268, S00, S02, 1
S02, Trade, 3986.857, 243, S00, S02, 1
S02, Trade, 4010.714, 228, S02, S00, 1
S02, Trade, 4011.571, 437, B01, S02, 1
S02, Trade, 4011.857, 461, B02, S02, 1
S02, Trade, 4017.143, 143, S02, P00, 1
S02, Trade, 4018.286, 94, S01, S02, 1
S02, Trade, 4032.714, 233, S02, S02, 1
S02, Trade, 4032.714, 233, S02, S02, 1
S02, Trade, 4074.714, 145, S02, B02, 1
S02, Trade, 4110.429, 158, B02, S02, 1
S02, Trade, 4110.857, 137, S02, P00, 1
S02, Trade, 4112.429, 328, S02, B01, 1
S02, Trade, 4113.000, 81, B02, S02, 1
S02, Trade, 4114.000, 357, B02, S02, 1
S02, Trade, 4114.714, 295, B01, S02, 1
S02, Trade, 4138.429, 220, S01, S02, 1
S02, Trade, 4140.571, 109, S02, P00, 1
S02, Trade, 4168.143, 108, S02, S00, 1
S02, Trade, 4168.571, 136, S02, S01, 1
S02, Trade, 4199.000, 156, S02, S01, 1
S02, Trade, 4202.000, 299, S02, P00, 1
S02, Trade, 4214.714, 154, S02, B02, 1
S02, Trade, 4231.571, 132, S02, S01, 1
S02, Trade, 4236.143, 281, S02, S00, 1
S02, Trade, 4238.571, 247, B01, S02, 1
S02, Trade, 4240.143, 339, B02, S02, 1
S02, Trade, 4240.429, 115, S00, S02, 1
S02, Trade, 4240.857, 121, S00, S02, 1
S02, Trade, 4241.286, 175, B02, S02, 1
S02, Trade, 4242.571, 269, S02, P00, 1
S02, Trade, 4244.143, 347, B02, S02, 1
S02, Trade, 4249.429, 334, S00, S02, 1
S02, Trade, 4259.714, 445, S02, S01, 1
S02, Trade, 4260.286, 222, B00, S02, 1
S02, Trade, 4260.571, 218, S02, B00, 1
S02, Trade, 4262.714, 331, S01, S02, 1
S02, Trade, 4263.571, 362, S02, S00, 1
S02, Trade, 4282.571, 303, S02, S02, 1
S02, Trade, 4282.571, 303, S02, S02, 1
S02, Trade, 4307.857, 138, S02, P00, 1
S02, Trade, 4349.857, 199, S01, S02, 1
S02, Trade, 4427.857, 147, S02, S01, 1
S02, Trade, 4432.429, 263, S02, S02, 1
S02, Trade, 4432.429, 263, S02, S02, 1
S02, Trade, 4432.857, 286, B01, S02, 1
S02, Trade, 4440.714, 158, S02, S00, 1
S02, Trade, 4442.429, 278, S00, S02, 1
S02, Trade, 4460.571, 257, S01, S02, 1
S02, Trade, 4472.143, 284, S01, S02, 1
S02, Trade, 4473.571, 107, S02, S00, 1
S02, Trade, 4474.000, 212, S02, B02, 1
S02, Trade, 4475.714, 418, S02, S00, 1
S02, Trade, 4478.429, 413, B02, S02, 1
S02, Trade, 4491.714, 162, S02, S00, 1
S02, Trade, 4514.143, 125, B02, S02, 1
S02, Trade, 4529.857, 141, S02, S01, 1
S02, Trade, 4531.429, 145, S02, S00, 1
S02, Trade, 4541.714, 164, B02, S02, 1
S02, Trade, 4592.000, 346, S01, S02, 1
S02, Trade, 4602.143, 163, S02, S01, 1
S02, Trade, 4609.143, 397, S02, S00, 1
S02, Trade, 4611.000, 197, S02, S00, 1
S02, Trade, 4611.143, 89, B01, S02, 1
S02, Trade, 4611.714, 187, S02, P00, 1
S02, Trade, 4611.857, 77, B00, S02, 1
S02, Trade, 4622.286, 131, B02, S02, 1
S02, Trade, 4671.143, 144, B01, S02, 1
S02, Trade, 4671.571, 188, S00, S02, 1
S02, Trade, 4688.286, 178, S02, S00, 1
S02, Trade, 4689.286, 126, S02, S00, 1
S02, Trade, 4705.857, 124, S02, B02, 1
S02, Trade, 4712.286, 112, S02, S00, 1
S02, Trade, 4745.571, 145, S02, S00, 1
S02, Trade, 4746.000, 320, B02, S02, 1
S02, Trade, 4748.714, 120, S02, S00, 1
S02, Trade, 4759.429, 158, S02, B02, 1
S02, Trade, 4761.857, 223, S02, S01, 1
S02, Trade, 4778.000, 81, S02, S00, 1
S02, Trade, 4804.571, 132, S02, S01, 1
S02, Trade, 4865.429, 122, S02, B01, 1
S02, Trade, 4866.000, 349, B02, S02, 1
S02, Trade, 4870.857, 401, B00, S02, 1
S02, Trade, 4872.857, 122, S02, B00, 1
S02, Trade, 4874.286, 158, B00, S02, 1
S02, Trade, 4908.714, 144, S02, B02, 1
S02, Trade, 4912.857, 243, S02, B01, 1
S02, Trade, 4925.714, 133, S02, P00, 1
S02, Trade, 4956.714, 147, S02, P00, 1
S02, Trade, 4957.429, 84, B01, S02, 1
S02, Trade, 4968.000, 153, S02, S02, 1
S02, Trade, 4968.000, 153, S02, S02, 1
S02, Trade, 4982.286, 249, S02, S01, 1
S02, Trade, 4983.143, 374, B00, S02, 1
S02, Trade, 4984.000, 279, B00, S02, 1
S02, Trade, 4985.000, 204, S02, P00, 1
P00, 216
P00, Trade, 300.143, 41, B00, P00, 1
P00, Trade, 334.429, 74, B00, P00, 1
P00, Trade, 398.000, 77, S00, P00, 1
P00, Trade, 402.143, 102, B01, P00, 1
P00, Trade, 415.857, 79, S00, P00, 1
P00, Trade, 420.000, 129, B02, P00, 1
P00, Trade, 421.714, 137, B02, P00, 1
P00, Trade, 422.857, 154, S02, P00, 1
P00, Trade, 424.286, 139, S02, P00, 1
P00, Trade, 424.857, 386, B01, P00, 1
P00, Trade, 432.571, 185, B02, P00, 1
P00, Trade, 514.429, 199, B02, P00, 1
P00, Trade, 532.286, 104, S01, P00, 1
P00, Trade, 538.000, 150, B02, P00, 1
P00, Trade, 562.571, 145, P00, S01, 1
P00, Trade, 587.571, 311, S02, P00, 1
P00, Trade, 591.857, 190, B02, P00, 1
P00, Trade, 606.857, 197, P00, S02, 1
P00, Trade, 704.000, 105, S02, P00, 1
P00, Trade, 705.714, 381, S02, P00, 1
P00, Trade, 724.857, 118, S01, P00, 1
P00, Trade, 730.429, 149, B02, P00, 1
P00, Trade, 759.286, 120, B02, P00, 1
P00, Trade, 865.429, 130, B00, P00, 1
P00, Trade, 910.429, 144, S02, P00, 1
P00, Trade, 913.143, 391, S02, P00, 1
P00, Trade, 938.000, 148, S02, P00, 1
P00, Trade, 941.143, 306, B02, P00, 1
P00, Trade, 942.143, 95, S02, P00, 1
P00, Trade, 960.286, 194, S00, P00, 1
P00, Trade, 999.000, 126, S02, P00, 1
P00, Trade, 1002.857, 140, S02, P00, 1
P00, Trade, 1029.143, 57, S02, P00, 1
P00, Trade, 1060.857, 161, S02, P00, 1
P00, Trade, 1066.143, 171, S00, P00, 1
P00, Trade, 1067.857, 178, P00, S00, 1
P00, Trade, 1071.143, 224, S00, P00, 1
P00, Trade, 1074.286, 291, S00, P00, 1
P00, Trade, 1091.286, 137, S02, P00, 1
P00, Trade, 1110.143, 296, B01, P00, 1
P00, Trade, 1151.286, 180, B02, P00, 1
P00, Trade, 1296.143, 202, S02, P00, 1
P00, Trade, 1333.000, 147, S02, P00, 1
P00, Trade, 1379.000, 191, B01, P00, 1
P00, Trade, 1382.286, 112, P00, S02, 1
P00, Trade, 1393.857, 155, B02, P00, 1
P00, Trade, 1415.429, 146, S02, P00, 1
P00, Trade, 1452.857, 174, S02, P00, 1
P00, Trade, 1465.143, 138, S02, P00, 1
P00, Trade, 1507.857, 189, S01, P00, 1
P00, Trade, 1543.714, 129, P00, S00, 1
P00, Trade, 1568.429, 361, B02, P00, 1
P00, Trade, 1570.429, 147, S02, P00, 1
P00, Trade, 1578.714, 327, B01, P00, 1
P00, Trade, 1580.857, 205, B01, P00, 1
P00, Trade, 1585.714, 247, S00, P00, 1
P00, Trade, 1618.714, 189, S02, P00, 1
P00, Trade, 1620.714, 202, S02, P00, 1
P00, Trade, 1665.857, 192, S00, P00, 1
P00, Trade, 1670.143, 199, P00, S01, 1
P00, Trade, 1702.000, 156, S02, P00, 1
P00, Trade, 1718.000, 309, B01, P00, 1
P00, Trade, 1727.429, 179, B02, P00, 1
P00, Trade, 1745.286, 186, P00, S02, 1
P00, Trade, 1778.143, 192, S01, P00, 1
P00, Trade, 1784.143, 308, S01, P00, 1
P00, Trade, 1786.143, 118, S01, P00, 1
P00, Trade, 1814.000, 316, S00, P00, 1
P00, Trade, 1834.000, 224, S00, P00, 1
P00, Trade, 1834.571, 299, S00, P00, 1
P00, Trade, 1850.143, 141, S02, P00, 1
P00, Trade, 1908.571, 148, P00, B00, 1
P00, Trade, 1910.857, 65, B00, P00, 1
P00, Trade, 1942.286, 101, S02, P00, 1
P00, Trade, 1969.571, 58, S00, P00, 1
P00, Trade, 1980.286, 83, B01, P00, 1
P00, Trade, 1980.857, 144, S00, P00, 1
P00, Trade, 1982.143, 175, B01, P00, 1
P00, Trade, 2033.714, 267, S02, P00, 1
P00, Trade, 2060.571, 482, S02, P00, 1
P00, Trade, 2106.286, 272, S01, P00, 1
P00, Trade, 2162.143, 279, P00, S02, 1
P00, Trade, 2167.000, 102, B02, P00, 1
P00, Trade, 2179.000, 156, B02, P00, 1
P00, Trade, 2180.000, 111, B02, P00, 1
P00, Trade, 2210.143, 118, P00, B01, 1
P00, Trade, 2211.714, 136, S02, P00, 1
P00, Trade, 2212.143, 367, B02, P00, 1
P00, Trade, 2269.000, 128, S00, P00, 1
P00, Trade, 2293.571, 228, S00, P00, 1
P00, Trade, 2321.429, 156, S02, P00, 1
P00, Trade, 2357.286, 295, S02, P00, 1
P00, Trade, 2361.286, 113, S01, P00, 1
P00, Trade, 2396.000, 174, B02, P00, 1
P00, Trade, 2422.571, 158, P00, S01, 1
P00, Trade, 2451.857, 165, P00, B02, 1
P00, Trade, 2562.143, 151, P00, S02, 1
P00, Trade, 2564.571, 337, S01, P00, 1
P00, Trade, 2568.143, 287, S01, P00, 1
P00, Trade, 2572.143, 456, S01, P00, 1
P00, Trade, 2602.571, 144, S02, P00, 1
P00, Trade, 2603.000, 366, S00, P00, 1
P00, Trade, 2604.429, 188, S00, P00, 1
P00, Trade, 2610.143, 215, S01, P00, 1
P00, Trade, 2657.000, 223, S02, P00, 1
P00, Trade, 2664.143, 252, S00, P00, 1
P00, Trade, 2693.286, 172, S00, P00, 1
P00, Trade, 2759.143, 186, S02, P00, 1
P00, Trade, 2760.000, 107, S01, P00, 1
P00, Trade, 2796.429, 349, S00, P00, 1
P00, Trade, 2814.286, 144, S02, P00, 1
P00, Trade, 2841.143, 153, B02, P00, 1
P00, Trade, 2844.714, 146, S02, P00, 1
P00, Trade, 2848.000, 287, S02, P00, 1
P00, Trade, 2872.714, 178, P00, S01, 1
P00, Trade, 2883.857, 343, S02, P00, 1
P00, Trade, 2892.714, 271, P00, S00, 1
P00, Trade, 3137.000, 375, S00, P00, 1
P00, Trade, 3144.714, 157, P00, S01, 1
P00, Trade, 3145.714, 254, S00, P00, 1
P00, Trade, 3152.286, 160, S02, P00, 1
P00, Trade, 3159.143, 206, S01, P00, 1
P00, Trade, 3226.714, 129, S02, P00, 1
P00, Trade, 3235.571, 191, B02, P00, 1
P00, Trade, 3252.000, 281, S00, P00, 1
P00, Trade, 3296.143, 305, B01, P00, 1
P00, Trade, 3320.143, 141, S02, P00, 1
P00, Trade, 3326.571, 339, S02, P00, 1
P00, Trade, 3367.857, 250, B00, P00, 1
P00, Trade, 3481.857, 291, S02, P00, 1
P00, Trade, 3482.571, 55, S02, P00, 1
P00, Trade, 3489.857, 98, B02, P00, 1
P00, Trade, 3539.857, 132, S00, P00, 1
P00, Trade, 3552.286, 365, S01, P00, 1
P00, Trade, 3576.571, 283, B01, P00, 1
P00, Trade, 3577.571, 461, B01, P00, 1
P00, Trade, 3588.429, 189, S00, P00, 1
P00, Trade, 3598.857, 205, B02, P00, 1
P00, Trade, 3620.429, 102, S01, P00, 1
P00, Trade, 3626.571, 120, B02, P00, 1
P00, Trade, 3637.000, 125, S02, P00, 1
P00, Trade, 3637.429, 183, S02, P00, 1
P00, Trade, 3640.000, 103, S02, P00, 1
P00, Trade, 3642.143, 171, B01, P00, 1
P00, Trade, 3688.714, 126, P00, B01, 1
P00, Trade, 3695.571, 148, B02, P00, 1
P00, Trade, 3710.000, 156, S02, P00, 1
P00, Trade, 3743.571, 334, S00, P00, 1
P00, Trade, 3777.000, 147, S02, P00, 1
P00, Trade, 3780.714, 177, B01, P00, 1
P00, Trade, 3789.143, 59, B02, P00, 1
P00, Trade, 3803.429, 126, B02, P00, 1
P00, Trade, 3864.857, 150, S02, P00, 1
P00, Trade, 3869.000, 157, P00, B02, 1
P00, Trade, 3926.286, 143, S01, P00, 1
P00, Trade, 3926.857, 342, B02, P00, 1
P00, Trade, 3928.429, 162, S02, P00, 1
P00, Trade, 3930.143, 362, B01, P00, 1
P00, Trade, 3950.286, 89, B02, P00, 1
P00, Trade, 3952.000, 148, B02, P00, 1
P00, Trade, 3958.286, 117, S01, P00, 1
P00, Trade, 3960.571, 200, S02, P00, 1
P00, Trade, 4014.857, 98, B02, P00, 1
P00, Trade, 4016.429, 239, B01, P00, 1
P00, Trade, 4017.143, 143, S02, P00, 1
P00, Trade, 4020.429, 308, S01, P00, 1
P00, Trade, 4068.571, 126, S00, P00, 1
P00, Trade, 4073.571, 159, B02, P00, 1
P00, Trade, 4076.286, 141, B02, P00, 1
P00, Trade, 4077.429, 162, B01, P00, 1
P00, Trade, 4110.857, 137, S02, P00, 1
P00, Trade, 4112.000, 304, B01, P00, 1
P00, Trade, 4115.000, 179, B01, P00, 1
P00, Trade, 4135.286, 294, S00, P00, 1
P00, Trade, 4140.571, 109, S02, P00, 1
P00, Trade, 4179.429, 132, B02, P00, 1
P00, Trade, 4201.286, 32, B01, P00, 1
P00, Trade, 4202.000, 299, S02, P00, 1
P00, Trade, 4205.000, 163, B00, P00, 1
P00, Trade, 4233.429, 324, B00, P00, 1
P00, Trade, 4241.857, 176, P00, B00, 1
P00, Trade, 4242.571, 269, S02, P00, 1
P00, Trade, 4307.857, 138, S02, P00, 1
P00, Trade, 4308.429, 148, B01, P00, 1
P00, Trade, 4322.000, 111, P00, B02, 1
P00, Trade, 4337.000, 212, B01, P00, 1
P00, Trade, 4371.000, 51, B02, P00, 1
P00, Trade, 4373.429, 70, B02, P00, 1
P00, Trade, 4377.143, 91, S01, P00, 1
P00, Trade, 4381.143, 117, B01, P00, 1
P00, Trade, 4381.714, 90, B01, P00, 1
P00, Trade, 4410.857, 98, B01, P00, 1
P00, Trade, 4412.429, 66, S00, P00, 1
P00, Trade, 4414.429, 90, B01, P00, 1
P00, Trade, 4480.286, 262, B02, P00, 1
P00, Trade, 4535.286, 275, B01, P00, 1
P00, Trade, 4545.000, 180, S01, P00, 1
P00, Trade, 4548.143, 187, P00, S01, 1
P00, Trade, 4605.286, 179, S00, P00, 1
P00, Trade, 4608.000, 253, S00, P00, 1
P00, Trade, 4611.714, 187, S02, P00, 1
P00, Trade, 4760.857, 333, S01, P00, 1
P00, Trade, 4777.286, 210, B01, P00, 1
P00, Trade, 4867.286, 391, S00, P00, 1
P00, Trade, 4869.143, 186, B02, P00, 1
P00, Trade, 4873.143, 193, P00, B00, 1
P00, Trade, 4882.571, 159, P00, S01, 1
P00, Trade, 4912.000, 166, P00, B01, 1
P00, Trade, 4925.714, 133, S02, P00, 1
P00, Trade, 4938.143, 315, S00, P00, 1
P00, Trade, 4941.429, 118, S01, P00, 1
P00, Trade, 4956.143, 142, B02, P00, 1
P00, Trade, 4956.714, 147, S02, P00, 1
P00, Trade, 4958.143, 372, B01, P00, 1
P00, Trade, 4981.571, 101, P00, B01, 1
P00, Trade, 4985.000, 204, S02, P00, 1
